Employee_ID,First_Name,Last_Name,Gender,Age,Department,Job_Role,Location,Education,Employment_Type,Work_Mode,Date_Joined,Years_At_Company,Annual_Salary_INR,Performance_Rating,Job_Satisfaction,Job_Satisfaction_Label,Engagement_Score,Overtime,Business_Travel,Training_Hours,Promotions_Last_5Y,Manager_Tenure_Years,Remote_Work_Days_Per_Month,Attrition,Age_Group,Salary_Band,Tenure_Band
EMP10001,Ananya,Nair,Female,34,Sales,Sales Executive,Hyderabad,Bachelor's,Full-Time,Onsite,2019-01-26,7.6,55300,Meets Expectations,1,Very Dissatisfied,2,Yes,Rarely,32,0,11.9,22,Yes,26-35,50K-75K,5-10 Years
EMP10002,Sanjay,Reddy,Female,29,Operations,Operations Executive,Ahmedabad,Master's,Full-Time,Hybrid,2015-09-02,11.0,42100,Exceeds Expectations,2,Dissatisfied,4,Yes,Frequently,5,2,3.7,14,No,26-35,<50K,10+ Years
EMP10003,Priya,Kumar,Male,41,Marketing,Marketing Manager,Bengaluru,Bachelor's,Contract,Onsite,2023-09-02,3.0,59300,Meets Expectations,4,Satisfied,4,Yes,None,12,3,11.0,0,No,36-45,50K-75K,1-3 Years
EMP10004,Neha,Reddy,Male,47,Human Resources,Recruiter,Ahmedabad,Bachelor's,Full-Time,Hybrid,2019-11-14,6.8,82700,Exceeds Expectations,3,Neutral,5,No,None,5,2,10.8,2,No,46-55,75K-100K,5-10 Years
EMP10005,Vihaan,Nair,Male,31,Human Resources,HR Manager,Chennai,Master's,Full-Time,Hybrid,2018-07-27,8.1,66900,Meets Expectations,1,Very Dissatisfied,1,No,Rarely,18,3,10.3,15,No,26-35,50K-75K,5-10 Years
EMP10006,Isha,Gupta,Female,51,Customer Support,Team Lead,Bengaluru,MBA,Full-Time,Hybrid,2015-07-27,11.1,38900,Needs Improvement,5,Very Satisfied,5,No,None,12,1,2.1,14,No,46-55,<50K,10+ Years
EMP10007,Rohit,Iyer,Female,46,Sales,Account Manager,Hyderabad,Bachelor's,Contract,Onsite,2012-03-02,14.5,53600,Needs Improvement,1,Very Dissatisfied,3,No,Rarely,33,0,8.0,8,No,46-55,50K-75K,10+ Years
EMP10008,Rahul,Nair,Female,27,Marketing,Content Specialist,Ahmedabad,Bachelor's,Full-Time,Hybrid,2013-11-13,12.8,93300,Meets Expectations,1,Very Dissatisfied,4,Yes,Rarely,31,1,4.7,14,No,26-35,75K-100K,10+ Years
EMP10009,Ananya,Joshi,Male,58,Technology,BI Analyst,Delhi NCR,Bachelor's,Contract,Onsite,2017-04-08,9.4,88800,Exceeds Expectations,2,Dissatisfied,4,No,Rarely,36,2,5.8,8,No,56+,75K-100K,5-10 Years
EMP10010,Divya,Das,Male,22,Sales,Account Manager,Chennai,MBA,Full-Time,Onsite,2017-11-13,8.8,59700,Meets Expectations,1,Very Dissatisfied,3,No,None,16,3,2.0,10,No,21-25,50K-75K,5-10 Years
EMP10011,Isha,Gupta,Male,47,Human Resources,HR Manager,Ahmedabad,Bachelor's,Contract,Onsite,2017-07-27,9.1,49700,Meets Expectations,3,Neutral,3,No,None,21,1,11.7,4,No,46-55,<50K,5-10 Years
EMP10012,Sanjay,Verma,Female,38,Customer Support,Support Executive,Kolkata,Master's,Full-Time,Remote,2018-05-15,8.3,44000,Meets Expectations,3,Neutral,5,No,Frequently,35,0,3.3,22,No,36-45,<50K,5-10 Years
EMP10013,Priya,Reddy,Non-Binary,47,Operations,Operations Manager,Bengaluru,Bachelor's,Full-Time,Onsite,2025-07-27,1.1,74200,Outstanding,5,Very Satisfied,3,Yes,None,29,2,10.3,14,No,46-55,50K-75K,1-3 Years
EMP10014,Ananya,Gupta,Male,51,Operations,Process Associate,Mumbai,Bachelor's,Contract,Hybrid,2016-03-02,10.5,72900,Meets Expectations,1,Very Dissatisfied,5,No,None,38,1,0.9,6,Yes,46-55,50K-75K,10+ Years
EMP10015,Kavya,Verma,Male,48,Operations,Operations Manager,Delhi NCR,MBA,Full-Time,Onsite,2015-11-14,10.8,57100,Outstanding,2,Dissatisfied,4,No,None,40,3,9.5,15,No,46-55,50K-75K,10+ Years
EMP10016,Pooja,Iyer,Female,47,Operations,Process Associate,Delhi NCR,Bachelor's,Full-Time,Hybrid,2018-11-14,7.8,77700,Meets Expectations,4,Satisfied,4,No,None,3,1,9.6,13,No,46-55,75K-100K,5-10 Years
EMP10017,Aditya,Joshi,Male,54,Human Resources,HR Executive,Mumbai,Bachelor's,Full-Time,Onsite,2013-07-27,13.1,61200,Meets Expectations,4,Satisfied,3,No,None,9,2,3.3,6,No,46-55,50K-75K,10+ Years
EMP10018,Nikhil,Singh,Female,49,Sales,Sales Manager,Pune,MBA,Full-Time,Onsite,2016-06-20,10.2,79500,Meets Expectations,2,Dissatisfied,2,No,None,29,3,6.9,2,No,46-55,75K-100K,10+ Years
EMP10019,Priya,Kumar,Female,53,Operations,Process Associate,Bengaluru,Bachelor's,Full-Time,Remote,2021-01-25,5.6,38900,Exceeds Expectations,5,Very Satisfied,4,No,Rarely,4,2,3.7,15,No,46-55,<50K,5-10 Years
EMP10020,Aisha,Kumar,Female,37,Human Resources,Recruiter,Bengaluru,Bachelor's,Full-Time,Remote,2026-03-03,0.5,59500,Exceeds Expectations,5,Very Satisfied,2,Yes,Rarely,3,1,2.7,8,Yes,36-45,50K-75K,<1 Year
EMP10021,Vihaan,Rao,Female,29,Human Resources,HR Manager,Chennai,Bachelor's,Full-Time,Onsite,2025-07-27,1.1,85100,Outstanding,4,Satisfied,4,Yes,Frequently,5,1,7.5,5,No,26-35,75K-100K,1-3 Years
EMP10022,Priya,Iyer,Male,30,Finance,Accountant,Mumbai,Diploma,Full-Time,Hybrid,2021-04-08,5.4,101500,Meets Expectations,4,Satisfied,4,No,Frequently,2,0,8.8,6,No,26-35,100K-150K,5-10 Years
EMP10023,Aisha,Joshi,Male,45,Technology,BI Analyst,Ahmedabad,MBA,Full-Time,Remote,2019-09-02,7.0,111600,Outstanding,3,Neutral,3,Yes,None,27,0,8.6,3,Yes,36-45,100K-150K,5-10 Years
EMP10024,Aditya,Iyer,Female,42,Customer Support,Customer Success Specialist,Bengaluru,Master's,Contract,Remote,2023-12-20,2.7,58200,Needs Improvement,3,Neutral,5,No,None,11,0,10.1,16,No,36-45,50K-75K,1-3 Years
EMP10025,Arjun,Kumar,Male,24,Operations,Process Associate,Chennai,MBA,Contract,Onsite,2023-09-02,3.0,74200,Needs Improvement,3,Neutral,1,No,Frequently,38,0,8.6,21,No,21-25,50K-75K,1-3 Years
EMP10026,Aarav,Sharma,Male,29,Marketing,Marketing Executive,Mumbai,Bachelor's,Contract,Hybrid,2023-01-26,3.6,80400,Outstanding,5,Very Satisfied,2,No,None,4,0,4.7,17,No,26-35,75K-100K,3-5 Years
EMP10027,Pooja,Nair,Female,59,Finance,Accountant,Chennai,Master's,Full-Time,Onsite,2014-11-14,11.8,63600,Meets Expectations,1,Very Dissatisfied,2,Yes,None,18,2,11.8,5,No,56+,50K-75K,10+ Years
EMP10028,Meera,Singh,Male,50,Operations,Operations Executive,Hyderabad,Master's,Full-Time,Hybrid,2015-01-26,11.6,58500,Needs Improvement,1,Very Dissatisfied,5,Yes,None,27,2,11.5,19,Yes,46-55,50K-75K,10+ Years
EMP10029,Sanjay,Rao,Female,51,Human Resources,Recruiter,Delhi NCR,Bachelor's,Full-Time,Hybrid,2020-10-08,5.9,75300,Needs Improvement,3,Neutral,3,No,Rarely,14,3,5.5,11,No,46-55,75K-100K,5-10 Years
EMP10030,Pooja,Nair,Female,28,Human Resources,HR Executive,Bengaluru,Master's,Full-Time,Hybrid,2023-11-14,2.8,71600,Meets Expectations,3,Neutral,2,No,None,29,2,11.7,5,No,26-35,50K-75K,1-3 Years
EMP10031,Priya,Iyer,Male,23,Human Resources,HR Analyst,Delhi NCR,Bachelor's,Contract,Remote,2024-11-13,1.8,86600,Meets Expectations,1,Very Dissatisfied,5,Yes,None,34,1,11.8,9,Yes,21-25,75K-100K,1-3 Years
EMP10032,Divya,Kumar,Male,32,Technology,IT Support Specialist,Pune,Master's,Full-Time,Onsite,2025-03-03,1.5,91800,Outstanding,4,Satisfied,3,No,None,26,0,9.0,14,No,26-35,75K-100K,1-3 Years
EMP10033,Aditya,Gupta,Male,55,Sales,Account Manager,Delhi NCR,Diploma,Full-Time,Onsite,2020-09-01,6.0,47300,Outstanding,1,Very Dissatisfied,2,No,Rarely,24,0,9.7,15,Yes,46-55,<50K,5-10 Years
EMP10034,Kavya,Sharma,Male,41,Human Resources,HR Executive,Bengaluru,Bachelor's,Contract,Hybrid,2025-10-08,0.9,52800,Meets Expectations,2,Dissatisfied,5,No,None,23,0,1.5,11,No,36-45,50K-75K,<1 Year
EMP10035,Neha,Verma,Male,52,Customer Support,Support Executive,Mumbai,Bachelor's,Full-Time,Hybrid,2021-07-27,5.1,65000,Exceeds Expectations,3,Neutral,1,No,Rarely,40,2,3.4,10,No,46-55,50K-75K,5-10 Years
EMP10036,Sneha,Sharma,Female,40,Sales,Sales Executive,Hyderabad,MBA,Full-Time,Hybrid,2012-04-08,14.4,39400,Meets Expectations,1,Very Dissatisfied,5,No,None,32,3,1.6,12,No,36-45,<50K,10+ Years
EMP10037,Sanjay,Das,Female,40,Customer Support,Team Lead,Pune,Master's,Contract,Hybrid,2018-12-20,7.7,65900,Needs Improvement,4,Satisfied,1,No,None,2,1,2.0,17,No,36-45,50K-75K,5-10 Years
EMP10038,Rahul,Verma,Male,45,Operations,Operations Manager,Kolkata,Bachelor's,Full-Time,Hybrid,2014-04-08,12.4,40000,Exceeds Expectations,3,Neutral,3,Yes,None,31,2,9.4,5,Yes,36-45,<50K,10+ Years
EMP10039,Arjun,Patel,Female,59,Technology,IT Support Specialist,Pune,Bachelor's,Full-Time,Hybrid,2024-07-26,2.1,86000,Meets Expectations,3,Neutral,3,No,None,6,1,2.6,6,Yes,56+,75K-100K,1-3 Years
EMP10040,Sneha,Kumar,Male,38,Marketing,Marketing Executive,Chennai,Diploma,Full-Time,Onsite,2022-06-20,4.2,85300,Meets Expectations,3,Neutral,5,No,None,35,3,4.7,16,No,36-45,75K-100K,3-5 Years
EMP10041,Priya,Gupta,Male,44,Technology,Data Analyst,Chennai,Bachelor's,Full-Time,Onsite,2012-06-20,14.2,87100,Outstanding,4,Satisfied,5,No,Frequently,13,0,5.4,16,No,36-45,75K-100K,10+ Years
EMP10042,Sanjay,Patel,Female,57,Operations,Operations Executive,Pune,Bachelor's,Full-Time,Remote,2020-10-08,5.9,74500,Needs Improvement,4,Satisfied,5,No,None,28,1,1.0,14,No,56+,50K-75K,5-10 Years
EMP10043,Aarav,Singh,Male,35,Marketing,Digital Marketing Analyst,Mumbai,Bachelor's,Full-Time,Hybrid,2016-11-13,9.8,48700,Meets Expectations,4,Satisfied,5,No,Frequently,30,3,10.4,17,No,26-35,<50K,5-10 Years
EMP10044,Vikram,Sharma,Female,54,Finance,Finance Manager,Pune,Bachelor's,Full-Time,Hybrid,2012-01-26,14.6,78700,Meets Expectations,2,Dissatisfied,5,No,None,14,1,10.2,20,No,46-55,75K-100K,10+ Years
EMP10045,Pooja,Singh,Male,42,Sales,Business Development Executive,Mumbai,MBA,Full-Time,Onsite,2018-04-08,8.4,66300,Needs Improvement,4,Satisfied,3,No,None,39,3,0.4,8,No,36-45,50K-75K,5-10 Years
EMP10046,Kavya,Nair,Female,56,Customer Support,Customer Success Specialist,Kolkata,Bachelor's,Full-Time,Hybrid,2021-12-20,4.7,66700,Meets Expectations,1,Very Dissatisfied,5,Yes,Rarely,21,1,7.2,13,No,56+,50K-75K,3-5 Years
EMP10047,Aisha,Sharma,Female,39,Human Resources,HR Manager,Kolkata,Master's,Contract,Onsite,2018-07-27,8.1,46700,Meets Expectations,1,Very Dissatisfied,4,No,Frequently,17,3,7.3,19,No,36-45,<50K,5-10 Years
EMP10048,Vihaan,Joshi,Female,46,Customer Support,Support Analyst,Bengaluru,Master's,Full-Time,Hybrid,2025-09-01,1.0,45400,Outstanding,5,Very Satisfied,2,No,None,20,0,7.6,15,No,46-55,<50K,<1 Year
EMP10049,Sanjay,Patel,Female,33,Marketing,Digital Marketing Analyst,Delhi NCR,Bachelor's,Full-Time,Onsite,2024-10-08,1.9,77900,Meets Expectations,1,Very Dissatisfied,5,Yes,None,12,1,3.3,4,No,26-35,75K-100K,1-3 Years
EMP10050,Ananya,Nair,Male,46,Operations,Process Associate,Kolkata,Bachelor's,Full-Time,Onsite,2026-05-15,0.3,81600,Outstanding,1,Very Dissatisfied,1,No,Rarely,4,1,2.2,7,No,46-55,75K-100K,<1 Year
EMP10051,Aisha,Reddy,Female,34,Operations,Operations Analyst,Mumbai,Bachelor's,Full-Time,Onsite,2013-05-15,13.3,75700,Meets Expectations,2,Dissatisfied,1,No,None,40,3,1.2,13,Yes,26-35,75K-100K,10+ Years
EMP10052,Aisha,Reddy,Male,45,Technology,Software Engineer,Delhi NCR,Bachelor's,Full-Time,Onsite,2016-07-26,10.1,117900,Meets Expectations,5,Very Satisfied,1,Yes,Rarely,33,0,8.7,4,No,36-45,100K-150K,10+ Years
EMP10053,Vihaan,Joshi,Male,52,Finance,Senior Accountant,Chennai,Bachelor's,Full-Time,Remote,2022-01-25,4.6,79000,Outstanding,5,Very Satisfied,3,No,Frequently,33,3,6.0,17,No,46-55,75K-100K,3-5 Years
EMP10054,Isha,Iyer,Male,38,Human Resources,HR Manager,Hyderabad,MBA,Contract,Hybrid,2023-03-03,3.5,70400,Needs Improvement,4,Satisfied,1,No,None,37,3,7.4,21,No,36-45,50K-75K,3-5 Years
EMP10055,Aarav,Patel,Female,38,Human Resources,HR Executive,Mumbai,Master's,Contract,Hybrid,2016-05-14,10.3,85300,Outstanding,1,Very Dissatisfied,2,No,Frequently,25,1,6.8,13,No,36-45,75K-100K,10+ Years
EMP10056,Sanjay,Iyer,Female,33,Sales,Business Development Executive,Ahmedabad,Bachelor's,Full-Time,Onsite,2012-11-13,13.8,79700,Needs Improvement,4,Satisfied,2,Yes,None,40,1,8.0,13,No,26-35,75K-100K,10+ Years
EMP10057,Rahul,Das,Male,50,Human Resources,HR Manager,Chennai,Bachelor's,Full-Time,Hybrid,2022-01-25,4.6,82400,Exceeds Expectations,5,Very Satisfied,2,No,Frequently,40,2,8.5,15,No,46-55,75K-100K,3-5 Years
EMP10058,Vikram,Patel,Female,44,Technology,IT Support Specialist,Mumbai,Bachelor's,Full-Time,Onsite,2021-09-01,5.0,116000,Meets Expectations,2,Dissatisfied,1,Yes,Frequently,10,0,2.7,11,No,36-45,100K-150K,3-5 Years
EMP10059,Nikhil,Das,Male,41,Operations,Operations Analyst,Delhi NCR,Diploma,Full-Time,Hybrid,2013-11-13,12.8,77100,Needs Improvement,2,Dissatisfied,2,No,Rarely,18,1,8.3,16,Yes,36-45,75K-100K,10+ Years
EMP10060,Priya,Iyer,Female,22,Marketing,Marketing Manager,Kolkata,MBA,Full-Time,Remote,2013-04-08,13.4,49400,Outstanding,5,Very Satisfied,2,No,Frequently,3,1,3.5,22,Yes,21-25,<50K,10+ Years
EMP10061,Aarav,Patel,Female,25,Customer Support,Support Analyst,Chennai,Bachelor's,Full-Time,Onsite,2012-12-20,13.7,43600,Needs Improvement,1,Very Dissatisfied,4,Yes,Frequently,28,3,0.5,7,Yes,21-25,<50K,10+ Years
EMP10062,Aditya,Rao,Male,21,Operations,Operations Manager,Pune,Bachelor's,Full-Time,Hybrid,2022-03-03,4.5,81400,Meets Expectations,5,Very Satisfied,3,Yes,None,4,3,9.9,6,No,21-25,75K-100K,3-5 Years
EMP10063,Kavya,Patel,Female,55,Finance,Finance Manager,Delhi NCR,Bachelor's,Full-Time,Remote,2024-09-01,2.0,80600,Meets Expectations,3,Neutral,2,No,None,31,2,9.1,10,No,46-55,75K-100K,1-3 Years
EMP10064,Vihaan,Sharma,Female,55,Customer Support,Support Analyst,Delhi NCR,Master's,Contract,Remote,2019-12-20,6.7,39100,Meets Expectations,4,Satisfied,1,No,None,32,3,9.1,16,No,46-55,<50K,5-10 Years
EMP10065,Rahul,Iyer,Female,23,Finance,Finance Manager,Delhi NCR,Diploma,Full-Time,Hybrid,2022-01-25,4.6,78200,Meets Expectations,2,Dissatisfied,3,Yes,None,16,3,4.6,17,No,21-25,75K-100K,3-5 Years
EMP10066,Isha,Verma,Non-Binary,22,Finance,Finance Manager,Mumbai,Bachelor's,Full-Time,Remote,2013-05-15,13.3,86500,Meets Expectations,4,Satisfied,2,No,Rarely,25,0,9.3,5,No,21-25,75K-100K,10+ Years
EMP10067,Rahul,Kumar,Male,52,Customer Support,Support Analyst,Ahmedabad,MBA,Full-Time,Hybrid,2025-12-20,0.7,64300,Outstanding,5,Very Satisfied,4,No,None,38,2,3.6,21,No,46-55,50K-75K,<1 Year
EMP10068,Aditya,Verma,Male,41,Finance,Financial Analyst,Pune,Bachelor's,Contract,Hybrid,2017-01-25,9.6,96300,Meets Expectations,3,Neutral,2,No,Rarely,31,3,3.7,10,No,36-45,75K-100K,5-10 Years
EMP10069,Sanjay,Das,Female,33,Sales,Sales Executive,Pune,Bachelor's,Full-Time,Hybrid,2013-01-25,13.6,41300,Meets Expectations,2,Dissatisfied,5,Yes,None,18,1,4.5,11,Yes,26-35,<50K,10+ Years
EMP10070,Nikhil,Joshi,Male,45,Human Resources,HR Manager,Kolkata,Diploma,Full-Time,Onsite,2011-12-20,14.7,64900,Meets Expectations,1,Very Dissatisfied,1,No,None,37,1,8.7,8,Yes,36-45,50K-75K,10+ Years
EMP10071,Aditya,Das,Male,30,Operations,Process Associate,Bengaluru,Bachelor's,Contract,Onsite,2016-11-13,9.8,38400,Meets Expectations,5,Very Satisfied,5,No,None,1,1,3.1,0,No,26-35,<50K,5-10 Years
EMP10072,Nikhil,Singh,Male,28,Technology,BI Analyst,Kolkata,Bachelor's,Full-Time,Hybrid,2012-05-14,14.3,120800,Needs Improvement,5,Very Satisfied,4,No,Frequently,9,2,1.1,17,No,26-35,100K-150K,10+ Years
EMP10073,Isha,Iyer,Female,35,Human Resources,HR Executive,Bengaluru,Bachelor's,Full-Time,Onsite,2025-05-15,1.3,50800,Outstanding,4,Satisfied,4,No,None,13,1,3.3,10,Yes,26-35,50K-75K,1-3 Years
EMP10074,Divya,Das,Female,56,Sales,Business Development Executive,Delhi NCR,Bachelor's,Contract,Hybrid,2021-03-03,5.5,68200,Needs Improvement,1,Very Dissatisfied,5,No,None,14,3,5.6,10,No,56+,50K-75K,5-10 Years
EMP10075,Vihaan,Rao,Female,51,Marketing,Marketing Executive,Kolkata,Bachelor's,Contract,Hybrid,2026-05-15,0.3,73300,Needs Improvement,5,Very Satisfied,3,No,None,27,1,4.0,12,No,46-55,50K-75K,<1 Year
EMP10076,Neha,Das,Female,28,Human Resources,HR Analyst,Kolkata,MBA,Full-Time,Hybrid,2011-12-20,14.7,73500,Needs Improvement,3,Neutral,4,No,Frequently,32,3,8.7,7,No,26-35,50K-75K,10+ Years
EMP10077,Kavya,Iyer,Female,43,Finance,Accountant,Mumbai,Master's,Full-Time,Hybrid,2013-01-25,13.6,81700,Meets Expectations,2,Dissatisfied,3,No,None,2,1,1.1,3,No,36-45,75K-100K,10+ Years
EMP10078,Aisha,Sharma,Female,56,Technology,Software Engineer,Bengaluru,Bachelor's,Contract,Hybrid,2026-01-25,0.6,108700,Meets Expectations,2,Dissatisfied,4,No,Rarely,10,1,7.9,6,No,56+,100K-150K,<1 Year
EMP10079,Aisha,Gupta,Male,59,Human Resources,HR Manager,Pune,Diploma,Full-Time,Onsite,2026-03-03,0.5,73600,Meets Expectations,5,Very Satisfied,3,Yes,None,33,3,3.9,12,No,56+,50K-75K,<1 Year
EMP10080,Kavya,Nair,Non-Binary,51,Marketing,Marketing Manager,Delhi NCR,Bachelor's,Contract,Onsite,2021-01-25,5.6,48200,Meets Expectations,4,Satisfied,5,No,None,20,3,2.4,19,Yes,46-55,<50K,5-10 Years
EMP10081,Pooja,Joshi,Female,26,Customer Support,Customer Success Specialist,Delhi NCR,Bachelor's,Contract,Onsite,2022-09-01,4.0,46400,Exceeds Expectations,3,Neutral,2,No,Rarely,12,1,3.0,10,Yes,26-35,<50K,3-5 Years
EMP10082,Kiran,Rao,Female,30,Human Resources,Recruiter,Pune,Bachelor's,Full-Time,Remote,2013-12-20,12.7,69500,Needs Improvement,4,Satisfied,4,No,Rarely,18,2,2.5,4,No,26-35,50K-75K,10+ Years
EMP10083,Aditya,Singh,Female,29,Technology,Software Engineer,Mumbai,Bachelor's,Full-Time,Remote,2024-01-26,2.6,81300,Exceeds Expectations,5,Very Satisfied,1,No,Rarely,24,1,10.4,6,No,26-35,75K-100K,1-3 Years
EMP10084,Vikram,Kumar,Female,27,Operations,Operations Analyst,Ahmedabad,Bachelor's,Full-Time,Hybrid,2014-10-08,11.9,71700,Meets Expectations,4,Satisfied,1,Yes,None,24,1,3.7,10,Yes,26-35,50K-75K,10+ Years
EMP10085,Arjun,Singh,Male,28,Marketing,Marketing Manager,Hyderabad,Master's,Contract,Hybrid,2018-04-08,8.4,60100,Meets Expectations,2,Dissatisfied,4,No,Frequently,33,1,9.8,21,No,26-35,50K-75K,5-10 Years
EMP10086,Arjun,Rao,Female,33,Marketing,Digital Marketing Analyst,Mumbai,Bachelor's,Full-Time,Remote,2020-11-13,5.8,86800,Outstanding,1,Very Dissatisfied,2,Yes,Rarely,40,3,3.6,9,No,26-35,75K-100K,5-10 Years
EMP10087,Aarav,Das,Male,43,Sales,Business Development Executive,Mumbai,Bachelor's,Full-Time,Onsite,2024-04-08,2.4,45900,Meets Expectations,1,Very Dissatisfied,1,No,Frequently,33,3,0.2,5,Yes,36-45,<50K,1-3 Years
EMP10088,Ananya,Joshi,Female,36,Finance,Financial Analyst,Kolkata,Master's,Contract,Onsite,2011-09-02,15.0,93800,Needs Improvement,2,Dissatisfied,4,Yes,None,4,3,0.3,10,No,36-45,75K-100K,10+ Years
EMP10089,Isha,Verma,Female,37,Operations,Operations Executive,Pune,Master's,Full-Time,Hybrid,2017-05-15,9.3,45800,Meets Expectations,4,Satisfied,4,No,None,17,1,4.5,21,No,36-45,<50K,5-10 Years
EMP10090,Vihaan,Nair,Male,30,Operations,Operations Manager,Bengaluru,MBA,Full-Time,Hybrid,2019-12-20,6.7,61300,Meets Expectations,1,Very Dissatisfied,4,No,None,19,2,10.3,15,Yes,26-35,50K-75K,5-10 Years
EMP10091,Kavya,Nair,Male,27,Human Resources,HR Manager,Chennai,MBA,Full-Time,Remote,2020-12-20,5.7,58200,Exceeds Expectations,1,Very Dissatisfied,3,No,Rarely,25,0,7.2,16,No,26-35,50K-75K,5-10 Years
EMP10092,Meera,Gupta,Male,60,Operations,Operations Analyst,Pune,Bachelor's,Full-Time,Hybrid,2013-01-25,13.6,66200,Exceeds Expectations,5,Very Satisfied,5,No,Rarely,39,3,8.2,20,No,56+,50K-75K,10+ Years
EMP10093,Sanjay,Das,Female,44,Operations,Operations Executive,Ahmedabad,Bachelor's,Full-Time,Remote,2014-04-08,12.4,47100,Meets Expectations,3,Neutral,1,No,None,18,0,5.1,0,No,36-45,<50K,10+ Years
EMP10094,Arjun,Sharma,Female,30,Finance,Senior Accountant,Kolkata,Bachelor's,Full-Time,Hybrid,2014-06-20,12.2,95300,Meets Expectations,1,Very Dissatisfied,1,No,None,14,2,3.4,3,No,26-35,75K-100K,10+ Years
EMP10095,Kavya,Rao,Male,53,Customer Support,Customer Success Specialist,Chennai,Bachelor's,Full-Time,Remote,2017-05-15,9.3,54400,Meets Expectations,5,Very Satisfied,2,Yes,None,36,3,7.8,5,Yes,46-55,50K-75K,5-10 Years
EMP10096,Rahul,Nair,Male,54,Finance,Financial Analyst,Pune,Diploma,Full-Time,Hybrid,2013-05-15,13.3,104800,Exceeds Expectations,5,Very Satisfied,5,Yes,None,30,3,7.0,16,No,46-55,100K-150K,10+ Years
EMP10097,Aditya,Verma,Male,59,Technology,BI Analyst,Hyderabad,Diploma,Full-Time,Hybrid,2022-01-25,4.6,108500,Meets Expectations,3,Neutral,4,No,Frequently,18,3,0.6,4,No,56+,100K-150K,3-5 Years
EMP10098,Sanjay,Das,Male,27,Marketing,Digital Marketing Analyst,Hyderabad,Bachelor's,Full-Time,Hybrid,2016-01-26,10.6,75200,Exceeds Expectations,1,Very Dissatisfied,3,No,None,38,2,6.7,3,No,26-35,75K-100K,10+ Years
EMP10099,Aarav,Patel,Female,46,Marketing,Content Specialist,Mumbai,MBA,Contract,Remote,2020-06-20,6.2,86800,Needs Improvement,4,Satisfied,5,No,None,12,3,7.6,9,No,46-55,75K-100K,5-10 Years
EMP10100,Rohit,Iyer,Female,60,Sales,Account Manager,Delhi NCR,Bachelor's,Full-Time,Onsite,2017-07-27,9.1,49300,Meets Expectations,5,Very Satisfied,5,Yes,None,9,2,4.5,0,No,56+,<50K,5-10 Years
EMP10101,Aisha,Reddy,Male,53,Operations,Operations Manager,Kolkata,Master's,Contract,Hybrid,2011-09-02,15.0,66000,Meets Expectations,5,Very Satisfied,1,No,None,0,2,4.2,20,No,46-55,50K-75K,10+ Years
EMP10102,Arjun,Das,Female,30,Technology,BI Analyst,Hyderabad,Master's,Contract,Hybrid,2011-11-14,14.8,85900,Needs Improvement,3,Neutral,3,No,Frequently,3,0,9.5,0,No,26-35,75K-100K,10+ Years
EMP10103,Ananya,Nair,Non-Binary,56,Operations,Operations Executive,Bengaluru,Bachelor's,Contract,Hybrid,2018-11-14,7.8,71000,Meets Expectations,5,Very Satisfied,5,No,None,35,2,4.6,3,Yes,56+,50K-75K,5-10 Years
EMP10104,Divya,Sharma,Female,37,Sales,Account Manager,Mumbai,Bachelor's,Full-Time,Hybrid,2017-12-20,8.7,40100,Meets Expectations,5,Very Satisfied,1,No,Frequently,3,0,3.6,20,Yes,36-45,<50K,5-10 Years
EMP10105,Rahul,Kumar,Male,40,Operations,Operations Executive,Hyderabad,Bachelor's,Full-Time,Hybrid,2013-03-03,13.5,56700,Meets Expectations,1,Very Dissatisfied,1,No,Rarely,31,1,9.5,22,No,36-45,50K-75K,10+ Years
EMP10106,Kiran,Iyer,Female,43,Operations,Operations Manager,Kolkata,Bachelor's,Full-Time,Hybrid,2011-11-14,14.8,66800,Outstanding,4,Satisfied,2,No,Rarely,2,1,11.8,19,Yes,36-45,50K-75K,10+ Years
EMP10107,Neha,Nair,Male,51,Operations,Process Associate,Chennai,Bachelor's,Full-Time,Hybrid,2014-12-20,11.7,58200,Outstanding,4,Satisfied,5,Yes,None,9,1,2.4,11,No,46-55,50K-75K,10+ Years
EMP10108,Neha,Das,Male,25,Marketing,Content Specialist,Mumbai,Master's,Full-Time,Onsite,2025-06-20,1.2,55900,Meets Expectations,4,Satisfied,2,Yes,Rarely,14,3,4.7,7,No,21-25,50K-75K,1-3 Years
EMP10109,Sanjay,Joshi,Male,42,Human Resources,HR Analyst,Kolkata,Bachelor's,Full-Time,Hybrid,2021-09-01,5.0,65400,Meets Expectations,3,Neutral,4,No,Rarely,8,2,0.2,21,No,36-45,50K-75K,3-5 Years
EMP10110,Neha,Sharma,Male,53,Marketing,Digital Marketing Analyst,Mumbai,Diploma,Contract,Onsite,2013-03-03,13.5,87900,Meets Expectations,4,Satisfied,2,No,None,5,0,5.9,14,No,46-55,75K-100K,10+ Years
EMP10111,Sneha,Joshi,Female,42,Technology,BI Analyst,Hyderabad,Master's,Contract,Hybrid,2015-01-26,11.6,73000,Meets Expectations,3,Neutral,4,Yes,Frequently,40,1,3.5,0,Yes,36-45,50K-75K,10+ Years
EMP10112,Rahul,Nair,Female,31,Operations,Operations Manager,Bengaluru,Bachelor's,Full-Time,Remote,2015-06-21,11.2,54000,Outstanding,2,Dissatisfied,5,No,None,16,0,9.9,3,Yes,26-35,50K-75K,10+ Years
EMP10113,Isha,Kumar,Male,23,Human Resources,HR Manager,Pune,Bachelor's,Full-Time,Onsite,2016-07-26,10.1,91900,Exceeds Expectations,3,Neutral,1,No,None,17,3,11.0,20,No,21-25,75K-100K,10+ Years
EMP10114,Kiran,Patel,Male,42,Human Resources,HR Executive,Bengaluru,Bachelor's,Contract,Onsite,2020-05-14,6.3,88000,Meets Expectations,5,Very Satisfied,2,No,None,30,0,1.6,17,Yes,36-45,75K-100K,5-10 Years
EMP10115,Kavya,Singh,Male,49,Human Resources,HR Executive,Mumbai,Bachelor's,Full-Time,Onsite,2020-06-20,6.2,43700,Exceeds Expectations,5,Very Satisfied,3,No,Rarely,37,1,10.4,1,No,46-55,<50K,5-10 Years
EMP10116,Ananya,Gupta,Female,42,Human Resources,HR Analyst,Hyderabad,Bachelor's,Full-Time,Hybrid,2014-06-20,12.2,68700,Needs Improvement,4,Satisfied,1,No,None,12,3,2.7,22,Yes,36-45,50K-75K,10+ Years
EMP10117,Ananya,Patel,Male,60,Sales,Account Manager,Bengaluru,MBA,Contract,Onsite,2022-03-03,4.5,42100,Meets Expectations,2,Dissatisfied,4,No,None,18,2,3.8,13,No,56+,<50K,3-5 Years
EMP10118,Pooja,Patel,Male,45,Sales,Account Manager,Kolkata,Master's,Contract,Hybrid,2016-05-14,10.3,82200,Meets Expectations,2,Dissatisfied,2,No,None,19,3,10.7,21,No,36-45,75K-100K,10+ Years
EMP10119,Meera,Verma,Non-Binary,41,Technology,IT Support Specialist,Bengaluru,Bachelor's,Full-Time,Hybrid,2015-10-08,10.9,89500,Meets Expectations,2,Dissatisfied,1,No,None,10,1,4.5,22,No,36-45,75K-100K,10+ Years
EMP10120,Neha,Nair,Male,23,Sales,Sales Executive,Hyderabad,Bachelor's,Contract,Hybrid,2013-12-20,12.7,58600,Exceeds Expectations,2,Dissatisfied,4,No,None,5,1,0.4,14,No,21-25,50K-75K,10+ Years
EMP10121,Priya,Rao,Male,43,Human Resources,HR Manager,Chennai,Diploma,Contract,Hybrid,2021-10-08,4.9,55800,Exceeds Expectations,5,Very Satisfied,1,No,Frequently,37,1,0.8,1,No,36-45,50K-75K,3-5 Years
EMP10122,Rohit,Kumar,Non-Binary,27,Marketing,Marketing Manager,Kolkata,MBA,Contract,Hybrid,2015-06-21,11.2,73200,Outstanding,3,Neutral,2,Yes,None,28,2,4.2,10,No,26-35,50K-75K,10+ Years
EMP10123,Neha,Reddy,Male,49,Marketing,Marketing Manager,Bengaluru,MBA,Full-Time,Hybrid,2024-11-13,1.8,51100,Needs Improvement,2,Dissatisfied,1,Yes,Frequently,27,3,10.6,20,No,46-55,50K-75K,1-3 Years
EMP10124,Aarav,Joshi,Male,27,Human Resources,Recruiter,Chennai,Diploma,Full-Time,Hybrid,2024-06-20,2.2,82300,Meets Expectations,5,Very Satisfied,1,Yes,Rarely,13,2,1.2,8,No,26-35,75K-100K,1-3 Years
EMP10125,Aditya,Rao,Male,57,Operations,Operations Executive,Kolkata,Bachelor's,Full-Time,Hybrid,2020-04-08,6.4,59600,Meets Expectations,2,Dissatisfied,3,Yes,Rarely,27,3,2.5,7,Yes,56+,50K-75K,5-10 Years
EMP10126,Sneha,Sharma,Male,33,Human Resources,Recruiter,Ahmedabad,Master's,Full-Time,Hybrid,2025-09-01,1.0,70500,Meets Expectations,4,Satisfied,5,No,Frequently,5,0,11.6,6,No,26-35,50K-75K,<1 Year
EMP10127,Kiran,Singh,Female,38,Sales,Sales Executive,Pune,Master's,Contract,Onsite,2012-06-20,14.2,78300,Needs Improvement,4,Satisfied,2,No,None,4,3,5.1,15,No,36-45,75K-100K,10+ Years
EMP10128,Sanjay,Sharma,Female,26,Operations,Operations Manager,Bengaluru,Diploma,Contract,Onsite,2013-03-03,13.5,45800,Exceeds Expectations,2,Dissatisfied,2,No,Rarely,39,1,10.5,1,No,26-35,<50K,10+ Years
EMP10129,Meera,Kumar,Female,29,Marketing,Marketing Manager,Bengaluru,MBA,Contract,Hybrid,2025-10-08,0.9,52600,Meets Expectations,5,Very Satisfied,5,No,None,9,0,4.7,10,No,26-35,50K-75K,<1 Year
EMP10130,Rohit,Reddy,Male,57,Marketing,Marketing Manager,Kolkata,Bachelor's,Full-Time,Hybrid,2014-01-25,12.6,65500,Meets Expectations,4,Satisfied,5,Yes,None,31,0,6.3,4,Yes,56+,50K-75K,10+ Years
EMP10131,Nikhil,Iyer,Male,32,Human Resources,HR Analyst,Pune,Bachelor's,Contract,Hybrid,2018-12-20,7.7,81600,Meets Expectations,5,Very Satisfied,2,No,None,11,1,11.4,20,No,26-35,75K-100K,5-10 Years
EMP10132,Sneha,Singh,Female,41,Human Resources,HR Analyst,Kolkata,Bachelor's,Full-Time,Remote,2016-01-26,10.6,45000,Meets Expectations,1,Very Dissatisfied,1,Yes,Rarely,26,1,11.5,12,No,36-45,<50K,10+ Years
EMP10133,Neha,Kumar,Male,60,Sales,Account Manager,Chennai,MBA,Full-Time,Onsite,2013-05-15,13.3,76200,Needs Improvement,2,Dissatisfied,4,No,Frequently,25,0,2.2,6,No,56+,75K-100K,10+ Years
EMP10134,Divya,Gupta,Male,45,Human Resources,HR Executive,Chennai,Bachelor's,Full-Time,Hybrid,2017-12-20,8.7,67200,Outstanding,2,Dissatisfied,4,No,None,29,1,8.2,6,No,36-45,50K-75K,5-10 Years
EMP10135,Rohit,Iyer,Male,22,Operations,Operations Manager,Delhi NCR,Bachelor's,Full-Time,Hybrid,2024-10-08,1.9,62800,Exceeds Expectations,4,Satisfied,5,Yes,Rarely,39,1,5.2,16,No,21-25,50K-75K,1-3 Years
EMP10136,Meera,Rao,Female,35,Finance,Financial Analyst,Ahmedabad,Bachelor's,Full-Time,Onsite,2026-06-20,0.2,81800,Meets Expectations,5,Very Satisfied,4,No,None,17,0,2.0,16,No,26-35,75K-100K,<1 Year
EMP10137,Rahul,Kumar,Female,36,Marketing,Digital Marketing Analyst,Delhi NCR,Master's,Full-Time,Hybrid,2019-01-26,7.6,46400,Meets Expectations,1,Very Dissatisfied,5,Yes,None,35,1,0.5,20,No,36-45,<50K,5-10 Years
EMP10138,Kavya,Rao,Male,32,Sales,Sales Manager,Bengaluru,MBA,Full-Time,Hybrid,2012-06-20,14.2,50700,Needs Improvement,1,Very Dissatisfied,1,Yes,None,12,3,6.2,17,Yes,26-35,50K-75K,10+ Years
EMP10139,Vihaan,Gupta,Male,30,Finance,Financial Analyst,Pune,Bachelor's,Contract,Hybrid,2017-12-20,8.7,92900,Meets Expectations,4,Satisfied,1,Yes,Rarely,39,3,1.3,3,No,26-35,75K-100K,5-10 Years
EMP10140,Divya,Joshi,Female,41,Human Resources,HR Manager,Hyderabad,Master's,Full-Time,Onsite,2020-12-20,5.7,62800,Outstanding,2,Dissatisfied,4,Yes,None,20,2,11.3,10,No,36-45,50K-75K,5-10 Years
EMP10141,Aisha,Reddy,Male,36,Customer Support,Customer Success Specialist,Mumbai,Bachelor's,Contract,Onsite,2025-12-20,0.7,53900,Needs Improvement,4,Satisfied,4,No,None,34,1,3.1,0,No,36-45,50K-75K,<1 Year
EMP10142,Vikram,Verma,Male,32,Technology,Software Engineer,Ahmedabad,Bachelor's,Contract,Onsite,2012-12-20,13.7,124800,Meets Expectations,1,Very Dissatisfied,2,No,None,33,0,5.4,20,Yes,26-35,100K-150K,10+ Years
EMP10143,Meera,Sharma,Male,37,Technology,BI Analyst,Pune,Bachelor's,Full-Time,Remote,2021-09-01,5.0,61700,Meets Expectations,3,Neutral,3,Yes,Rarely,26,3,8.8,17,No,36-45,50K-75K,3-5 Years
EMP10144,Aditya,Verma,Male,34,Finance,Finance Manager,Pune,Master's,Full-Time,Onsite,2016-01-26,10.6,75100,Exceeds Expectations,1,Very Dissatisfied,2,No,Frequently,39,0,6.2,18,Yes,26-35,75K-100K,10+ Years
EMP10145,Vikram,Sharma,Male,30,Customer Support,Support Analyst,Ahmedabad,MBA,Full-Time,Onsite,2016-03-02,10.5,46200,Needs Improvement,5,Very Satisfied,1,No,None,27,0,4.7,16,No,26-35,<50K,10+ Years
EMP10146,Sanjay,Rao,Female,39,Operations,Process Associate,Hyderabad,Diploma,Contract,Hybrid,2022-09-01,4.0,42300,Meets Expectations,1,Very Dissatisfied,5,No,Rarely,24,0,7.6,1,No,36-45,<50K,3-5 Years
EMP10147,Kavya,Rao,Male,58,Sales,Account Manager,Bengaluru,Master's,Contract,Remote,2025-07-27,1.1,83500,Outstanding,1,Very Dissatisfied,5,No,Rarely,10,3,2.5,15,No,56+,75K-100K,1-3 Years
EMP10148,Kavya,Iyer,Male,41,Technology,IT Support Specialist,Chennai,Bachelor's,Full-Time,Onsite,2020-10-08,5.9,126000,Needs Improvement,1,Very Dissatisfied,5,No,None,15,1,6.0,18,No,36-45,100K-150K,5-10 Years
EMP10149,Vihaan,Kumar,Female,44,Operations,Operations Analyst,Ahmedabad,Diploma,Full-Time,Hybrid,2021-10-08,4.9,51500,Needs Improvement,2,Dissatisfied,3,Yes,None,0,1,11.6,14,No,36-45,50K-75K,3-5 Years
EMP10150,Isha,Kumar,Female,60,Sales,Sales Manager,Ahmedabad,MBA,Full-Time,Onsite,2016-01-26,10.6,83300,Meets Expectations,3,Neutral,1,No,Frequently,29,0,9.5,19,No,56+,75K-100K,10+ Years
EMP10151,Aditya,Verma,Female,45,Operations,Operations Executive,Ahmedabad,Master's,Full-Time,Onsite,2014-05-15,12.3,39100,Exceeds Expectations,4,Satisfied,3,No,None,24,1,4.1,13,No,36-45,<50K,10+ Years
EMP10152,Meera,Reddy,Male,29,Technology,BI Analyst,Kolkata,Master's,Contract,Remote,2023-03-03,3.5,127400,Outstanding,5,Very Satisfied,4,No,None,28,0,11.0,7,No,26-35,100K-150K,3-5 Years
EMP10153,Nikhil,Sharma,Male,36,Customer Support,Customer Success Specialist,Hyderabad,Master's,Full-Time,Hybrid,2018-09-01,8.0,64600,Meets Expectations,5,Very Satisfied,1,No,Frequently,25,3,10.5,9,No,36-45,50K-75K,5-10 Years
EMP10154,Ananya,Rao,Male,40,Finance,Finance Manager,Hyderabad,Bachelor's,Full-Time,Hybrid,2025-11-13,0.8,61300,Outstanding,1,Very Dissatisfied,1,No,Frequently,10,1,3.4,11,No,36-45,50K-75K,<1 Year
EMP10155,Vikram,Kumar,Female,39,Human Resources,HR Manager,Ahmedabad,Bachelor's,Contract,Onsite,2023-04-09,3.4,72200,Meets Expectations,3,Neutral,5,No,Rarely,40,0,11.2,6,Yes,36-45,50K-75K,3-5 Years
EMP10156,Vikram,Nair,Male,26,Marketing,Content Specialist,Pune,MBA,Full-Time,Hybrid,2015-03-03,11.5,85200,Meets Expectations,5,Very Satisfied,1,No,Frequently,17,2,5.9,1,No,26-35,75K-100K,10+ Years
EMP10157,Sanjay,Reddy,Female,25,Sales,Business Development Executive,Bengaluru,Bachelor's,Full-Time,Onsite,2014-10-08,11.9,53900,Meets Expectations,1,Very Dissatisfied,3,No,None,28,0,11.2,11,No,21-25,50K-75K,10+ Years
EMP10158,Kiran,Sharma,Female,34,Human Resources,HR Executive,Mumbai,Bachelor's,Full-Time,Hybrid,2014-12-20,11.7,59800,Exceeds Expectations,4,Satisfied,1,No,Rarely,5,3,6.7,6,Yes,26-35,50K-75K,10+ Years
EMP10159,Meera,Kumar,Male,57,Human Resources,HR Executive,Ahmedabad,Bachelor's,Contract,Hybrid,2024-05-14,2.3,73700,Meets Expectations,3,Neutral,1,No,None,24,3,1.3,11,No,56+,50K-75K,1-3 Years
EMP10160,Sneha,Joshi,Female,49,Operations,Process Associate,Kolkata,Bachelor's,Full-Time,Hybrid,2018-04-08,8.4,44100,Outstanding,1,Very Dissatisfied,4,Yes,Frequently,16,0,1.8,21,No,46-55,<50K,5-10 Years
EMP10161,Sanjay,Verma,Female,54,Customer Support,Customer Success Specialist,Chennai,Bachelor's,Full-Time,Hybrid,2020-03-02,6.5,36800,Meets Expectations,1,Very Dissatisfied,1,Yes,None,38,1,6.1,15,Yes,46-55,<50K,5-10 Years
EMP10162,Kavya,Patel,Male,27,Marketing,Marketing Executive,Bengaluru,Bachelor's,Full-Time,Onsite,2011-10-08,14.9,56500,Meets Expectations,2,Dissatisfied,4,Yes,None,31,0,0.5,21,No,26-35,50K-75K,10+ Years
EMP10163,Vihaan,Gupta,Female,37,Finance,Accountant,Kolkata,MBA,Full-Time,Hybrid,2016-10-08,9.9,92100,Needs Improvement,1,Very Dissatisfied,5,Yes,None,38,3,9.3,19,No,36-45,75K-100K,5-10 Years
EMP10164,Sneha,Gupta,Female,44,Finance,Senior Accountant,Hyderabad,MBA,Full-Time,Remote,2012-09-01,14.0,70200,Needs Improvement,1,Very Dissatisfied,3,No,Rarely,12,0,3.8,15,No,36-45,50K-75K,10+ Years
EMP10165,Arjun,Rao,Female,38,Finance,Accountant,Hyderabad,MBA,Full-Time,Remote,2024-04-08,2.4,78400,Needs Improvement,3,Neutral,1,Yes,None,27,1,0.6,3,Yes,36-45,75K-100K,1-3 Years
EMP10166,Arjun,Kumar,Male,37,Operations,Operations Executive,Delhi NCR,Bachelor's,Contract,Onsite,2019-10-08,6.9,46300,Meets Expectations,4,Satisfied,5,No,Rarely,25,1,7.9,0,Yes,36-45,<50K,5-10 Years
EMP10167,Kavya,Singh,Female,35,Finance,Finance Manager,Bengaluru,Master's,Full-Time,Onsite,2015-01-26,11.6,60100,Meets Expectations,3,Neutral,2,Yes,None,10,1,7.3,3,Yes,26-35,50K-75K,10+ Years
EMP10168,Nikhil,Joshi,Male,23,Technology,Software Engineer,Hyderabad,Bachelor's,Contract,Hybrid,2021-01-25,5.6,104200,Meets Expectations,4,Satisfied,4,No,None,13,0,1.7,0,No,21-25,100K-150K,5-10 Years
EMP10169,Arjun,Nair,Male,55,Finance,Accountant,Ahmedabad,Bachelor's,Contract,Hybrid,2017-01-25,9.6,55100,Outstanding,1,Very Dissatisfied,1,No,Rarely,27,0,2.3,11,No,46-55,50K-75K,5-10 Years
EMP10170,Vihaan,Singh,Male,58,Sales,Sales Executive,Mumbai,Bachelor's,Full-Time,Remote,2018-11-14,7.8,70300,Outstanding,2,Dissatisfied,1,No,None,6,0,9.0,13,No,56+,50K-75K,5-10 Years
EMP10171,Sneha,Joshi,Female,24,Sales,Sales Manager,Kolkata,Master's,Contract,Hybrid,2011-10-08,14.9,57800,Meets Expectations,4,Satisfied,4,No,Rarely,16,2,2.0,12,Yes,21-25,50K-75K,10+ Years
EMP10172,Ananya,Kumar,Male,37,Sales,Account Manager,Delhi NCR,Bachelor's,Full-Time,Hybrid,2023-11-14,2.8,70400,Meets Expectations,1,Very Dissatisfied,2,No,Frequently,30,3,0.3,5,No,36-45,50K-75K,1-3 Years
EMP10173,Rahul,Kumar,Female,41,Operations,Process Associate,Kolkata,Bachelor's,Full-Time,Onsite,2012-09-01,14.0,54700,Outstanding,3,Neutral,3,No,Rarely,34,3,12.0,9,No,36-45,50K-75K,10+ Years
EMP10174,Rahul,Sharma,Male,52,Operations,Operations Analyst,Delhi NCR,Bachelor's,Full-Time,Remote,2020-07-26,6.1,75600,Meets Expectations,1,Very Dissatisfied,3,Yes,None,24,2,3.6,14,No,46-55,75K-100K,5-10 Years
EMP10175,Neha,Reddy,Female,60,Marketing,Marketing Executive,Delhi NCR,Bachelor's,Full-Time,Onsite,2019-07-27,7.1,46400,Exceeds Expectations,3,Neutral,1,No,None,27,0,10.7,6,No,56+,<50K,5-10 Years
EMP10176,Pooja,Patel,Male,37,Human Resources,HR Executive,Mumbai,MBA,Full-Time,Remote,2018-09-01,8.0,87000,Meets Expectations,4,Satisfied,2,No,Frequently,33,3,5.1,2,No,36-45,75K-100K,5-10 Years
EMP10177,Meera,Sharma,Male,50,Operations,Operations Executive,Bengaluru,Bachelor's,Full-Time,Remote,2022-07-27,4.1,49600,Needs Improvement,5,Very Satisfied,1,No,Rarely,9,3,11.6,3,No,46-55,<50K,3-5 Years
EMP10178,Isha,Singh,Male,58,Technology,Data Analyst,Kolkata,Master's,Full-Time,Onsite,2012-03-02,14.5,61500,Exceeds Expectations,1,Very Dissatisfied,1,No,Frequently,27,2,5.3,22,No,56+,50K-75K,10+ Years
EMP10179,Rahul,Sharma,Male,54,Customer Support,Support Executive,Chennai,Bachelor's,Contract,Hybrid,2012-12-20,13.7,54000,Meets Expectations,3,Neutral,5,No,None,30,2,9.0,4,No,46-55,50K-75K,10+ Years
EMP10180,Neha,Sharma,Female,32,Human Resources,HR Analyst,Mumbai,Bachelor's,Full-Time,Onsite,2012-01-26,14.6,53300,Needs Improvement,3,Neutral,1,No,Rarely,33,3,11.6,2,Yes,26-35,50K-75K,10+ Years
EMP10181,Vikram,Verma,Female,53,Customer Support,Team Lead,Pune,Bachelor's,Full-Time,Onsite,2011-09-02,15.0,50000,Meets Expectations,1,Very Dissatisfied,5,No,None,24,1,3.5,19,No,46-55,<50K,10+ Years
EMP10182,Aditya,Verma,Female,37,Technology,IT Support Specialist,Kolkata,MBA,Full-Time,Hybrid,2016-07-26,10.1,114800,Exceeds Expectations,4,Satisfied,3,No,Rarely,6,1,0.6,7,No,36-45,100K-150K,10+ Years
EMP10183,Arjun,Das,Male,21,Human Resources,Recruiter,Kolkata,Diploma,Full-Time,Remote,2019-10-08,6.9,81900,Meets Expectations,1,Very Dissatisfied,2,No,Frequently,2,2,5.5,22,No,21-25,75K-100K,5-10 Years
EMP10184,Nikhil,Rao,Female,51,Marketing,Content Specialist,Mumbai,Diploma,Contract,Hybrid,2013-11-13,12.8,74800,Needs Improvement,4,Satisfied,3,No,Frequently,25,0,9.2,2,No,46-55,50K-75K,10+ Years
EMP10185,Kiran,Joshi,Male,54,Human Resources,HR Manager,Bengaluru,Bachelor's,Contract,Onsite,2026-01-25,0.6,91300,Exceeds Expectations,2,Dissatisfied,5,Yes,None,11,3,6.9,1,No,46-55,75K-100K,<1 Year
EMP10186,Arjun,Rao,Female,34,Human Resources,Recruiter,Chennai,Bachelor's,Full-Time,Hybrid,2014-03-03,12.5,65400,Exceeds Expectations,1,Very Dissatisfied,4,Yes,Frequently,15,2,10.1,8,Yes,26-35,50K-75K,10+ Years
EMP10187,Aisha,Patel,Male,39,Technology,IT Support Specialist,Pune,Diploma,Full-Time,Hybrid,2019-01-26,7.6,61300,Outstanding,1,Very Dissatisfied,1,No,None,18,1,3.3,20,No,36-45,50K-75K,5-10 Years
EMP10188,Aarav,Reddy,Female,35,Finance,Financial Analyst,Mumbai,Bachelor's,Full-Time,Onsite,2016-06-20,10.2,96700,Meets Expectations,3,Neutral,4,No,None,30,3,1.0,7,No,26-35,75K-100K,10+ Years
EMP10189,Divya,Rao,Male,25,Technology,IT Support Specialist,Hyderabad,Bachelor's,Full-Time,Onsite,2020-12-20,5.7,74000,Meets Expectations,2,Dissatisfied,4,Yes,Rarely,14,0,2.8,16,Yes,21-25,50K-75K,5-10 Years
EMP10190,Nikhil,Singh,Female,60,Finance,Accountant,Chennai,Bachelor's,Contract,Onsite,2020-12-20,5.7,59100,Meets Expectations,3,Neutral,5,No,None,23,3,2.9,14,No,56+,50K-75K,5-10 Years
EMP10191,Rohit,Verma,Female,21,Marketing,Marketing Manager,Ahmedabad,MBA,Full-Time,Hybrid,2025-12-20,0.7,47200,Needs Improvement,5,Very Satisfied,2,No,None,20,2,4.2,1,Yes,21-25,<50K,<1 Year
EMP10192,Rohit,Iyer,Female,43,Marketing,Content Specialist,Bengaluru,Bachelor's,Full-Time,Hybrid,2020-03-02,6.5,60600,Meets Expectations,5,Very Satisfied,5,No,Rarely,2,0,3.9,19,No,36-45,50K-75K,5-10 Years
EMP10193,Kavya,Sharma,Non-Binary,21,Marketing,Digital Marketing Analyst,Chennai,Bachelor's,Full-Time,Hybrid,2020-06-20,6.2,60500,Meets Expectations,4,Satisfied,2,No,Rarely,28,2,3.0,2,No,21-25,50K-75K,5-10 Years
EMP10194,Meera,Singh,Female,48,Finance,Financial Analyst,Chennai,Master's,Contract,Onsite,2023-03-03,3.5,66500,Needs Improvement,3,Neutral,2,Yes,Rarely,21,3,1.6,18,No,46-55,50K-75K,3-5 Years
EMP10195,Kiran,Reddy,Male,57,Customer Support,Customer Success Specialist,Kolkata,Bachelor's,Contract,Hybrid,2022-10-08,3.9,55200,Meets Expectations,1,Very Dissatisfied,4,Yes,None,9,0,6.4,2,No,56+,50K-75K,3-5 Years
EMP10196,Meera,Das,Male,46,Sales,Account Manager,Ahmedabad,Bachelor's,Full-Time,Hybrid,2017-11-13,8.8,74200,Meets Expectations,3,Neutral,3,No,Rarely,30,2,8.6,16,No,46-55,50K-75K,5-10 Years
EMP10197,Meera,Verma,Male,45,Finance,Senior Accountant,Kolkata,Bachelor's,Full-Time,Onsite,2021-10-08,4.9,103600,Meets Expectations,1,Very Dissatisfied,2,No,None,4,2,10.9,20,No,36-45,100K-150K,3-5 Years
EMP10198,Meera,Reddy,Male,54,Sales,Business Development Executive,Mumbai,Master's,Full-Time,Remote,2014-03-03,12.5,43400,Needs Improvement,1,Very Dissatisfied,2,Yes,None,10,1,3.5,22,No,46-55,<50K,10+ Years
EMP10199,Sneha,Das,Male,59,Finance,Finance Manager,Chennai,Bachelor's,Full-Time,Hybrid,2024-11-13,1.8,57500,Needs Improvement,2,Dissatisfied,4,No,None,9,0,8.0,15,No,56+,50K-75K,1-3 Years
EMP10200,Aarav,Reddy,Female,55,Customer Support,Team Lead,Delhi NCR,Master's,Full-Time,Hybrid,2017-12-20,8.7,55100,Needs Improvement,4,Satisfied,5,No,Rarely,26,1,6.4,1,Yes,46-55,50K-75K,5-10 Years
EMP10201,Rohit,Das,Female,30,Finance,Accountant,Hyderabad,Bachelor's,Full-Time,Onsite,2024-01-26,2.6,54500,Meets Expectations,4,Satisfied,2,No,None,40,1,10.6,0,No,26-35,50K-75K,1-3 Years
EMP10202,Ananya,Iyer,Male,43,Customer Support,Customer Success Specialist,Delhi NCR,Bachelor's,Full-Time,Onsite,2018-09-01,8.0,46600,Meets Expectations,4,Satisfied,3,Yes,None,34,2,8.4,18,No,36-45,<50K,5-10 Years
EMP10203,Aisha,Verma,Female,53,Human Resources,HR Manager,Pune,Master's,Contract,Hybrid,2018-04-08,8.4,73500,Needs Improvement,2,Dissatisfied,2,No,Frequently,5,2,2.4,10,Yes,46-55,50K-75K,5-10 Years
EMP10204,Aarav,Gupta,Female,32,Marketing,Marketing Manager,Chennai,Master's,Contract,Remote,2016-12-20,9.7,84200,Meets Expectations,4,Satisfied,2,No,Frequently,2,2,3.3,2,No,26-35,75K-100K,5-10 Years
EMP10205,Priya,Sharma,Female,48,Human Resources,Recruiter,Delhi NCR,Master's,Full-Time,Hybrid,2020-03-02,6.5,53000,Outstanding,5,Very Satisfied,4,Yes,Rarely,32,1,7.6,6,No,46-55,50K-75K,5-10 Years
EMP10206,Sneha,Gupta,Female,21,Technology,Data Analyst,Chennai,Bachelor's,Full-Time,Onsite,2018-12-20,7.7,105400,Meets Expectations,4,Satisfied,4,No,Rarely,23,3,9.1,13,Yes,21-25,100K-150K,5-10 Years
EMP10207,Aarav,Reddy,Female,56,Operations,Operations Manager,Pune,Diploma,Full-Time,Hybrid,2023-10-08,2.9,66600,Meets Expectations,4,Satisfied,3,No,Frequently,14,1,1.1,2,No,56+,50K-75K,1-3 Years
EMP10208,Ananya,Rao,Male,45,Customer Support,Team Lead,Bengaluru,Master's,Full-Time,Onsite,2019-07-27,7.1,65500,Needs Improvement,5,Very Satisfied,3,Yes,Rarely,36,3,7.8,18,No,36-45,50K-75K,5-10 Years
EMP10209,Nikhil,Verma,Non-Binary,50,Technology,Data Analyst,Chennai,Bachelor's,Full-Time,Onsite,2020-12-20,5.7,80500,Needs Improvement,4,Satisfied,3,Yes,None,7,1,2.2,18,No,46-55,75K-100K,5-10 Years
EMP10210,Nikhil,Das,Male,54,Operations,Operations Executive,Hyderabad,Bachelor's,Contract,Hybrid,2016-07-26,10.1,71300,Meets Expectations,5,Very Satisfied,5,No,Rarely,5,2,11.3,15,No,46-55,50K-75K,10+ Years
EMP10211,Neha,Das,Male,29,Technology,Software Engineer,Kolkata,Bachelor's,Full-Time,Hybrid,2020-01-26,6.6,111300,Meets Expectations,2,Dissatisfied,5,No,Frequently,20,2,11.6,12,No,26-35,100K-150K,5-10 Years
EMP10212,Vihaan,Iyer,Female,39,Operations,Operations Executive,Kolkata,Master's,Full-Time,Hybrid,2014-12-20,11.7,48300,Meets Expectations,2,Dissatisfied,1,Yes,Rarely,11,0,10.3,2,Yes,36-45,<50K,10+ Years
EMP10213,Aisha,Das,Male,55,Operations,Operations Analyst,Delhi NCR,Bachelor's,Full-Time,Onsite,2020-03-02,6.5,65500,Meets Expectations,1,Very Dissatisfied,5,No,None,9,0,10.4,9,Yes,46-55,50K-75K,5-10 Years
EMP10214,Aditya,Sharma,Male,27,Human Resources,Recruiter,Pune,Bachelor's,Full-Time,Onsite,2022-12-20,3.7,76000,Meets Expectations,1,Very Dissatisfied,2,No,Frequently,25,0,11.5,4,No,26-35,75K-100K,3-5 Years
EMP10215,Neha,Nair,Male,53,Operations,Process Associate,Kolkata,MBA,Full-Time,Hybrid,2022-05-15,4.3,49800,Needs Improvement,3,Neutral,4,No,Rarely,12,1,3.6,13,No,46-55,<50K,3-5 Years
EMP10216,Rohit,Kumar,Male,32,Technology,Software Engineer,Mumbai,Bachelor's,Full-Time,Hybrid,2025-10-08,0.9,90200,Meets Expectations,5,Very Satisfied,5,No,None,23,2,6.4,20,Yes,26-35,75K-100K,<1 Year
EMP10217,Ananya,Iyer,Male,44,Sales,Business Development Executive,Pune,Bachelor's,Full-Time,Hybrid,2018-06-20,8.2,59400,Needs Improvement,2,Dissatisfied,3,No,Frequently,23,2,1.8,20,No,36-45,50K-75K,5-10 Years
EMP10218,Rahul,Joshi,Male,41,Sales,Sales Manager,Chennai,MBA,Full-Time,Hybrid,2014-03-03,12.5,75200,Exceeds Expectations,4,Satisfied,3,No,Rarely,32,0,5.6,20,No,36-45,75K-100K,10+ Years
EMP10219,Divya,Patel,Male,48,Human Resources,HR Executive,Hyderabad,Bachelor's,Full-Time,Hybrid,2015-01-26,11.6,42000,Needs Improvement,1,Very Dissatisfied,4,No,Frequently,40,0,1.4,7,No,46-55,<50K,10+ Years
EMP10220,Arjun,Sharma,Female,54,Customer Support,Customer Success Specialist,Hyderabad,Bachelor's,Full-Time,Hybrid,2019-12-20,6.7,51600,Meets Expectations,5,Very Satisfied,2,No,Frequently,25,2,8.4,17,No,46-55,50K-75K,5-10 Years
EMP10221,Nikhil,Joshi,Male,34,Sales,Account Manager,Chennai,Bachelor's,Full-Time,Onsite,2023-07-27,3.1,47600,Meets Expectations,3,Neutral,2,No,None,11,2,1.1,10,Yes,26-35,<50K,3-5 Years
EMP10222,Pooja,Singh,Female,27,Human Resources,HR Manager,Hyderabad,Bachelor's,Contract,Hybrid,2013-09-01,13.0,74600,Meets Expectations,3,Neutral,4,No,Rarely,23,0,10.3,6,No,26-35,50K-75K,10+ Years
EMP10223,Vikram,Joshi,Female,37,Marketing,Content Specialist,Kolkata,Bachelor's,Contract,Hybrid,2025-09-01,1.0,79000,Meets Expectations,2,Dissatisfied,2,No,None,19,2,10.2,17,No,36-45,75K-100K,<1 Year
EMP10224,Aarav,Sharma,Female,45,Technology,IT Support Specialist,Ahmedabad,Bachelor's,Full-Time,Hybrid,2020-07-26,6.1,93700,Meets Expectations,5,Very Satisfied,4,No,Frequently,18,0,11.6,5,No,36-45,75K-100K,5-10 Years
EMP10225,Rahul,Patel,Male,51,Operations,Operations Manager,Pune,Diploma,Full-Time,Onsite,2013-10-08,12.9,61900,Meets Expectations,3,Neutral,2,Yes,Frequently,14,1,0.5,14,No,46-55,50K-75K,10+ Years
EMP10226,Rahul,Singh,Female,51,Finance,Accountant,Pune,Bachelor's,Full-Time,Remote,2020-09-01,6.0,67200,Meets Expectations,1,Very Dissatisfied,1,Yes,Frequently,3,0,9.9,1,No,46-55,50K-75K,5-10 Years
EMP10227,Vihaan,Reddy,Male,34,Operations,Operations Analyst,Kolkata,Master's,Full-Time,Onsite,2024-10-08,1.9,51600,Outstanding,3,Neutral,1,No,Rarely,10,0,3.7,13,Yes,26-35,50K-75K,1-3 Years
EMP10228,Meera,Rao,Female,58,Marketing,Content Specialist,Pune,Master's,Full-Time,Remote,2022-07-27,4.1,82400,Meets Expectations,3,Neutral,2,No,Rarely,24,3,2.5,10,No,56+,75K-100K,3-5 Years
EMP10229,Isha,Iyer,Male,24,Human Resources,HR Executive,Kolkata,MBA,Full-Time,Hybrid,2017-07-27,9.1,48600,Meets Expectations,4,Satisfied,1,Yes,None,2,3,9.1,1,No,21-25,<50K,5-10 Years
EMP10230,Pooja,Kumar,Male,25,Technology,Data Analyst,Hyderabad,Bachelor's,Full-Time,Hybrid,2024-03-02,2.5,112700,Meets Expectations,3,Neutral,2,No,None,6,2,1.6,9,No,21-25,100K-150K,1-3 Years
EMP10231,Priya,Rao,Male,21,Human Resources,HR Executive,Mumbai,Bachelor's,Full-Time,Onsite,2016-10-08,9.9,75000,Needs Improvement,2,Dissatisfied,3,Yes,None,23,0,10.5,20,No,21-25,50K-75K,5-10 Years
EMP10232,Vikram,Sharma,Non-Binary,58,Operations,Operations Analyst,Hyderabad,MBA,Full-Time,Hybrid,2019-12-20,6.7,77300,Meets Expectations,1,Very Dissatisfied,2,No,Frequently,40,1,10.5,5,No,56+,75K-100K,5-10 Years
EMP10233,Pooja,Gupta,Male,28,Sales,Account Manager,Delhi NCR,MBA,Full-Time,Onsite,2021-07-27,5.1,51200,Meets Expectations,5,Very Satisfied,3,No,Rarely,6,1,6.8,9,No,26-35,50K-75K,5-10 Years
EMP10234,Isha,Rao,Male,45,Operations,Operations Executive,Delhi NCR,Master's,Full-Time,Remote,2022-11-14,3.8,60300,Needs Improvement,1,Very Dissatisfied,2,No,Rarely,3,1,5.2,14,No,36-45,50K-75K,3-5 Years
EMP10235,Neha,Verma,Male,53,Human Resources,HR Analyst,Chennai,Bachelor's,Full-Time,Onsite,2014-04-08,12.4,44000,Meets Expectations,2,Dissatisfied,1,No,None,14,0,10.7,2,No,46-55,<50K,10+ Years
EMP10236,Arjun,Verma,Female,51,Operations,Process Associate,Ahmedabad,MBA,Full-Time,Hybrid,2020-07-26,6.1,78600,Needs Improvement,1,Very Dissatisfied,2,Yes,Rarely,3,0,8.6,4,No,46-55,75K-100K,5-10 Years
EMP10237,Isha,Gupta,Male,58,Marketing,Marketing Manager,Delhi NCR,Master's,Contract,Hybrid,2015-07-27,11.1,78800,Exceeds Expectations,2,Dissatisfied,1,Yes,None,36,3,0.6,7,No,56+,75K-100K,10+ Years
EMP10238,Sneha,Nair,Female,23,Human Resources,HR Manager,Pune,Bachelor's,Full-Time,Onsite,2019-12-20,6.7,73400,Meets Expectations,1,Very Dissatisfied,4,No,Frequently,32,3,5.1,2,No,21-25,50K-75K,5-10 Years
EMP10239,Kavya,Iyer,Female,37,Finance,Senior Accountant,Mumbai,Diploma,Full-Time,Hybrid,2025-01-25,1.6,91600,Meets Expectations,2,Dissatisfied,3,No,Frequently,4,0,5.3,10,No,36-45,75K-100K,1-3 Years
EMP10240,Pooja,Nair,Female,41,Marketing,Content Specialist,Chennai,Bachelor's,Full-Time,Hybrid,2019-12-20,6.7,58300,Meets Expectations,5,Very Satisfied,3,Yes,None,4,1,10.3,9,No,36-45,50K-75K,5-10 Years
EMP10241,Kiran,Joshi,Male,48,Sales,Account Manager,Delhi NCR,Bachelor's,Contract,Onsite,2018-12-20,7.7,67300,Meets Expectations,2,Dissatisfied,1,Yes,Frequently,22,0,10.6,4,No,46-55,50K-75K,5-10 Years
EMP10242,Sanjay,Sharma,Female,45,Marketing,Content Specialist,Mumbai,Master's,Full-Time,Onsite,2019-09-02,7.0,85300,Exceeds Expectations,5,Very Satisfied,3,No,None,16,0,6.6,16,No,36-45,75K-100K,5-10 Years
EMP10243,Rohit,Reddy,Male,43,Sales,Business Development Executive,Kolkata,Diploma,Full-Time,Hybrid,2014-05-15,12.3,43200,Meets Expectations,4,Satisfied,5,No,None,28,2,1.5,12,No,36-45,<50K,10+ Years
EMP10244,Arjun,Rao,Male,33,Marketing,Content Specialist,Bengaluru,Diploma,Full-Time,Hybrid,2012-12-20,13.7,93600,Outstanding,5,Very Satisfied,2,No,Rarely,38,1,7.4,4,No,26-35,75K-100K,10+ Years
EMP10245,Ananya,Reddy,Female,25,Marketing,Digital Marketing Analyst,Hyderabad,Bachelor's,Full-Time,Hybrid,2014-11-14,11.8,90100,Outstanding,4,Satisfied,5,No,Rarely,13,2,5.6,6,No,21-25,75K-100K,10+ Years
EMP10246,Priya,Joshi,Female,38,Sales,Sales Executive,Pune,Bachelor's,Full-Time,Onsite,2017-11-13,8.8,84100,Meets Expectations,5,Very Satisfied,3,Yes,None,32,0,5.2,13,No,36-45,75K-100K,5-10 Years
EMP10247,Kiran,Joshi,Female,31,Operations,Operations Manager,Hyderabad,Master's,Full-Time,Hybrid,2018-06-20,8.2,73900,Exceeds Expectations,3,Neutral,1,Yes,None,13,2,11.8,6,No,26-35,50K-75K,5-10 Years
EMP10248,Neha,Gupta,Female,43,Finance,Senior Accountant,Chennai,Master's,Full-Time,Onsite,2016-12-20,9.7,66000,Outstanding,5,Very Satisfied,1,Yes,None,9,1,12.0,2,No,36-45,50K-75K,5-10 Years
EMP10249,Rohit,Rao,Male,52,Operations,Process Associate,Pune,MBA,Contract,Onsite,2022-03-03,4.5,63700,Meets Expectations,1,Very Dissatisfied,3,No,None,39,0,5.0,17,No,46-55,50K-75K,3-5 Years
EMP10250,Pooja,Joshi,Male,43,Sales,Sales Manager,Delhi NCR,Bachelor's,Full-Time,Hybrid,2014-06-20,12.2,44600,Meets Expectations,5,Very Satisfied,5,Yes,None,10,3,11.2,6,No,36-45,<50K,10+ Years
EMP10251,Neha,Verma,Female,44,Technology,Software Engineer,Delhi NCR,Bachelor's,Full-Time,Hybrid,2013-10-08,12.9,111400,Needs Improvement,1,Very Dissatisfied,3,Yes,None,5,1,3.1,14,No,36-45,100K-150K,10+ Years
EMP10252,Vikram,Iyer,Male,22,Human Resources,HR Analyst,Ahmedabad,Bachelor's,Full-Time,Hybrid,2022-06-20,4.2,49700,Meets Expectations,1,Very Dissatisfied,1,No,Frequently,24,2,2.5,19,No,21-25,<50K,3-5 Years
EMP10253,Neha,Das,Female,46,Technology,BI Analyst,Hyderabad,Bachelor's,Full-Time,Onsite,2013-01-25,13.6,119400,Meets Expectations,4,Satisfied,2,Yes,None,24,2,7.9,1,No,46-55,100K-150K,10+ Years
EMP10254,Kiran,Singh,Male,38,Finance,Finance Manager,Chennai,Master's,Full-Time,Hybrid,2013-11-13,12.8,62800,Needs Improvement,2,Dissatisfied,5,No,None,19,0,6.1,3,No,36-45,50K-75K,10+ Years
EMP10255,Priya,Gupta,Male,25,Marketing,Digital Marketing Analyst,Kolkata,Bachelor's,Full-Time,Onsite,2020-03-02,6.5,51900,Meets Expectations,1,Very Dissatisfied,5,No,None,3,1,9.0,6,No,21-25,50K-75K,5-10 Years
EMP10256,Kavya,Reddy,Female,29,Technology,Data Analyst,Pune,Bachelor's,Full-Time,Onsite,2012-12-20,13.7,63500,Needs Improvement,5,Very Satisfied,4,No,None,4,1,1.5,15,No,26-35,50K-75K,10+ Years
EMP10257,Rahul,Sharma,Female,52,Marketing,Marketing Executive,Kolkata,Master's,Full-Time,Hybrid,2024-09-01,2.0,80600,Outstanding,3,Neutral,5,No,Rarely,31,3,5.9,0,No,46-55,75K-100K,1-3 Years
EMP10258,Rahul,Reddy,Female,57,Sales,Account Manager,Delhi NCR,Bachelor's,Full-Time,Remote,2026-01-25,0.6,47700,Meets Expectations,3,Neutral,5,No,None,6,1,8.2,0,No,56+,<50K,<1 Year
EMP10259,Aditya,Iyer,Female,41,Technology,BI Analyst,Chennai,MBA,Full-Time,Remote,2021-05-15,5.3,72400,Needs Improvement,2,Dissatisfied,3,No,None,11,2,6.1,18,No,36-45,50K-75K,5-10 Years
EMP10260,Rahul,Reddy,Female,60,Marketing,Marketing Executive,Hyderabad,Bachelor's,Full-Time,Hybrid,2018-01-25,8.6,52400,Meets Expectations,4,Satisfied,5,No,Frequently,32,0,3.6,12,No,56+,50K-75K,5-10 Years
EMP10261,Kavya,Kumar,Male,28,Operations,Process Associate,Mumbai,Bachelor's,Full-Time,Onsite,2021-04-08,5.4,51300,Outstanding,2,Dissatisfied,1,No,Rarely,13,0,6.1,2,No,26-35,50K-75K,5-10 Years
EMP10262,Arjun,Nair,Female,32,Technology,Software Engineer,Hyderabad,Bachelor's,Full-Time,Hybrid,2012-07-26,14.1,124600,Meets Expectations,3,Neutral,5,No,None,14,1,7.1,5,Yes,26-35,100K-150K,10+ Years
EMP10263,Pooja,Kumar,Male,58,Finance,Finance Manager,Pune,Bachelor's,Contract,Hybrid,2022-09-01,4.0,77200,Meets Expectations,1,Very Dissatisfied,3,No,None,37,0,6.7,12,Yes,56+,75K-100K,3-5 Years
EMP10264,Vikram,Reddy,Male,28,Customer Support,Customer Success Specialist,Chennai,MBA,Full-Time,Remote,2022-04-08,4.4,42300,Needs Improvement,2,Dissatisfied,3,Yes,Frequently,32,1,6.9,5,No,26-35,<50K,3-5 Years
EMP10265,Rohit,Nair,Female,47,Customer Support,Team Lead,Hyderabad,Diploma,Full-Time,Hybrid,2017-01-25,9.6,38800,Outstanding,1,Very Dissatisfied,5,No,Rarely,29,1,5.4,2,No,46-55,<50K,5-10 Years
EMP10266,Nikhil,Iyer,Male,29,Marketing,Content Specialist,Hyderabad,Bachelor's,Full-Time,Hybrid,2026-05-15,0.3,44500,Needs Improvement,2,Dissatisfied,2,Yes,Frequently,7,0,4.1,11,No,26-35,<50K,<1 Year
EMP10267,Sneha,Reddy,Male,34,Human Resources,Recruiter,Ahmedabad,Bachelor's,Full-Time,Onsite,2015-09-02,11.0,60400,Needs Improvement,2,Dissatisfied,1,Yes,None,11,3,1.0,1,No,26-35,50K-75K,10+ Years
EMP10268,Neha,Gupta,Female,40,Finance,Finance Manager,Chennai,Bachelor's,Full-Time,Onsite,2020-11-13,5.8,55200,Outstanding,4,Satisfied,4,No,Rarely,24,1,0.7,22,No,36-45,50K-75K,5-10 Years
EMP10269,Kavya,Verma,Male,35,Marketing,Marketing Manager,Hyderabad,Bachelor's,Contract,Hybrid,2011-12-20,14.7,44900,Meets Expectations,5,Very Satisfied,4,Yes,None,34,0,6.5,17,Yes,26-35,<50K,10+ Years
EMP10270,Aditya,Iyer,Male,55,Marketing,Marketing Manager,Pune,Bachelor's,Full-Time,Remote,2016-04-08,10.4,48900,Needs Improvement,3,Neutral,1,No,None,20,1,10.3,5,No,46-55,<50K,10+ Years
EMP10271,Pooja,Iyer,Female,59,Finance,Financial Analyst,Mumbai,Bachelor's,Full-Time,Hybrid,2025-09-01,1.0,67400,Exceeds Expectations,5,Very Satisfied,3,Yes,Rarely,30,3,9.5,21,No,56+,50K-75K,<1 Year
EMP10272,Nikhil,Verma,Male,41,Sales,Account Manager,Ahmedabad,Diploma,Full-Time,Onsite,2025-01-25,1.6,74100,Meets Expectations,2,Dissatisfied,2,No,Rarely,13,3,6.5,12,No,36-45,50K-75K,1-3 Years
EMP10273,Pooja,Joshi,Female,42,Technology,Software Engineer,Chennai,Master's,Full-Time,Hybrid,2025-03-03,1.5,63200,Meets Expectations,3,Neutral,5,Yes,None,14,1,7.7,5,No,36-45,50K-75K,1-3 Years
EMP10274,Kavya,Kumar,Female,23,Customer Support,Customer Success Specialist,Bengaluru,MBA,Full-Time,Onsite,2012-05-14,14.3,58500,Outstanding,4,Satisfied,5,No,None,24,2,11.7,8,No,21-25,50K-75K,10+ Years
EMP10275,Vihaan,Gupta,Male,30,Finance,Finance Manager,Chennai,Bachelor's,Full-Time,Remote,2016-05-14,10.3,85100,Meets Expectations,1,Very Dissatisfied,1,No,Rarely,23,0,11.6,17,No,26-35,75K-100K,10+ Years
EMP10276,Ananya,Kumar,Male,22,Human Resources,HR Executive,Delhi NCR,Bachelor's,Contract,Onsite,2020-03-02,6.5,86500,Meets Expectations,3,Neutral,3,Yes,None,5,0,11.9,15,No,21-25,75K-100K,5-10 Years
EMP10277,Isha,Sharma,Female,55,Human Resources,HR Executive,Bengaluru,Bachelor's,Contract,Onsite,2023-06-21,3.2,51300,Exceeds Expectations,5,Very Satisfied,4,Yes,None,15,2,0.4,8,No,46-55,50K-75K,3-5 Years
EMP10278,Aisha,Das,Female,30,Operations,Process Associate,Delhi NCR,MBA,Full-Time,Hybrid,2013-07-27,13.1,73200,Exceeds Expectations,3,Neutral,2,Yes,None,35,2,7.7,21,Yes,26-35,50K-75K,10+ Years
EMP10279,Neha,Verma,Female,34,Sales,Account Manager,Pune,Bachelor's,Full-Time,Hybrid,2023-06-21,3.2,79500,Meets Expectations,5,Very Satisfied,5,Yes,None,21,0,9.0,1,No,26-35,75K-100K,3-5 Years
EMP10280,Pooja,Sharma,Female,54,Sales,Sales Executive,Ahmedabad,Bachelor's,Full-Time,Hybrid,2015-12-20,10.7,84700,Exceeds Expectations,4,Satisfied,5,Yes,Frequently,30,0,1.4,9,No,46-55,75K-100K,10+ Years
EMP10281,Priya,Das,Male,49,Technology,BI Analyst,Chennai,Master's,Full-Time,Hybrid,2015-03-03,11.5,115300,Outstanding,1,Very Dissatisfied,1,No,None,33,1,4.5,6,No,46-55,100K-150K,10+ Years
EMP10282,Rahul,Joshi,Female,45,Human Resources,Recruiter,Mumbai,Bachelor's,Contract,Remote,2022-01-25,4.6,48200,Needs Improvement,3,Neutral,1,Yes,None,11,0,2.1,20,Yes,36-45,<50K,3-5 Years
EMP10283,Aarav,Singh,Male,22,Marketing,Content Specialist,Delhi NCR,Master's,Full-Time,Hybrid,2018-12-20,7.7,92900,Meets Expectations,2,Dissatisfied,3,No,Rarely,9,1,4.7,4,No,21-25,75K-100K,5-10 Years
EMP10284,Meera,Sharma,Male,43,Human Resources,HR Manager,Kolkata,MBA,Full-Time,Onsite,2023-03-03,3.5,83100,Meets Expectations,5,Very Satisfied,5,No,None,23,2,5.4,21,Yes,36-45,75K-100K,3-5 Years
EMP10285,Sneha,Patel,Male,43,Human Resources,HR Manager,Hyderabad,MBA,Contract,Onsite,2020-11-13,5.8,52700,Needs Improvement,2,Dissatisfied,4,No,Rarely,19,0,2.3,17,No,36-45,50K-75K,5-10 Years
EMP10286,Pooja,Gupta,Male,33,Customer Support,Support Analyst,Pune,Bachelor's,Contract,Hybrid,2012-03-02,14.5,38600,Meets Expectations,3,Neutral,4,No,None,36,0,6.1,20,No,26-35,<50K,10+ Years
EMP10287,Aisha,Sharma,Female,50,Technology,Data Analyst,Hyderabad,Master's,Full-Time,Hybrid,2016-03-02,10.5,124200,Meets Expectations,4,Satisfied,4,No,Frequently,7,2,2.4,8,No,46-55,100K-150K,10+ Years
EMP10288,Vikram,Singh,Female,58,Marketing,Content Specialist,Hyderabad,Bachelor's,Full-Time,Hybrid,2013-12-20,12.7,51600,Meets Expectations,5,Very Satisfied,1,Yes,Rarely,17,2,11.1,5,No,56+,50K-75K,10+ Years
EMP10289,Arjun,Kumar,Male,31,Human Resources,HR Analyst,Chennai,Bachelor's,Full-Time,Onsite,2018-06-20,8.2,81200,Meets Expectations,3,Neutral,1,No,Rarely,1,2,2.2,4,No,26-35,75K-100K,5-10 Years
EMP10290,Isha,Gupta,Female,34,Human Resources,HR Analyst,Chennai,Diploma,Contract,Onsite,2022-12-20,3.7,62400,Meets Expectations,5,Very Satisfied,1,Yes,None,14,1,6.2,16,Yes,26-35,50K-75K,3-5 Years
EMP10291,Pooja,Kumar,Female,33,Operations,Process Associate,Delhi NCR,Bachelor's,Full-Time,Onsite,2015-11-14,10.8,70100,Meets Expectations,1,Very Dissatisfied,5,No,Frequently,24,0,4.3,2,No,26-35,50K-75K,10+ Years
EMP10292,Ananya,Das,Female,54,Technology,IT Support Specialist,Delhi NCR,Bachelor's,Contract,Hybrid,2019-01-26,7.6,64900,Needs Improvement,5,Very Satisfied,5,Yes,Rarely,32,0,5.2,7,Yes,46-55,50K-75K,5-10 Years
EMP10293,Rahul,Patel,Male,24,Customer Support,Customer Success Specialist,Ahmedabad,Master's,Full-Time,Hybrid,2023-11-14,2.8,60300,Meets Expectations,2,Dissatisfied,5,No,None,34,2,4.8,10,No,21-25,50K-75K,1-3 Years
EMP10294,Isha,Reddy,Male,56,Finance,Finance Manager,Pune,Bachelor's,Contract,Onsite,2020-05-14,6.3,78700,Meets Expectations,4,Satisfied,1,No,None,0,2,11.7,4,No,56+,75K-100K,5-10 Years
EMP10295,Isha,Patel,Male,52,Human Resources,HR Manager,Mumbai,Bachelor's,Full-Time,Hybrid,2017-01-25,9.6,87400,Meets Expectations,3,Neutral,5,Yes,None,35,3,8.0,10,No,46-55,75K-100K,5-10 Years
EMP10296,Neha,Iyer,Male,40,Human Resources,HR Manager,Bengaluru,Bachelor's,Full-Time,Remote,2015-07-27,11.1,51500,Needs Improvement,4,Satisfied,5,No,None,28,2,0.8,10,No,36-45,50K-75K,10+ Years
EMP10297,Ananya,Das,Female,44,Operations,Operations Executive,Chennai,MBA,Full-Time,Onsite,2022-11-14,3.8,42400,Meets Expectations,1,Very Dissatisfied,4,No,None,8,3,10.1,3,No,36-45,<50K,3-5 Years
EMP10298,Divya,Gupta,Male,56,Human Resources,Recruiter,Hyderabad,Diploma,Full-Time,Onsite,2013-06-20,13.2,51900,Exceeds Expectations,3,Neutral,3,No,Frequently,8,3,6.6,11,No,56+,50K-75K,10+ Years
EMP10299,Meera,Kumar,Male,51,Technology,Software Engineer,Ahmedabad,Master's,Contract,Hybrid,2020-11-13,5.8,64000,Needs Improvement,1,Very Dissatisfied,1,No,Frequently,31,1,1.6,12,No,46-55,50K-75K,5-10 Years
EMP10300,Rahul,Singh,Male,32,Sales,Business Development Executive,Mumbai,Bachelor's,Full-Time,Onsite,2022-06-20,4.2,84900,Meets Expectations,3,Neutral,2,No,None,28,0,5.8,14,No,26-35,75K-100K,3-5 Years
EMP10301,Rohit,Rao,Female,23,Finance,Financial Analyst,Hyderabad,Bachelor's,Full-Time,Onsite,2023-07-27,3.1,55900,Meets Expectations,3,Neutral,2,No,Frequently,8,0,1.8,5,No,21-25,50K-75K,3-5 Years
EMP10302,Neha,Iyer,Female,47,Operations,Process Associate,Pune,MBA,Full-Time,Remote,2014-07-27,12.1,46500,Meets Expectations,2,Dissatisfied,4,No,Rarely,17,3,6.8,7,Yes,46-55,<50K,10+ Years
EMP10303,Arjun,Patel,Male,26,Sales,Sales Executive,Kolkata,Bachelor's,Full-Time,Hybrid,2021-04-08,5.4,76900,Meets Expectations,3,Neutral,5,No,None,35,1,4.6,21,No,26-35,75K-100K,5-10 Years
EMP10304,Aarav,Das,Female,24,Customer Support,Customer Success Specialist,Kolkata,Master's,Full-Time,Hybrid,2019-04-09,7.4,41800,Exceeds Expectations,2,Dissatisfied,3,No,Frequently,0,1,1.0,1,No,21-25,<50K,5-10 Years
EMP10305,Ananya,Patel,Male,60,Human Resources,HR Executive,Delhi NCR,Bachelor's,Full-Time,Remote,2023-03-03,3.5,53200,Needs Improvement,1,Very Dissatisfied,1,No,Rarely,20,1,7.9,6,No,56+,50K-75K,3-5 Years
EMP10306,Meera,Reddy,Male,39,Sales,Business Development Executive,Delhi NCR,Bachelor's,Full-Time,Onsite,2016-04-08,10.4,70500,Meets Expectations,1,Very Dissatisfied,2,Yes,Rarely,35,3,3.0,6,No,36-45,50K-75K,10+ Years
EMP10307,Pooja,Das,Female,47,Finance,Accountant,Ahmedabad,Bachelor's,Full-Time,Remote,2014-11-14,11.8,72100,Exceeds Expectations,2,Dissatisfied,4,Yes,None,0,0,9.2,5,No,46-55,50K-75K,10+ Years
EMP10308,Arjun,Reddy,Female,29,Human Resources,Recruiter,Ahmedabad,Bachelor's,Full-Time,Remote,2021-06-20,5.2,84100,Needs Improvement,4,Satisfied,4,No,None,22,0,10.9,18,Yes,26-35,75K-100K,5-10 Years
EMP10309,Rahul,Das,Male,25,Finance,Financial Analyst,Chennai,Master's,Full-Time,Hybrid,2012-06-20,14.2,86100,Meets Expectations,3,Neutral,1,Yes,Frequently,22,2,3.1,20,No,21-25,75K-100K,10+ Years
EMP10310,Vikram,Iyer,Male,23,Sales,Account Manager,Ahmedabad,Master's,Full-Time,Remote,2025-12-20,0.7,52500,Outstanding,1,Very Dissatisfied,2,Yes,None,12,3,3.8,19,Yes,21-25,50K-75K,<1 Year
EMP10311,Meera,Reddy,Female,35,Marketing,Content Specialist,Delhi NCR,Bachelor's,Full-Time,Hybrid,2024-06-20,2.2,74700,Meets Expectations,3,Neutral,2,Yes,None,22,2,0.7,4,No,26-35,50K-75K,1-3 Years
EMP10312,Isha,Gupta,Female,21,Marketing,Content Specialist,Hyderabad,Diploma,Contract,Onsite,2017-10-08,8.9,88700,Meets Expectations,3,Neutral,1,No,None,28,3,5.9,1,No,21-25,75K-100K,5-10 Years
EMP10313,Meera,Reddy,Female,37,Sales,Sales Executive,Delhi NCR,Master's,Full-Time,Onsite,2016-01-26,10.6,56100,Meets Expectations,2,Dissatisfied,2,No,None,11,2,10.1,20,No,36-45,50K-75K,10+ Years
EMP10314,Sanjay,Rao,Male,33,Technology,Data Analyst,Bengaluru,Master's,Full-Time,Hybrid,2022-10-08,3.9,110200,Outstanding,1,Very Dissatisfied,5,No,None,20,1,1.5,4,No,26-35,100K-150K,3-5 Years
EMP10315,Vihaan,Rao,Female,42,Technology,Data Analyst,Kolkata,Bachelor's,Full-Time,Hybrid,2018-04-08,8.4,87700,Needs Improvement,2,Dissatisfied,1,No,Frequently,22,0,2.2,18,No,36-45,75K-100K,5-10 Years
EMP10316,Kavya,Sharma,Female,44,Marketing,Marketing Manager,Bengaluru,Master's,Contract,Hybrid,2021-10-08,4.9,71800,Meets Expectations,1,Very Dissatisfied,3,No,None,1,0,9.0,1,No,36-45,50K-75K,3-5 Years
EMP10317,Meera,Kumar,Female,33,Operations,Operations Manager,Chennai,Master's,Contract,Onsite,2018-04-08,8.4,70500,Needs Improvement,2,Dissatisfied,4,No,Frequently,8,3,7.7,13,Yes,26-35,50K-75K,5-10 Years
EMP10318,Vikram,Verma,Male,39,Operations,Operations Executive,Ahmedabad,Bachelor's,Full-Time,Onsite,2016-09-01,10.0,40200,Exceeds Expectations,3,Neutral,4,No,Rarely,26,2,2.6,11,No,36-45,<50K,5-10 Years
EMP10319,Rahul,Joshi,Male,24,Customer Support,Team Lead,Kolkata,Bachelor's,Full-Time,Onsite,2012-01-26,14.6,49900,Needs Improvement,5,Very Satisfied,2,Yes,None,20,3,2.2,19,No,21-25,<50K,10+ Years
EMP10320,Priya,Patel,Female,33,Operations,Operations Executive,Bengaluru,Master's,Full-Time,Hybrid,2019-10-08,6.9,41800,Meets Expectations,5,Very Satisfied,3,No,None,39,0,1.0,3,No,26-35,<50K,5-10 Years
EMP10321,Rahul,Joshi,Male,60,Finance,Accountant,Ahmedabad,Master's,Full-Time,Onsite,2016-11-13,9.8,91200,Meets Expectations,4,Satisfied,4,Yes,None,34,0,0.4,1,No,56+,75K-100K,5-10 Years
EMP10322,Isha,Kumar,Female,60,Sales,Business Development Executive,Chennai,Bachelor's,Full-Time,Onsite,2017-11-13,8.8,67400,Meets Expectations,2,Dissatisfied,4,Yes,Frequently,9,1,5.2,17,No,56+,50K-75K,5-10 Years
EMP10323,Nikhil,Sharma,Male,40,Marketing,Marketing Manager,Mumbai,Diploma,Full-Time,Remote,2021-10-08,4.9,60600,Meets Expectations,5,Very Satisfied,5,No,Rarely,40,2,1.5,8,No,36-45,50K-75K,3-5 Years
EMP10324,Pooja,Singh,Male,58,Customer Support,Customer Success Specialist,Hyderabad,Diploma,Full-Time,Hybrid,2022-10-08,3.9,35200,Meets Expectations,5,Very Satisfied,2,No,None,35,3,3.6,18,No,56+,<50K,3-5 Years
EMP10325,Sneha,Sharma,Female,41,Customer Support,Team Lead,Hyderabad,Master's,Full-Time,Remote,2011-11-14,14.8,68100,Meets Expectations,2,Dissatisfied,1,Yes,Frequently,17,2,10.5,6,No,36-45,50K-75K,10+ Years
EMP10326,Sanjay,Sharma,Male,26,Technology,Data Analyst,Chennai,Bachelor's,Contract,Onsite,2023-05-15,3.3,80600,Exceeds Expectations,1,Very Dissatisfied,5,No,Frequently,25,3,0.8,11,No,26-35,75K-100K,3-5 Years
EMP10327,Sanjay,Patel,Male,55,Technology,BI Analyst,Pune,Bachelor's,Contract,Hybrid,2014-10-08,11.9,77800,Needs Improvement,3,Neutral,4,No,None,11,3,9.6,12,No,46-55,75K-100K,10+ Years
EMP10328,Neha,Gupta,Female,37,Sales,Sales Executive,Hyderabad,MBA,Full-Time,Hybrid,2024-04-08,2.4,43700,Meets Expectations,3,Neutral,3,No,Rarely,3,3,4.7,10,No,36-45,<50K,1-3 Years
EMP10329,Rahul,Iyer,Male,45,Sales,Sales Executive,Hyderabad,Bachelor's,Contract,Remote,2014-07-27,12.1,66000,Meets Expectations,4,Satisfied,3,No,Rarely,9,1,5.1,14,No,36-45,50K-75K,10+ Years
EMP10330,Sanjay,Gupta,Male,46,Human Resources,HR Analyst,Delhi NCR,Bachelor's,Full-Time,Hybrid,2023-10-08,2.9,55400,Needs Improvement,1,Very Dissatisfied,5,No,Frequently,29,3,11.7,12,Yes,46-55,50K-75K,1-3 Years
EMP10331,Pooja,Nair,Male,33,Human Resources,Recruiter,Mumbai,Bachelor's,Contract,Remote,2012-03-02,14.5,84500,Meets Expectations,3,Neutral,5,Yes,None,23,3,6.9,9,No,26-35,75K-100K,10+ Years
EMP10332,Meera,Nair,Male,50,Finance,Senior Accountant,Mumbai,Bachelor's,Contract,Onsite,2016-04-08,10.4,88700,Meets Expectations,2,Dissatisfied,5,No,None,18,2,0.6,5,No,46-55,75K-100K,10+ Years
EMP10333,Aarav,Verma,Male,41,Finance,Accountant,Mumbai,Master's,Full-Time,Onsite,2025-03-03,1.5,49000,Outstanding,3,Neutral,3,Yes,None,19,0,9.6,3,No,36-45,<50K,1-3 Years
EMP10334,Neha,Sharma,Male,35,Operations,Process Associate,Ahmedabad,MBA,Full-Time,Remote,2016-03-02,10.5,63000,Needs Improvement,1,Very Dissatisfied,4,No,None,32,2,6.7,15,Yes,26-35,50K-75K,10+ Years
EMP10335,Isha,Singh,Male,32,Human Resources,Recruiter,Chennai,Bachelor's,Full-Time,Hybrid,2017-07-27,9.1,53700,Meets Expectations,3,Neutral,3,Yes,None,28,2,9.4,20,Yes,26-35,50K-75K,5-10 Years
EMP10336,Nikhil,Kumar,Female,50,Operations,Operations Executive,Ahmedabad,Master's,Contract,Onsite,2021-06-20,5.2,38200,Meets Expectations,1,Very Dissatisfied,3,Yes,Rarely,26,2,2.0,15,No,46-55,<50K,5-10 Years
EMP10337,Rahul,Verma,Female,30,Customer Support,Support Analyst,Pune,Master's,Contract,Onsite,2022-07-27,4.1,56200,Exceeds Expectations,5,Very Satisfied,4,No,None,20,0,3.3,3,No,26-35,50K-75K,3-5 Years
EMP10338,Sanjay,Das,Female,25,Finance,Finance Manager,Kolkata,Master's,Full-Time,Hybrid,2015-11-14,10.8,60700,Meets Expectations,4,Satisfied,1,Yes,None,0,1,10.9,3,No,21-25,50K-75K,10+ Years
EMP10339,Meera,Rao,Female,56,Technology,Data Analyst,Delhi NCR,Bachelor's,Contract,Onsite,2015-06-21,11.2,121700,Meets Expectations,5,Very Satisfied,5,Yes,Rarely,13,2,5.3,9,No,56+,100K-150K,10+ Years
EMP10340,Arjun,Verma,Female,34,Customer Support,Customer Success Specialist,Pune,Master's,Full-Time,Hybrid,2021-09-01,5.0,54400,Meets Expectations,4,Satisfied,2,No,None,5,0,6.2,7,No,26-35,50K-75K,3-5 Years
EMP10341,Rohit,Gupta,Female,46,Marketing,Digital Marketing Analyst,Hyderabad,Master's,Full-Time,Onsite,2013-06-20,13.2,54400,Outstanding,5,Very Satisfied,3,Yes,None,31,2,7.8,5,No,46-55,50K-75K,10+ Years
EMP10342,Meera,Sharma,Non-Binary,49,Finance,Finance Manager,Hyderabad,Bachelor's,Full-Time,Onsite,2022-06-20,4.2,106000,Needs Improvement,2,Dissatisfied,4,No,Rarely,14,2,6.4,10,Yes,46-55,100K-150K,3-5 Years
EMP10343,Kavya,Nair,Female,54,Marketing,Marketing Manager,Delhi NCR,MBA,Full-Time,Hybrid,2025-06-20,1.2,72000,Meets Expectations,1,Very Dissatisfied,2,No,Frequently,10,2,9.1,11,No,46-55,50K-75K,1-3 Years
EMP10344,Kiran,Nair,Female,46,Human Resources,HR Analyst,Bengaluru,Bachelor's,Full-Time,Onsite,2017-07-27,9.1,50300,Needs Improvement,5,Very Satisfied,2,No,None,19,3,2.8,20,Yes,46-55,50K-75K,5-10 Years
EMP10345,Kavya,Iyer,Male,49,Customer Support,Customer Success Specialist,Mumbai,Master's,Full-Time,Hybrid,2024-11-13,1.8,52300,Needs Improvement,4,Satisfied,1,No,Frequently,19,1,11.1,17,Yes,46-55,50K-75K,1-3 Years
EMP10346,Arjun,Singh,Female,54,Technology,Data Analyst,Delhi NCR,Master's,Full-Time,Onsite,2022-05-15,4.3,125800,Meets Expectations,4,Satisfied,1,No,Frequently,38,0,0.8,3,No,46-55,100K-150K,3-5 Years
EMP10347,Neha,Iyer,Male,58,Customer Support,Customer Success Specialist,Delhi NCR,Master's,Full-Time,Hybrid,2018-12-20,7.7,48700,Needs Improvement,2,Dissatisfied,5,No,Rarely,7,0,6.1,13,No,56+,<50K,5-10 Years
EMP10348,Sanjay,Patel,Female,22,Customer Support,Customer Success Specialist,Bengaluru,Bachelor's,Contract,Hybrid,2022-04-08,4.4,48700,Meets Expectations,2,Dissatisfied,3,Yes,Frequently,33,0,12.0,1,No,21-25,<50K,3-5 Years
EMP10349,Pooja,Singh,Female,50,Technology,Data Analyst,Hyderabad,Master's,Full-Time,Onsite,2023-04-09,3.4,90900,Needs Improvement,4,Satisfied,4,No,None,8,1,8.0,22,No,46-55,75K-100K,3-5 Years
EMP10350,Neha,Das,Male,27,Technology,BI Analyst,Pune,Bachelor's,Full-Time,Hybrid,2016-01-26,10.6,78200,Exceeds Expectations,3,Neutral,1,Yes,None,32,3,5.9,3,No,26-35,75K-100K,10+ Years
EMP10351,Aditya,Rao,Male,56,Human Resources,HR Executive,Chennai,Bachelor's,Full-Time,Hybrid,2018-05-15,8.3,50200,Meets Expectations,1,Very Dissatisfied,5,No,Frequently,22,3,11.4,21,No,56+,50K-75K,5-10 Years
EMP10352,Kavya,Singh,Female,22,Sales,Sales Manager,Hyderabad,Bachelor's,Full-Time,Onsite,2014-01-25,12.6,66100,Meets Expectations,2,Dissatisfied,2,No,None,22,0,1.1,5,No,21-25,50K-75K,10+ Years
EMP10353,Kavya,Verma,Male,30,Finance,Financial Analyst,Chennai,Bachelor's,Contract,Onsite,2017-11-13,8.8,101100,Exceeds Expectations,2,Dissatisfied,3,Yes,None,28,2,5.2,22,No,26-35,100K-150K,5-10 Years
EMP10354,Kiran,Rao,Female,28,Human Resources,HR Analyst,Hyderabad,Master's,Full-Time,Hybrid,2019-04-09,7.4,79100,Meets Expectations,5,Very Satisfied,3,No,None,3,2,10.9,14,No,26-35,75K-100K,5-10 Years
EMP10355,Ananya,Reddy,Male,45,Customer Support,Team Lead,Bengaluru,Bachelor's,Full-Time,Onsite,2022-07-27,4.1,36000,Outstanding,2,Dissatisfied,4,No,None,32,0,8.2,12,No,36-45,<50K,3-5 Years
EMP10356,Kiran,Joshi,Male,21,Customer Support,Team Lead,Chennai,Bachelor's,Full-Time,Hybrid,2014-10-08,11.9,47800,Needs Improvement,3,Neutral,1,Yes,None,30,2,4.5,0,No,21-25,<50K,10+ Years
EMP10357,Neha,Das,Female,21,Technology,BI Analyst,Mumbai,MBA,Contract,Hybrid,2023-07-27,3.1,58900,Exceeds Expectations,3,Neutral,5,No,None,8,0,11.7,16,No,21-25,50K-75K,3-5 Years
EMP10358,Rahul,Reddy,Female,41,Customer Support,Support Analyst,Chennai,Bachelor's,Full-Time,Onsite,2022-11-14,3.8,44200,Exceeds Expectations,1,Very Dissatisfied,1,No,Frequently,3,0,9.2,0,Yes,36-45,<50K,3-5 Years
EMP10359,Nikhil,Kumar,Male,59,Sales,Sales Executive,Delhi NCR,Bachelor's,Full-Time,Onsite,2013-12-20,12.7,70300,Meets Expectations,3,Neutral,4,No,None,29,2,11.7,11,No,56+,50K-75K,10+ Years
EMP10360,Sneha,Verma,Female,42,Operations,Operations Analyst,Bengaluru,MBA,Full-Time,Onsite,2015-06-21,11.2,50600,Meets Expectations,2,Dissatisfied,2,No,Frequently,3,2,7.1,20,Yes,36-45,50K-75K,10+ Years
EMP10361,Aarav,Rao,Male,38,Operations,Operations Manager,Hyderabad,Bachelor's,Full-Time,Onsite,2017-05-15,9.3,75300,Exceeds Expectations,5,Very Satisfied,5,No,None,23,2,0.3,17,No,36-45,75K-100K,5-10 Years
EMP10362,Divya,Reddy,Male,47,Customer Support,Team Lead,Ahmedabad,Bachelor's,Full-Time,Hybrid,2025-11-13,0.8,50700,Exceeds Expectations,2,Dissatisfied,3,No,None,10,2,11.7,2,No,46-55,50K-75K,<1 Year
EMP10363,Aarav,Singh,Female,43,Technology,BI Analyst,Chennai,Bachelor's,Contract,Onsite,2024-07-26,2.1,105500,Meets Expectations,2,Dissatisfied,5,No,Frequently,29,3,9.9,3,No,36-45,100K-150K,1-3 Years
EMP10364,Pooja,Iyer,Female,36,Customer Support,Team Lead,Mumbai,Master's,Full-Time,Hybrid,2019-01-26,7.6,66500,Meets Expectations,3,Neutral,5,No,None,37,0,6.7,7,No,36-45,50K-75K,5-10 Years
EMP10365,Kavya,Patel,Female,44,Sales,Account Manager,Delhi NCR,Master's,Contract,Onsite,2015-06-21,11.2,71000,Meets Expectations,2,Dissatisfied,2,No,None,34,3,2.1,16,No,36-45,50K-75K,10+ Years
EMP10366,Ananya,Patel,Male,21,Human Resources,HR Executive,Pune,Bachelor's,Full-Time,Remote,2019-07-27,7.1,87200,Needs Improvement,3,Neutral,2,No,Frequently,30,1,10.6,8,No,21-25,75K-100K,5-10 Years
EMP10367,Sanjay,Das,Male,30,Human Resources,HR Executive,Hyderabad,Master's,Full-Time,Hybrid,2026-03-03,0.5,82700,Outstanding,4,Satisfied,1,Yes,None,26,1,7.7,13,No,26-35,75K-100K,<1 Year
EMP10368,Vikram,Joshi,Male,47,Finance,Finance Manager,Kolkata,Bachelor's,Full-Time,Hybrid,2023-10-08,2.9,81900,Needs Improvement,5,Very Satisfied,4,Yes,None,3,1,0.2,18,No,46-55,75K-100K,1-3 Years
EMP10369,Neha,Kumar,Male,34,Sales,Sales Manager,Delhi NCR,Bachelor's,Full-Time,Hybrid,2017-10-08,8.9,52900,Meets Expectations,5,Very Satisfied,1,No,Frequently,38,2,6.0,16,No,26-35,50K-75K,5-10 Years
EMP10370,Vikram,Singh,Female,23,Operations,Operations Analyst,Mumbai,Diploma,Full-Time,Onsite,2016-03-02,10.5,50900,Meets Expectations,2,Dissatisfied,1,Yes,None,37,2,11.8,20,Yes,21-25,50K-75K,10+ Years
EMP10371,Ananya,Joshi,Male,25,Finance,Senior Accountant,Kolkata,MBA,Full-Time,Hybrid,2025-12-20,0.7,100000,Meets Expectations,4,Satisfied,5,Yes,Rarely,2,1,7.1,19,No,21-25,75K-100K,<1 Year
EMP10372,Isha,Joshi,Female,55,Marketing,Marketing Manager,Chennai,Master's,Full-Time,Hybrid,2025-11-13,0.8,46300,Needs Improvement,2,Dissatisfied,4,No,None,32,0,8.6,17,No,46-55,<50K,<1 Year
EMP10373,Kavya,Singh,Male,34,Finance,Accountant,Hyderabad,Master's,Contract,Hybrid,2022-07-27,4.1,103800,Meets Expectations,5,Very Satisfied,3,No,None,4,2,8.0,5,No,26-35,100K-150K,3-5 Years
EMP10374,Kavya,Das,Male,21,Finance,Financial Analyst,Kolkata,Master's,Full-Time,Remote,2025-04-08,1.4,67900,Needs Improvement,1,Very Dissatisfied,1,No,None,24,3,6.3,11,Yes,21-25,50K-75K,1-3 Years
EMP10375,Priya,Patel,Male,50,Customer Support,Support Analyst,Kolkata,Bachelor's,Full-Time,Onsite,2018-06-20,8.2,60800,Meets Expectations,5,Very Satisfied,5,No,Rarely,10,3,8.4,18,No,46-55,50K-75K,5-10 Years
EMP10376,Aarav,Kumar,Female,42,Sales,Sales Manager,Pune,Bachelor's,Full-Time,Onsite,2024-09-01,2.0,54400,Outstanding,2,Dissatisfied,5,No,None,5,3,2.5,12,No,36-45,50K-75K,1-3 Years
EMP10377,Vihaan,Iyer,Male,39,Operations,Operations Executive,Bengaluru,Master's,Contract,Hybrid,2016-11-13,9.8,80400,Needs Improvement,4,Satisfied,1,No,Frequently,9,0,4.2,19,Yes,36-45,75K-100K,5-10 Years
EMP10378,Vihaan,Gupta,Male,56,Operations,Operations Analyst,Kolkata,Master's,Full-Time,Onsite,2014-12-20,11.7,39100,Exceeds Expectations,4,Satisfied,4,Yes,Rarely,13,3,10.7,10,No,56+,<50K,10+ Years
EMP10379,Kiran,Das,Male,33,Finance,Accountant,Hyderabad,Master's,Contract,Hybrid,2012-01-26,14.6,69400,Meets Expectations,2,Dissatisfied,2,No,Rarely,14,2,3.4,21,No,26-35,50K-75K,10+ Years
EMP10380,Sanjay,Kumar,Male,43,Technology,BI Analyst,Hyderabad,Bachelor's,Full-Time,Hybrid,2012-06-20,14.2,119400,Meets Expectations,5,Very Satisfied,4,No,None,12,2,5.1,22,No,36-45,100K-150K,10+ Years
EMP10381,Rahul,Sharma,Male,50,Sales,Sales Executive,Kolkata,Bachelor's,Full-Time,Hybrid,2022-06-20,4.2,51800,Meets Expectations,2,Dissatisfied,2,Yes,Rarely,18,1,1.4,7,Yes,46-55,50K-75K,3-5 Years
EMP10382,Ananya,Sharma,Non-Binary,45,Customer Support,Team Lead,Bengaluru,Diploma,Full-Time,Onsite,2026-01-25,0.6,42900,Meets Expectations,4,Satisfied,1,No,Rarely,26,3,11.2,22,No,36-45,<50K,<1 Year
EMP10383,Pooja,Nair,Female,29,Customer Support,Customer Success Specialist,Kolkata,Bachelor's,Full-Time,Onsite,2021-07-27,5.1,67000,Meets Expectations,5,Very Satisfied,4,No,None,19,0,3.4,9,No,26-35,50K-75K,5-10 Years
EMP10384,Divya,Patel,Female,48,Technology,Data Analyst,Mumbai,Bachelor's,Full-Time,Hybrid,2015-12-20,10.7,116800,Meets Expectations,1,Very Dissatisfied,5,No,Frequently,24,3,7.1,17,Yes,46-55,100K-150K,10+ Years
EMP10385,Kavya,Verma,Female,50,Sales,Sales Executive,Ahmedabad,Bachelor's,Contract,Onsite,2025-07-27,1.1,44000,Needs Improvement,5,Very Satisfied,4,No,None,15,3,4.9,14,No,46-55,<50K,1-3 Years
EMP10386,Aditya,Nair,Male,25,Sales,Business Development Executive,Kolkata,Bachelor's,Full-Time,Hybrid,2021-03-03,5.5,66200,Meets Expectations,5,Very Satisfied,1,No,Frequently,11,3,4.3,20,No,21-25,50K-75K,5-10 Years
EMP10387,Neha,Das,Female,27,Sales,Sales Executive,Chennai,Master's,Contract,Hybrid,2022-01-25,4.6,49500,Outstanding,2,Dissatisfied,3,No,Frequently,6,3,2.2,20,No,26-35,<50K,3-5 Years
EMP10388,Isha,Kumar,Male,47,Operations,Process Associate,Delhi NCR,Bachelor's,Full-Time,Hybrid,2023-04-09,3.4,47200,Meets Expectations,5,Very Satisfied,3,Yes,None,12,3,12.0,12,Yes,46-55,<50K,3-5 Years
EMP10389,Aisha,Verma,Male,25,Customer Support,Customer Success Specialist,Bengaluru,Master's,Full-Time,Onsite,2015-12-20,10.7,56100,Outstanding,1,Very Dissatisfied,4,No,None,7,3,3.6,2,No,21-25,50K-75K,10+ Years
EMP10390,Pooja,Gupta,Male,56,Technology,IT Support Specialist,Ahmedabad,MBA,Full-Time,Hybrid,2016-09-01,10.0,67200,Meets Expectations,1,Very Dissatisfied,4,Yes,None,21,0,4.9,12,No,56+,50K-75K,5-10 Years
EMP10391,Aarav,Verma,Female,25,Operations,Operations Executive,Ahmedabad,Bachelor's,Full-Time,Onsite,2018-07-27,8.1,58600,Meets Expectations,4,Satisfied,5,Yes,None,26,1,2.5,14,Yes,21-25,50K-75K,5-10 Years
EMP10392,Vikram,Das,Male,59,Technology,Software Engineer,Pune,Master's,Full-Time,Hybrid,2012-12-20,13.7,76500,Outstanding,5,Very Satisfied,4,No,Frequently,34,0,7.6,17,No,56+,75K-100K,10+ Years
EMP10393,Priya,Singh,Male,47,Finance,Senior Accountant,Mumbai,Bachelor's,Full-Time,Onsite,2024-12-20,1.7,98700,Meets Expectations,1,Very Dissatisfied,5,No,None,12,1,1.2,15,Yes,46-55,75K-100K,1-3 Years
EMP10394,Arjun,Patel,Male,38,Marketing,Content Specialist,Ahmedabad,Bachelor's,Full-Time,Hybrid,2024-04-08,2.4,72400,Needs Improvement,4,Satisfied,5,No,Rarely,5,2,8.0,8,No,36-45,50K-75K,1-3 Years
EMP10395,Vikram,Patel,Male,31,Operations,Operations Manager,Pune,Bachelor's,Contract,Hybrid,2020-10-08,5.9,47200,Meets Expectations,1,Very Dissatisfied,2,No,Frequently,33,3,6.1,19,No,26-35,<50K,5-10 Years
EMP10396,Rahul,Reddy,Male,34,Customer Support,Support Executive,Hyderabad,Bachelor's,Contract,Onsite,2016-10-08,9.9,68100,Meets Expectations,4,Satisfied,4,No,Frequently,29,2,7.8,15,Yes,26-35,50K-75K,5-10 Years
EMP10397,Rahul,Sharma,Female,50,Sales,Business Development Executive,Ahmedabad,Master's,Full-Time,Onsite,2017-11-13,8.8,77500,Meets Expectations,5,Very Satisfied,1,No,None,12,3,0.3,17,No,46-55,75K-100K,5-10 Years
EMP10398,Kavya,Gupta,Female,51,Technology,Data Analyst,Bengaluru,Master's,Full-Time,Hybrid,2025-05-15,1.3,77100,Meets Expectations,3,Neutral,4,No,Frequently,40,3,8.1,9,No,46-55,75K-100K,1-3 Years
EMP10399,Kavya,Iyer,Female,29,Technology,IT Support Specialist,Bengaluru,Bachelor's,Full-Time,Hybrid,2012-04-08,14.4,126000,Meets Expectations,1,Very Dissatisfied,2,No,None,26,3,0.7,7,No,26-35,100K-150K,10+ Years
EMP10400,Vihaan,Reddy,Male,42,Finance,Senior Accountant,Chennai,Bachelor's,Full-Time,Onsite,2021-12-20,4.7,64400,Meets Expectations,2,Dissatisfied,2,No,None,30,0,11.0,21,Yes,36-45,50K-75K,3-5 Years
EMP10401,Kavya,Patel,Female,60,Customer Support,Team Lead,Chennai,MBA,Contract,Onsite,2021-03-03,5.5,43600,Needs Improvement,3,Neutral,3,No,None,14,3,9.6,15,No,56+,<50K,5-10 Years
EMP10402,Pooja,Sharma,Female,31,Operations,Operations Manager,Bengaluru,MBA,Contract,Hybrid,2017-04-08,9.4,54900,Meets Expectations,4,Satisfied,2,Yes,Rarely,18,1,1.7,8,No,26-35,50K-75K,5-10 Years
EMP10403,Aarav,Kumar,Male,48,Finance,Finance Manager,Ahmedabad,Bachelor's,Contract,Hybrid,2012-06-20,14.2,58400,Meets Expectations,3,Neutral,4,No,None,14,1,6.8,8,No,46-55,50K-75K,10+ Years
EMP10404,Aisha,Reddy,Male,27,Customer Support,Support Analyst,Hyderabad,Diploma,Full-Time,Hybrid,2016-09-01,10.0,58800,Exceeds Expectations,3,Neutral,3,Yes,None,29,1,11.5,14,No,26-35,50K-75K,5-10 Years
EMP10405,Neha,Iyer,Female,54,Human Resources,HR Executive,Ahmedabad,MBA,Full-Time,Onsite,2012-05-14,14.3,70100,Meets Expectations,4,Satisfied,4,No,None,33,2,3.1,10,No,46-55,50K-75K,10+ Years
EMP10406,Aisha,Patel,Female,27,Human Resources,HR Analyst,Delhi NCR,Bachelor's,Contract,Hybrid,2023-09-02,3.0,87100,Meets Expectations,5,Very Satisfied,3,No,Frequently,35,2,1.1,0,No,26-35,75K-100K,1-3 Years
EMP10407,Divya,Iyer,Female,32,Human Resources,Recruiter,Pune,Bachelor's,Full-Time,Onsite,2017-04-08,9.4,54100,Meets Expectations,4,Satisfied,2,Yes,Rarely,13,1,5.2,2,No,26-35,50K-75K,5-10 Years
EMP10408,Neha,Nair,Male,39,Technology,IT Support Specialist,Chennai,Bachelor's,Full-Time,Hybrid,2014-03-03,12.5,70500,Outstanding,1,Very Dissatisfied,4,Yes,Rarely,31,2,1.8,13,No,36-45,50K-75K,10+ Years
EMP10409,Vikram,Patel,Male,35,Customer Support,Support Analyst,Hyderabad,Bachelor's,Contract,Hybrid,2018-12-20,7.7,46100,Meets Expectations,1,Very Dissatisfied,5,Yes,Rarely,28,1,9.4,3,Yes,26-35,<50K,5-10 Years
EMP10410,Aditya,Patel,Female,27,Sales,Sales Manager,Ahmedabad,Bachelor's,Full-Time,Hybrid,2021-01-25,5.6,45800,Meets Expectations,2,Dissatisfied,3,Yes,None,0,3,11.0,17,Yes,26-35,<50K,5-10 Years
EMP10411,Meera,Reddy,Female,46,Technology,Software Engineer,Delhi NCR,Bachelor's,Full-Time,Onsite,2011-11-14,14.8,124900,Outstanding,2,Dissatisfied,4,No,None,32,0,5.5,7,No,46-55,100K-150K,10+ Years
EMP10412,Neha,Iyer,Male,21,Technology,Data Analyst,Ahmedabad,Bachelor's,Full-Time,Onsite,2024-05-14,2.3,108900,Outstanding,4,Satisfied,4,Yes,None,5,2,12.0,19,No,21-25,100K-150K,1-3 Years
EMP10413,Nikhil,Das,Female,60,Technology,BI Analyst,Hyderabad,Bachelor's,Full-Time,Hybrid,2020-05-14,6.3,114400,Exceeds Expectations,5,Very Satisfied,1,Yes,None,5,2,2.4,17,Yes,56+,100K-150K,5-10 Years
EMP10414,Priya,Nair,Male,23,Sales,Business Development Executive,Ahmedabad,Bachelor's,Contract,Remote,2013-07-27,13.1,74000,Needs Improvement,3,Neutral,1,Yes,Frequently,4,1,11.0,20,No,21-25,50K-75K,10+ Years
EMP10415,Ananya,Sharma,Male,34,Sales,Account Manager,Kolkata,Diploma,Full-Time,Remote,2013-03-03,13.5,50400,Meets Expectations,5,Very Satisfied,3,Yes,None,22,1,4.0,14,No,26-35,50K-75K,10+ Years
EMP10416,Vihaan,Iyer,Female,58,Marketing,Marketing Executive,Mumbai,Master's,Contract,Hybrid,2011-12-20,14.7,50800,Needs Improvement,3,Neutral,2,Yes,Rarely,1,0,10.8,11,No,56+,50K-75K,10+ Years
EMP10417,Kiran,Kumar,Male,27,Customer Support,Customer Success Specialist,Mumbai,Diploma,Full-Time,Hybrid,2013-05-15,13.3,48900,Meets Expectations,4,Satisfied,4,No,Frequently,20,1,10.9,15,No,26-35,<50K,10+ Years
EMP10418,Kiran,Gupta,Male,23,Sales,Sales Executive,Pune,Bachelor's,Full-Time,Remote,2025-09-01,1.0,77800,Meets Expectations,4,Satisfied,5,No,Frequently,29,2,4.3,13,Yes,21-25,75K-100K,<1 Year
EMP10419,Sneha,Verma,Female,50,Finance,Finance Manager,Mumbai,Bachelor's,Full-Time,Hybrid,2012-09-01,14.0,68100,Meets Expectations,2,Dissatisfied,4,No,None,21,0,0.4,21,No,46-55,50K-75K,10+ Years
EMP10420,Nikhil,Sharma,Female,23,Human Resources,Recruiter,Ahmedabad,Bachelor's,Full-Time,Remote,2020-03-02,6.5,42500,Meets Expectations,4,Satisfied,2,No,Frequently,10,0,3.8,7,Yes,21-25,<50K,5-10 Years
EMP10421,Nikhil,Singh,Female,56,Customer Support,Team Lead,Kolkata,Bachelor's,Full-Time,Hybrid,2016-11-13,9.8,57800,Meets Expectations,3,Neutral,2,No,Rarely,13,1,5.3,2,No,56+,50K-75K,5-10 Years
EMP10422,Ananya,Reddy,Male,39,Marketing,Content Specialist,Pune,Master's,Full-Time,Hybrid,2020-09-01,6.0,53900,Meets Expectations,3,Neutral,1,Yes,None,29,2,11.8,21,No,36-45,50K-75K,5-10 Years
EMP10423,Pooja,Kumar,Male,55,Operations,Operations Executive,Mumbai,Bachelor's,Full-Time,Onsite,2014-06-20,12.2,61900,Outstanding,2,Dissatisfied,1,No,Rarely,13,1,8.3,19,No,46-55,50K-75K,10+ Years
EMP10424,Arjun,Patel,Male,30,Marketing,Marketing Executive,Chennai,Bachelor's,Full-Time,Hybrid,2017-12-20,8.7,44300,Meets Expectations,2,Dissatisfied,4,No,None,27,0,7.7,14,Yes,26-35,<50K,5-10 Years
EMP10425,Aditya,Sharma,Male,26,Finance,Accountant,Pune,Master's,Full-Time,Onsite,2013-12-20,12.7,78500,Needs Improvement,5,Very Satisfied,4,No,Frequently,28,3,7.8,3,No,26-35,75K-100K,10+ Years
EMP10426,Ananya,Nair,Male,59,Technology,Software Engineer,Delhi NCR,Bachelor's,Full-Time,Hybrid,2023-07-27,3.1,86100,Meets Expectations,4,Satisfied,1,No,Rarely,21,0,4.9,5,No,56+,75K-100K,3-5 Years
EMP10427,Pooja,Nair,Female,51,Customer Support,Team Lead,Chennai,Bachelor's,Contract,Hybrid,2023-10-08,2.9,66300,Outstanding,1,Very Dissatisfied,4,No,Rarely,15,3,8.3,7,No,46-55,50K-75K,1-3 Years
EMP10428,Divya,Gupta,Male,57,Operations,Operations Executive,Delhi NCR,Bachelor's,Contract,Remote,2019-12-20,6.7,70000,Meets Expectations,3,Neutral,3,No,Frequently,2,1,3.5,20,No,56+,50K-75K,5-10 Years
EMP10429,Rohit,Rao,Female,33,Sales,Sales Executive,Ahmedabad,MBA,Full-Time,Hybrid,2026-05-15,0.3,40700,Exceeds Expectations,4,Satisfied,5,No,Rarely,30,3,9.1,8,Yes,26-35,<50K,<1 Year
EMP10430,Vikram,Kumar,Female,37,Operations,Process Associate,Hyderabad,MBA,Full-Time,Onsite,2016-03-02,10.5,73000,Meets Expectations,4,Satisfied,4,No,None,12,2,7.9,14,No,36-45,50K-75K,10+ Years
EMP10431,Isha,Gupta,Male,44,Sales,Business Development Executive,Chennai,Bachelor's,Contract,Hybrid,2022-01-25,4.6,76000,Meets Expectations,5,Very Satisfied,2,No,None,18,1,9.0,21,No,36-45,75K-100K,3-5 Years
EMP10432,Arjun,Nair,Male,38,Operations,Operations Executive,Bengaluru,Bachelor's,Full-Time,Hybrid,2018-04-08,8.4,67400,Meets Expectations,4,Satisfied,3,No,Frequently,1,3,2.0,15,No,36-45,50K-75K,5-10 Years
EMP10433,Vikram,Kumar,Female,30,Operations,Operations Analyst,Hyderabad,Bachelor's,Full-Time,Onsite,2025-06-20,1.2,79300,Meets Expectations,1,Very Dissatisfied,2,No,Rarely,30,1,6.7,12,Yes,26-35,75K-100K,1-3 Years
EMP10434,Sanjay,Patel,Male,36,Sales,Sales Manager,Hyderabad,Master's,Full-Time,Remote,2023-12-20,2.7,76600,Meets Expectations,3,Neutral,5,No,Frequently,37,2,2.5,2,Yes,36-45,75K-100K,1-3 Years
EMP10435,Kiran,Joshi,Male,45,Human Resources,Recruiter,Pune,Bachelor's,Full-Time,Onsite,2017-04-08,9.4,53000,Meets Expectations,2,Dissatisfied,3,Yes,None,36,3,3.9,6,No,36-45,50K-75K,5-10 Years
EMP10436,Sanjay,Nair,Female,22,Sales,Business Development Executive,Hyderabad,MBA,Full-Time,Hybrid,2021-12-20,4.7,56900,Needs Improvement,1,Very Dissatisfied,5,Yes,None,12,1,9.5,0,No,21-25,50K-75K,3-5 Years
EMP10437,Divya,Rao,Male,34,Human Resources,HR Analyst,Delhi NCR,Bachelor's,Full-Time,Onsite,2023-04-09,3.4,59600,Meets Expectations,5,Very Satisfied,3,No,Frequently,3,3,5.1,3,No,26-35,50K-75K,3-5 Years
EMP10438,Meera,Patel,Male,32,Customer Support,Support Executive,Pune,Bachelor's,Full-Time,Remote,2023-01-26,3.6,51800,Meets Expectations,1,Very Dissatisfied,3,No,Rarely,3,3,0.8,13,Yes,26-35,50K-75K,3-5 Years
EMP10439,Vikram,Kumar,Female,23,Sales,Account Manager,Bengaluru,Bachelor's,Contract,Hybrid,2023-04-09,3.4,83600,Exceeds Expectations,2,Dissatisfied,1,No,None,15,1,10.7,15,No,21-25,75K-100K,3-5 Years
EMP10440,Sanjay,Kumar,Male,25,Finance,Finance Manager,Ahmedabad,Bachelor's,Full-Time,Hybrid,2017-04-08,9.4,84800,Meets Expectations,2,Dissatisfied,5,No,None,0,0,1.5,3,No,21-25,75K-100K,5-10 Years
EMP10441,Meera,Joshi,Female,40,Customer Support,Support Analyst,Delhi NCR,Bachelor's,Full-Time,Onsite,2023-12-20,2.7,44400,Exceeds Expectations,3,Neutral,4,No,Frequently,7,0,6.1,7,No,36-45,<50K,1-3 Years
EMP10442,Rahul,Rao,Male,25,Finance,Finance Manager,Kolkata,Bachelor's,Full-Time,Onsite,2021-01-25,5.6,103800,Exceeds Expectations,4,Satisfied,2,No,Rarely,25,0,5.8,15,No,21-25,100K-150K,5-10 Years
EMP10443,Priya,Verma,Female,34,Sales,Business Development Executive,Kolkata,MBA,Full-Time,Onsite,2016-04-08,10.4,71800,Meets Expectations,2,Dissatisfied,5,No,None,1,2,4.9,1,Yes,26-35,50K-75K,10+ Years
EMP10444,Rahul,Iyer,Female,43,Human Resources,HR Manager,Bengaluru,Master's,Contract,Hybrid,2018-11-14,7.8,55400,Outstanding,4,Satisfied,2,No,None,25,1,0.3,13,No,36-45,50K-75K,5-10 Years
EMP10445,Sneha,Nair,Female,55,Human Resources,HR Analyst,Delhi NCR,Master's,Contract,Hybrid,2017-09-01,9.0,87700,Exceeds Expectations,1,Very Dissatisfied,1,No,None,35,1,3.2,10,No,46-55,75K-100K,5-10 Years
EMP10446,Aarav,Gupta,Female,24,Marketing,Digital Marketing Analyst,Hyderabad,Bachelor's,Contract,Onsite,2022-10-08,3.9,61500,Exceeds Expectations,5,Very Satisfied,4,No,None,40,2,2.0,7,No,21-25,50K-75K,3-5 Years
EMP10447,Rahul,Kumar,Female,38,Finance,Finance Manager,Mumbai,Bachelor's,Full-Time,Hybrid,2012-09-01,14.0,78900,Meets Expectations,5,Very Satisfied,4,Yes,None,39,1,2.1,10,Yes,36-45,75K-100K,10+ Years
EMP10448,Neha,Singh,Female,25,Customer Support,Customer Success Specialist,Ahmedabad,MBA,Full-Time,Onsite,2020-05-14,6.3,50800,Meets Expectations,3,Neutral,3,No,None,11,2,1.7,10,No,21-25,50K-75K,5-10 Years
EMP10449,Kavya,Sharma,Male,38,Human Resources,HR Analyst,Bengaluru,Bachelor's,Contract,Hybrid,2022-04-08,4.4,88600,Exceeds Expectations,1,Very Dissatisfied,4,No,Frequently,26,1,9.9,20,Yes,36-45,75K-100K,3-5 Years
EMP10450,Kiran,Verma,Male,40,Finance,Financial Analyst,Delhi NCR,Master's,Full-Time,Onsite,2013-01-25,13.6,64300,Outstanding,4,Satisfied,2,No,None,1,3,1.4,19,No,36-45,50K-75K,10+ Years
EMP10451,Rahul,Patel,Female,52,Customer Support,Customer Success Specialist,Hyderabad,MBA,Full-Time,Hybrid,2016-10-08,9.9,45100,Needs Improvement,4,Satisfied,2,No,Frequently,9,0,4.1,21,No,46-55,<50K,5-10 Years
EMP10452,Aisha,Rao,Male,38,Customer Support,Support Analyst,Mumbai,Bachelor's,Full-Time,Hybrid,2017-05-15,9.3,57800,Meets Expectations,4,Satisfied,2,No,None,31,2,7.0,15,No,36-45,50K-75K,5-10 Years
EMP10453,Divya,Rao,Female,58,Human Resources,HR Manager,Bengaluru,Bachelor's,Contract,Onsite,2013-05-15,13.3,86700,Meets Expectations,2,Dissatisfied,2,No,None,8,1,0.7,11,No,56+,75K-100K,10+ Years
EMP10454,Priya,Sharma,Female,26,Sales,Business Development Executive,Ahmedabad,Bachelor's,Full-Time,Onsite,2025-07-27,1.1,44400,Needs Improvement,3,Neutral,2,No,None,12,0,6.4,7,No,26-35,<50K,1-3 Years
EMP10455,Neha,Verma,Male,23,Marketing,Digital Marketing Analyst,Chennai,Bachelor's,Full-Time,Hybrid,2014-01-25,12.6,54500,Exceeds Expectations,3,Neutral,1,No,None,16,0,5.7,13,No,21-25,50K-75K,10+ Years
EMP10456,Neha,Nair,Male,21,Human Resources,HR Executive,Ahmedabad,Bachelor's,Full-Time,Remote,2016-06-20,10.2,89800,Outstanding,4,Satisfied,2,No,Rarely,13,3,10.3,11,No,21-25,75K-100K,10+ Years
EMP10457,Meera,Das,Male,35,Technology,Software Engineer,Ahmedabad,Master's,Full-Time,Onsite,2021-03-03,5.5,113100,Exceeds Expectations,2,Dissatisfied,3,Yes,Frequently,30,3,1.6,19,No,26-35,100K-150K,5-10 Years
EMP10458,Rahul,Kumar,Female,28,Marketing,Digital Marketing Analyst,Hyderabad,MBA,Full-Time,Hybrid,2022-09-01,4.0,61600,Meets Expectations,3,Neutral,2,No,Rarely,37,0,0.9,10,No,26-35,50K-75K,3-5 Years
EMP10459,Priya,Singh,Male,24,Operations,Operations Manager,Mumbai,Master's,Full-Time,Hybrid,2024-11-13,1.8,53600,Meets Expectations,5,Very Satisfied,3,No,Rarely,22,0,1.9,15,No,21-25,50K-75K,1-3 Years
EMP10460,Arjun,Verma,Female,30,Sales,Business Development Executive,Delhi NCR,Bachelor's,Full-Time,Onsite,2012-07-26,14.1,61000,Meets Expectations,3,Neutral,5,Yes,Frequently,23,2,5.8,1,Yes,26-35,50K-75K,10+ Years
EMP10461,Rohit,Das,Male,59,Operations,Process Associate,Chennai,Bachelor's,Full-Time,Onsite,2024-05-14,2.3,67800,Needs Improvement,3,Neutral,1,No,Rarely,30,3,1.4,10,No,56+,50K-75K,1-3 Years
EMP10462,Nikhil,Sharma,Female,53,Sales,Sales Executive,Delhi NCR,Bachelor's,Full-Time,Hybrid,2022-09-01,4.0,65300,Meets Expectations,5,Very Satisfied,5,Yes,Rarely,16,2,7.5,8,No,46-55,50K-75K,3-5 Years
EMP10463,Meera,Rao,Male,21,Operations,Operations Manager,Chennai,Diploma,Contract,Onsite,2016-04-08,10.4,72400,Meets Expectations,5,Very Satisfied,1,No,Rarely,18,0,9.6,14,No,21-25,50K-75K,10+ Years
EMP10464,Vikram,Das,Female,57,Finance,Accountant,Kolkata,Bachelor's,Full-Time,Hybrid,2015-12-20,10.7,51900,Needs Improvement,3,Neutral,3,Yes,None,38,1,6.8,2,No,56+,50K-75K,10+ Years
EMP10465,Aarav,Sharma,Female,29,Sales,Sales Executive,Delhi NCR,Bachelor's,Full-Time,Remote,2024-01-26,2.6,77300,Outstanding,2,Dissatisfied,1,No,None,15,1,4.4,3,No,26-35,75K-100K,1-3 Years
EMP10466,Ananya,Sharma,Male,37,Customer Support,Support Analyst,Chennai,MBA,Contract,Remote,2014-06-20,12.2,34500,Meets Expectations,1,Very Dissatisfied,3,No,Rarely,10,2,5.5,3,Yes,36-45,<50K,10+ Years
EMP10467,Nikhil,Reddy,Female,34,Technology,Software Engineer,Kolkata,MBA,Full-Time,Hybrid,2018-11-14,7.8,120300,Meets Expectations,5,Very Satisfied,5,Yes,Rarely,0,3,3.1,12,No,26-35,100K-150K,5-10 Years
EMP10468,Neha,Patel,Male,37,Marketing,Digital Marketing Analyst,Delhi NCR,Bachelor's,Contract,Onsite,2013-11-13,12.8,45800,Meets Expectations,3,Neutral,1,No,None,0,0,10.3,7,Yes,36-45,<50K,10+ Years
EMP10469,Aarav,Reddy,Male,51,Technology,BI Analyst,Pune,MBA,Contract,Hybrid,2025-03-03,1.5,67500,Needs Improvement,3,Neutral,3,No,Frequently,31,3,4.0,1,Yes,46-55,50K-75K,1-3 Years
EMP10470,Meera,Singh,Male,49,Customer Support,Customer Success Specialist,Pune,Bachelor's,Contract,Onsite,2025-11-13,0.8,39200,Meets Expectations,5,Very Satisfied,3,Yes,None,9,1,10.3,22,Yes,46-55,<50K,<1 Year
EMP10471,Neha,Patel,Male,44,Operations,Operations Manager,Hyderabad,Diploma,Full-Time,Hybrid,2017-01-25,9.6,47500,Exceeds Expectations,2,Dissatisfied,3,Yes,Rarely,30,2,11.6,14,No,36-45,<50K,5-10 Years
EMP10472,Priya,Das,Male,46,Operations,Operations Analyst,Chennai,Bachelor's,Contract,Onsite,2024-04-08,2.4,55600,Meets Expectations,1,Very Dissatisfied,4,No,Frequently,1,3,3.2,13,No,46-55,50K-75K,1-3 Years
EMP10473,Pooja,Singh,Female,50,Human Resources,HR Manager,Mumbai,Bachelor's,Full-Time,Onsite,2018-09-01,8.0,75000,Needs Improvement,4,Satisfied,2,No,None,32,2,10.3,14,No,46-55,50K-75K,5-10 Years
EMP10474,Rahul,Iyer,Female,28,Human Resources,HR Executive,Mumbai,Diploma,Full-Time,Onsite,2026-04-08,0.4,87000,Meets Expectations,5,Very Satisfied,4,No,Frequently,16,0,10.1,7,Yes,26-35,75K-100K,<1 Year
EMP10475,Nikhil,Reddy,Male,36,Marketing,Marketing Executive,Kolkata,Bachelor's,Contract,Onsite,2014-12-20,11.7,70900,Meets Expectations,1,Very Dissatisfied,2,Yes,Frequently,33,0,7.4,0,Yes,36-45,50K-75K,10+ Years
EMP10476,Kiran,Kumar,Female,25,Operations,Operations Manager,Bengaluru,MBA,Contract,Hybrid,2013-03-03,13.5,61500,Needs Improvement,5,Very Satisfied,2,No,Rarely,34,3,10.0,3,No,21-25,50K-75K,10+ Years
EMP10477,Kiran,Das,Male,49,Operations,Operations Analyst,Chennai,Bachelor's,Full-Time,Remote,2014-01-25,12.6,51900,Exceeds Expectations,3,Neutral,3,No,Frequently,23,0,5.2,18,No,46-55,50K-75K,10+ Years
EMP10478,Meera,Reddy,Male,38,Sales,Sales Manager,Kolkata,Bachelor's,Full-Time,Hybrid,2012-04-08,14.4,76500,Meets Expectations,3,Neutral,5,No,Rarely,39,2,7.3,8,No,36-45,75K-100K,10+ Years
EMP10479,Meera,Singh,Male,46,Marketing,Marketing Executive,Delhi NCR,Bachelor's,Full-Time,Onsite,2013-01-25,13.6,49300,Meets Expectations,5,Very Satisfied,3,No,None,38,1,5.0,22,No,46-55,<50K,10+ Years
EMP10480,Rahul,Gupta,Female,43,Sales,Sales Manager,Chennai,Master's,Full-Time,Hybrid,2019-11-14,6.8,53100,Needs Improvement,2,Dissatisfied,5,No,Rarely,28,3,12.0,6,Yes,36-45,50K-75K,5-10 Years
EMP10481,Rahul,Joshi,Male,31,Finance,Senior Accountant,Kolkata,Bachelor's,Full-Time,Hybrid,2020-07-26,6.1,54400,Meets Expectations,4,Satisfied,1,No,None,20,3,6.5,10,No,26-35,50K-75K,5-10 Years
EMP10482,Vihaan,Kumar,Male,26,Operations,Operations Executive,Kolkata,Master's,Contract,Remote,2013-03-03,13.5,47100,Needs Improvement,1,Very Dissatisfied,1,No,None,37,0,3.0,20,No,26-35,<50K,10+ Years
EMP10483,Arjun,Patel,Female,59,Technology,Data Analyst,Chennai,Bachelor's,Full-Time,Hybrid,2012-10-08,13.9,99700,Meets Expectations,4,Satisfied,3,No,None,39,3,8.1,16,No,56+,75K-100K,10+ Years
EMP10484,Meera,Sharma,Male,32,Operations,Process Associate,Kolkata,Bachelor's,Full-Time,Onsite,2012-01-26,14.6,43200,Meets Expectations,1,Very Dissatisfied,5,No,None,16,3,9.1,12,Yes,26-35,<50K,10+ Years
EMP10485,Arjun,Singh,Male,25,Human Resources,Recruiter,Bengaluru,Bachelor's,Full-Time,Hybrid,2015-01-26,11.6,47100,Meets Expectations,1,Very Dissatisfied,2,No,Frequently,13,3,10.4,13,Yes,21-25,<50K,10+ Years
EMP10486,Aarav,Kumar,Male,33,Technology,Software Engineer,Mumbai,Bachelor's,Full-Time,Onsite,2023-06-21,3.2,116500,Meets Expectations,2,Dissatisfied,2,No,Frequently,12,2,0.3,21,No,26-35,100K-150K,3-5 Years
EMP10487,Pooja,Patel,Male,57,Finance,Financial Analyst,Bengaluru,Bachelor's,Full-Time,Hybrid,2012-06-20,14.2,55700,Meets Expectations,2,Dissatisfied,1,Yes,Frequently,38,3,9.0,11,No,56+,50K-75K,10+ Years
EMP10488,Neha,Kumar,Male,31,Human Resources,HR Manager,Delhi NCR,Master's,Full-Time,Remote,2012-06-20,14.2,72600,Outstanding,4,Satisfied,5,No,None,6,0,6.5,7,No,26-35,50K-75K,10+ Years
EMP10489,Neha,Iyer,Male,60,Operations,Process Associate,Pune,Bachelor's,Full-Time,Remote,2016-07-26,10.1,53300,Meets Expectations,5,Very Satisfied,1,No,Rarely,0,0,8.8,17,No,56+,50K-75K,10+ Years
EMP10490,Aditya,Verma,Female,39,Marketing,Digital Marketing Analyst,Kolkata,Bachelor's,Contract,Onsite,2013-10-08,12.9,90300,Meets Expectations,5,Very Satisfied,4,No,Rarely,20,1,6.4,2,No,36-45,75K-100K,10+ Years
EMP10491,Aarav,Verma,Female,55,Customer Support,Customer Success Specialist,Ahmedabad,Bachelor's,Full-Time,Hybrid,2018-03-03,8.5,59600,Meets Expectations,4,Satisfied,2,Yes,None,39,0,4.1,0,No,46-55,50K-75K,5-10 Years
EMP10492,Kavya,Rao,Male,47,Customer Support,Team Lead,Pune,Diploma,Full-Time,Onsite,2012-06-20,14.2,34500,Meets Expectations,1,Very Dissatisfied,3,No,Rarely,13,3,0.6,19,No,46-55,<50K,10+ Years
EMP10493,Priya,Gupta,Male,22,Operations,Operations Executive,Hyderabad,Diploma,Full-Time,Onsite,2025-01-25,1.6,77800,Needs Improvement,4,Satisfied,4,Yes,None,20,2,4.0,20,No,21-25,75K-100K,1-3 Years
EMP10494,Arjun,Singh,Non-Binary,41,Marketing,Marketing Executive,Delhi NCR,Master's,Full-Time,Remote,2013-09-01,13.0,65100,Needs Improvement,3,Neutral,3,No,Frequently,4,1,7.9,14,No,36-45,50K-75K,10+ Years
EMP10495,Sanjay,Reddy,Female,37,Finance,Senior Accountant,Ahmedabad,Bachelor's,Contract,Hybrid,2025-09-01,1.0,66200,Outstanding,3,Neutral,1,No,None,33,0,0.3,4,No,36-45,50K-75K,<1 Year
EMP10496,Pooja,Patel,Female,29,Finance,Financial Analyst,Ahmedabad,Bachelor's,Contract,Onsite,2021-06-20,5.2,88100,Outstanding,3,Neutral,3,No,Frequently,38,0,11.1,15,No,26-35,75K-100K,5-10 Years
EMP10497,Meera,Patel,Female,42,Sales,Business Development Executive,Bengaluru,Bachelor's,Full-Time,Hybrid,2024-06-20,2.2,72600,Meets Expectations,5,Very Satisfied,1,No,Frequently,25,2,4.9,21,Yes,36-45,50K-75K,1-3 Years
EMP10498,Aarav,Patel,Male,25,Finance,Accountant,Hyderabad,Master's,Contract,Onsite,2019-05-15,7.3,66500,Needs Improvement,2,Dissatisfied,5,Yes,Rarely,5,0,0.9,3,No,21-25,50K-75K,5-10 Years
EMP10499,Aarav,Reddy,Male,48,Customer Support,Team Lead,Hyderabad,Bachelor's,Full-Time,Hybrid,2023-01-26,3.6,45900,Needs Improvement,5,Very Satisfied,5,No,None,4,2,10.6,4,No,46-55,<50K,3-5 Years
EMP10500,Rohit,Joshi,Male,53,Finance,Financial Analyst,Chennai,Diploma,Full-Time,Remote,2012-05-14,14.3,57900,Meets Expectations,3,Neutral,5,Yes,None,30,0,2.3,7,No,46-55,50K-75K,10+ Years
EMP10501,Neha,Rao,Male,24,Sales,Business Development Executive,Pune,Master's,Contract,Hybrid,2018-03-03,8.5,66800,Exceeds Expectations,4,Satisfied,3,Yes,Frequently,5,1,0.9,6,No,21-25,50K-75K,5-10 Years
EMP10502,Aisha,Rao,Female,40,Marketing,Marketing Executive,Bengaluru,Bachelor's,Full-Time,Hybrid,2013-03-03,13.5,93500,Outstanding,5,Very Satisfied,3,Yes,None,2,0,1.1,1,No,36-45,75K-100K,10+ Years
EMP10503,Ananya,Joshi,Male,47,Customer Support,Support Executive,Bengaluru,MBA,Full-Time,Hybrid,2022-05-15,4.3,48400,Outstanding,5,Very Satisfied,3,No,None,36,1,6.4,1,No,46-55,<50K,3-5 Years
EMP10504,Priya,Joshi,Male,23,Customer Support,Support Analyst,Chennai,MBA,Contract,Hybrid,2026-01-25,0.6,70800,Meets Expectations,3,Neutral,5,Yes,Frequently,21,2,3.6,6,No,21-25,50K-75K,<1 Year
EMP10505,Sanjay,Kumar,Female,36,Technology,BI Analyst,Hyderabad,Bachelor's,Contract,Remote,2014-12-20,11.7,70900,Meets Expectations,2,Dissatisfied,4,No,Rarely,24,1,10.1,5,No,36-45,50K-75K,10+ Years
EMP10506,Nikhil,Iyer,Female,31,Human Resources,HR Manager,Kolkata,Master's,Contract,Onsite,2016-01-26,10.6,82100,Exceeds Expectations,1,Very Dissatisfied,3,No,Rarely,27,1,6.6,15,No,26-35,75K-100K,10+ Years
EMP10507,Aditya,Rao,Male,22,Human Resources,HR Executive,Ahmedabad,MBA,Full-Time,Onsite,2018-05-15,8.3,88800,Exceeds Expectations,2,Dissatisfied,5,No,None,14,0,3.5,17,No,21-25,75K-100K,5-10 Years
EMP10508,Nikhil,Rao,Male,53,Technology,Software Engineer,Bengaluru,Master's,Full-Time,Hybrid,2014-05-15,12.3,106800,Needs Improvement,4,Satisfied,3,Yes,None,9,3,7.1,18,No,46-55,100K-150K,10+ Years
EMP10509,Divya,Iyer,Female,38,Technology,BI Analyst,Mumbai,MBA,Full-Time,Hybrid,2014-01-25,12.6,66200,Meets Expectations,4,Satisfied,4,Yes,Frequently,21,0,11.3,20,Yes,36-45,50K-75K,10+ Years
EMP10510,Ananya,Iyer,Male,51,Technology,IT Support Specialist,Hyderabad,Bachelor's,Full-Time,Onsite,2017-10-08,8.9,81400,Meets Expectations,1,Very Dissatisfied,2,No,None,3,3,10.4,21,No,46-55,75K-100K,5-10 Years
EMP10511,Priya,Iyer,Female,44,Customer Support,Customer Success Specialist,Hyderabad,MBA,Full-Time,Hybrid,2012-03-02,14.5,35600,Meets Expectations,3,Neutral,3,Yes,None,12,3,1.8,17,No,36-45,<50K,10+ Years
EMP10512,Divya,Kumar,Male,56,Operations,Process Associate,Pune,Master's,Contract,Onsite,2015-10-08,10.9,64600,Meets Expectations,5,Very Satisfied,5,No,None,24,1,10.5,7,No,56+,50K-75K,10+ Years
EMP10513,Aarav,Sharma,Male,60,Operations,Process Associate,Kolkata,Bachelor's,Full-Time,Remote,2016-06-20,10.2,82400,Needs Improvement,5,Very Satisfied,2,No,Rarely,38,1,4.5,5,No,56+,75K-100K,10+ Years
EMP10514,Kavya,Patel,Female,45,Operations,Process Associate,Kolkata,Bachelor's,Full-Time,Onsite,2021-03-03,5.5,54400,Outstanding,5,Very Satisfied,4,No,None,24,0,4.7,5,No,36-45,50K-75K,5-10 Years
EMP10515,Kiran,Patel,Female,35,Customer Support,Support Analyst,Delhi NCR,Master's,Contract,Hybrid,2026-06-20,0.2,38600,Meets Expectations,5,Very Satisfied,2,No,Frequently,30,1,6.1,16,No,26-35,<50K,<1 Year
EMP10516,Sanjay,Gupta,Female,37,Sales,Sales Manager,Hyderabad,Bachelor's,Full-Time,Remote,2022-11-14,3.8,51600,Meets Expectations,1,Very Dissatisfied,3,No,None,12,1,9.3,19,No,36-45,50K-75K,3-5 Years
EMP10517,Aarav,Reddy,Female,54,Customer Support,Support Analyst,Bengaluru,Bachelor's,Full-Time,Hybrid,2015-03-03,11.5,54300,Exceeds Expectations,4,Satisfied,2,Yes,None,2,2,5.2,0,No,46-55,50K-75K,10+ Years
EMP10518,Rohit,Kumar,Male,38,Sales,Sales Manager,Mumbai,Bachelor's,Contract,Onsite,2015-12-20,10.7,65600,Needs Improvement,3,Neutral,4,Yes,Frequently,15,2,8.0,8,No,36-45,50K-75K,10+ Years
EMP10519,Ananya,Das,Female,41,Human Resources,Recruiter,Pune,Bachelor's,Full-Time,Remote,2021-07-27,5.1,53600,Needs Improvement,3,Neutral,4,No,Frequently,28,0,2.2,10,No,36-45,50K-75K,5-10 Years
EMP10520,Ananya,Gupta,Male,28,Marketing,Marketing Manager,Delhi NCR,Bachelor's,Full-Time,Hybrid,2017-03-03,9.5,82700,Meets Expectations,4,Satisfied,5,No,Rarely,1,0,3.7,9,No,26-35,75K-100K,5-10 Years
EMP10521,Vikram,Das,Male,60,Finance,Accountant,Mumbai,Bachelor's,Full-Time,Hybrid,2023-07-27,3.1,53900,Meets Expectations,5,Very Satisfied,2,No,Frequently,35,3,11.4,12,No,56+,50K-75K,3-5 Years
EMP10522,Meera,Joshi,Male,47,Technology,BI Analyst,Mumbai,Bachelor's,Contract,Onsite,2022-07-27,4.1,102200,Needs Improvement,3,Neutral,1,Yes,None,12,3,5.2,5,No,46-55,100K-150K,3-5 Years
EMP10523,Rahul,Iyer,Male,34,Technology,IT Support Specialist,Mumbai,Bachelor's,Full-Time,Onsite,2012-06-20,14.2,88400,Needs Improvement,4,Satisfied,5,No,None,28,0,8.8,2,No,26-35,75K-100K,10+ Years
EMP10524,Rahul,Iyer,Male,44,Operations,Process Associate,Ahmedabad,Master's,Full-Time,Hybrid,2020-05-14,6.3,43200,Needs Improvement,3,Neutral,2,No,None,36,2,1.1,1,Yes,36-45,<50K,5-10 Years
EMP10525,Priya,Nair,Female,37,Finance,Finance Manager,Mumbai,Bachelor's,Full-Time,Hybrid,2022-11-14,3.8,85900,Exceeds Expectations,4,Satisfied,4,No,None,25,1,0.6,0,No,36-45,75K-100K,3-5 Years
EMP10526,Rohit,Verma,Male,27,Finance,Financial Analyst,Kolkata,MBA,Full-Time,Remote,2019-04-09,7.4,88100,Outstanding,5,Very Satisfied,2,No,Rarely,7,3,0.8,4,No,26-35,75K-100K,5-10 Years
EMP10527,Kiran,Gupta,Male,55,Customer Support,Support Analyst,Chennai,MBA,Full-Time,Hybrid,2020-10-08,5.9,49300,Meets Expectations,5,Very Satisfied,5,Yes,Frequently,10,3,8.5,17,No,46-55,<50K,5-10 Years
EMP10528,Vihaan,Nair,Male,56,Technology,Data Analyst,Hyderabad,MBA,Contract,Onsite,2015-09-02,11.0,114500,Meets Expectations,2,Dissatisfied,1,No,None,19,2,0.9,4,No,56+,100K-150K,10+ Years
EMP10529,Ananya,Joshi,Female,54,Customer Support,Support Executive,Mumbai,Bachelor's,Full-Time,Hybrid,2012-04-08,14.4,52000,Exceeds Expectations,5,Very Satisfied,1,No,None,40,1,7.3,8,No,46-55,50K-75K,10+ Years
EMP10530,Sneha,Gupta,Male,35,Customer Support,Support Executive,Kolkata,Diploma,Full-Time,Onsite,2017-09-01,9.0,43300,Exceeds Expectations,3,Neutral,2,No,Frequently,27,1,3.2,17,No,26-35,<50K,5-10 Years
EMP10531,Priya,Verma,Male,31,Marketing,Marketing Manager,Kolkata,Master's,Full-Time,Onsite,2017-10-08,8.9,93300,Meets Expectations,3,Neutral,3,No,Rarely,25,1,1.9,22,No,26-35,75K-100K,5-10 Years
EMP10532,Aisha,Rao,Female,22,Technology,IT Support Specialist,Mumbai,Bachelor's,Full-Time,Hybrid,2021-01-25,5.6,124800,Meets Expectations,1,Very Dissatisfied,4,No,None,32,1,8.4,14,No,21-25,100K-150K,5-10 Years
EMP10533,Kavya,Das,Male,50,Technology,BI Analyst,Ahmedabad,MBA,Contract,Onsite,2018-01-25,8.6,65200,Outstanding,3,Neutral,3,No,None,5,0,6.6,2,No,46-55,50K-75K,5-10 Years
EMP10534,Sneha,Singh,Non-Binary,34,Technology,Data Analyst,Ahmedabad,Bachelor's,Full-Time,Onsite,2021-10-08,4.9,124900,Needs Improvement,2,Dissatisfied,2,No,None,3,0,10.7,1,No,26-35,100K-150K,3-5 Years
EMP10535,Rohit,Singh,Non-Binary,56,Marketing,Marketing Executive,Ahmedabad,Master's,Contract,Onsite,2026-06-20,0.2,84000,Outstanding,1,Very Dissatisfied,1,No,None,23,2,8.8,3,No,56+,75K-100K,<1 Year
EMP10536,Isha,Gupta,Male,55,Technology,BI Analyst,Ahmedabad,Bachelor's,Contract,Onsite,2013-09-01,13.0,66000,Needs Improvement,5,Very Satisfied,5,No,None,24,0,4.0,0,No,46-55,50K-75K,10+ Years
EMP10537,Pooja,Gupta,Female,26,Human Resources,HR Executive,Pune,Bachelor's,Contract,Hybrid,2020-01-26,6.6,68200,Exceeds Expectations,1,Very Dissatisfied,3,No,None,10,1,1.7,4,No,26-35,50K-75K,5-10 Years
EMP10538,Aisha,Singh,Female,57,Sales,Business Development Executive,Bengaluru,Diploma,Full-Time,Hybrid,2019-03-03,7.5,40600,Needs Improvement,4,Satisfied,5,No,None,25,0,7.7,10,No,56+,<50K,5-10 Years
EMP10539,Aditya,Sharma,Male,26,Human Resources,HR Manager,Chennai,Master's,Full-Time,Remote,2025-04-08,1.4,71700,Meets Expectations,4,Satisfied,2,No,None,6,1,4.3,19,Yes,26-35,50K-75K,1-3 Years
EMP10540,Divya,Nair,Female,40,Sales,Business Development Executive,Bengaluru,Master's,Full-Time,Remote,2014-01-25,12.6,82700,Needs Improvement,4,Satisfied,2,Yes,None,8,1,2.2,13,No,36-45,75K-100K,10+ Years
EMP10541,Priya,Reddy,Male,39,Marketing,Digital Marketing Analyst,Bengaluru,Bachelor's,Full-Time,Remote,2023-12-20,2.7,62700,Meets Expectations,5,Very Satisfied,2,No,None,36,0,7.0,19,No,36-45,50K-75K,1-3 Years
EMP10542,Sanjay,Reddy,Male,59,Sales,Sales Executive,Delhi NCR,MBA,Full-Time,Onsite,2020-05-14,6.3,62800,Meets Expectations,1,Very Dissatisfied,3,Yes,None,1,1,8.0,15,Yes,56+,50K-75K,5-10 Years
EMP10543,Rahul,Reddy,Male,47,Technology,Data Analyst,Hyderabad,Bachelor's,Full-Time,Onsite,2014-01-25,12.6,74500,Needs Improvement,1,Very Dissatisfied,1,No,Frequently,22,0,3.6,2,Yes,46-55,50K-75K,10+ Years
EMP10544,Vihaan,Nair,Female,56,Technology,IT Support Specialist,Hyderabad,Bachelor's,Full-Time,Hybrid,2019-09-02,7.0,96500,Needs Improvement,5,Very Satisfied,1,No,Rarely,34,1,8.7,6,No,56+,75K-100K,5-10 Years
EMP10545,Isha,Das,Female,44,Operations,Operations Executive,Bengaluru,Bachelor's,Full-Time,Hybrid,2012-09-01,14.0,73600,Meets Expectations,1,Very Dissatisfied,4,No,None,29,0,1.0,11,No,36-45,50K-75K,10+ Years
EMP10546,Ananya,Verma,Male,54,Sales,Business Development Executive,Chennai,Bachelor's,Full-Time,Onsite,2023-05-15,3.3,49100,Exceeds Expectations,2,Dissatisfied,4,No,None,18,1,8.8,12,No,46-55,<50K,3-5 Years
EMP10547,Meera,Reddy,Female,55,Human Resources,HR Executive,Delhi NCR,Master's,Full-Time,Onsite,2015-11-14,10.8,69900,Meets Expectations,4,Satisfied,3,No,Rarely,12,0,1.4,17,No,46-55,50K-75K,10+ Years
EMP10548,Aisha,Sharma,Male,55,Marketing,Marketing Executive,Ahmedabad,Bachelor's,Contract,Hybrid,2011-12-20,14.7,62000,Needs Improvement,3,Neutral,3,Yes,None,2,1,8.4,13,No,46-55,50K-75K,10+ Years
EMP10549,Isha,Verma,Female,37,Human Resources,HR Executive,Mumbai,Bachelor's,Full-Time,Hybrid,2018-05-15,8.3,79700,Meets Expectations,2,Dissatisfied,3,No,Rarely,5,1,5.3,18,Yes,36-45,75K-100K,5-10 Years
EMP10550,Nikhil,Joshi,Male,36,Marketing,Content Specialist,Mumbai,Bachelor's,Contract,Hybrid,2016-04-08,10.4,80100,Needs Improvement,2,Dissatisfied,3,No,Frequently,23,2,2.0,0,Yes,36-45,75K-100K,10+ Years
EMP10551,Vikram,Nair,Male,60,Operations,Operations Manager,Pune,Bachelor's,Contract,Onsite,2020-09-01,6.0,68900,Meets Expectations,5,Very Satisfied,2,No,None,21,1,0.4,7,No,56+,50K-75K,5-10 Years
EMP10552,Nikhil,Verma,Female,51,Finance,Accountant,Pune,Bachelor's,Contract,Hybrid,2015-05-15,11.3,70900,Meets Expectations,3,Neutral,4,No,None,15,3,10.2,22,No,46-55,50K-75K,10+ Years
EMP10553,Aarav,Verma,Female,57,Operations,Operations Manager,Mumbai,MBA,Full-Time,Hybrid,2012-12-20,13.7,64500,Meets Expectations,5,Very Satisfied,1,No,None,11,3,10.6,3,No,56+,50K-75K,10+ Years
EMP10554,Neha,Nair,Male,44,Finance,Finance Manager,Bengaluru,MBA,Full-Time,Hybrid,2016-01-26,10.6,86800,Meets Expectations,3,Neutral,4,No,Rarely,3,2,4.6,21,No,36-45,75K-100K,10+ Years
EMP10555,Pooja,Kumar,Female,58,Customer Support,Support Analyst,Hyderabad,MBA,Contract,Hybrid,2012-07-26,14.1,58600,Meets Expectations,4,Satisfied,4,No,None,5,0,8.0,7,No,56+,50K-75K,10+ Years
EMP10556,Aarav,Reddy,Female,49,Human Resources,Recruiter,Kolkata,Master's,Full-Time,Hybrid,2017-10-08,8.9,71000,Needs Improvement,2,Dissatisfied,3,No,Rarely,11,3,10.5,8,No,46-55,50K-75K,5-10 Years
EMP10557,Pooja,Singh,Male,50,Operations,Operations Executive,Ahmedabad,MBA,Full-Time,Hybrid,2017-12-20,8.7,76500,Meets Expectations,1,Very Dissatisfied,2,Yes,None,37,2,1.3,2,No,46-55,75K-100K,5-10 Years
EMP10558,Kavya,Reddy,Male,28,Customer Support,Customer Success Specialist,Ahmedabad,Bachelor's,Contract,Onsite,2021-12-20,4.7,41900,Meets Expectations,3,Neutral,5,No,Rarely,13,3,6.2,13,No,26-35,<50K,3-5 Years
EMP10559,Priya,Patel,Male,43,Operations,Operations Manager,Delhi NCR,Bachelor's,Full-Time,Onsite,2015-12-20,10.7,40000,Needs Improvement,4,Satisfied,5,No,Rarely,4,3,5.2,5,No,36-45,<50K,10+ Years
EMP10560,Neha,Joshi,Female,50,Operations,Operations Executive,Ahmedabad,MBA,Full-Time,Hybrid,2013-05-15,13.3,80800,Meets Expectations,3,Neutral,5,No,None,23,1,2.7,8,No,46-55,75K-100K,10+ Years
EMP10561,Aarav,Rao,Female,51,Human Resources,HR Analyst,Kolkata,Diploma,Full-Time,Remote,2016-11-13,9.8,45100,Meets Expectations,5,Very Satisfied,1,No,Frequently,5,1,3.2,16,No,46-55,<50K,5-10 Years
EMP10562,Divya,Rao,Male,59,Sales,Sales Executive,Hyderabad,Bachelor's,Full-Time,Hybrid,2023-01-26,3.6,81300,Needs Improvement,4,Satisfied,4,No,Frequently,16,0,11.0,19,No,56+,75K-100K,3-5 Years
EMP10563,Pooja,Nair,Female,34,Human Resources,HR Manager,Chennai,Bachelor's,Full-Time,Hybrid,2018-05-15,8.3,72900,Meets Expectations,3,Neutral,1,No,None,29,0,8.4,16,No,26-35,50K-75K,5-10 Years
EMP10564,Neha,Patel,Male,33,Technology,Software Engineer,Hyderabad,Bachelor's,Full-Time,Onsite,2015-04-09,11.4,123000,Meets Expectations,3,Neutral,1,No,Frequently,4,0,7.6,2,No,26-35,100K-150K,10+ Years
EMP10565,Rohit,Nair,Male,59,Customer Support,Support Executive,Pune,Bachelor's,Full-Time,Hybrid,2012-07-26,14.1,54100,Exceeds Expectations,2,Dissatisfied,1,No,Frequently,37,2,7.8,14,No,56+,50K-75K,10+ Years
EMP10566,Aditya,Verma,Female,60,Technology,BI Analyst,Ahmedabad,Diploma,Contract,Onsite,2024-03-02,2.5,116100,Meets Expectations,5,Very Satisfied,4,No,None,26,0,5.1,4,No,56+,100K-150K,1-3 Years
EMP10567,Rohit,Verma,Male,28,Technology,Software Engineer,Kolkata,Bachelor's,Full-Time,Onsite,2024-07-26,2.1,109100,Meets Expectations,1,Very Dissatisfied,4,No,Rarely,37,3,9.5,21,No,26-35,100K-150K,1-3 Years
EMP10568,Sanjay,Singh,Female,36,Technology,Data Analyst,Ahmedabad,Bachelor's,Full-Time,Hybrid,2020-05-14,6.3,95400,Needs Improvement,1,Very Dissatisfied,5,No,Rarely,29,0,9.0,16,No,36-45,75K-100K,5-10 Years
EMP10569,Divya,Iyer,Female,58,Marketing,Digital Marketing Analyst,Chennai,Bachelor's,Full-Time,Onsite,2024-07-26,2.1,62500,Exceeds Expectations,4,Satisfied,4,No,Rarely,39,2,5.3,13,No,56+,50K-75K,1-3 Years
EMP10570,Nikhil,Iyer,Male,28,Human Resources,HR Executive,Bengaluru,Master's,Contract,Onsite,2011-12-20,14.7,42100,Needs Improvement,1,Very Dissatisfied,3,No,Frequently,20,3,1.9,5,No,26-35,<50K,10+ Years
EMP10571,Neha,Reddy,Male,52,Customer Support,Team Lead,Chennai,Master's,Full-Time,Onsite,2020-03-02,6.5,42000,Needs Improvement,3,Neutral,1,Yes,None,0,0,1.3,22,No,46-55,<50K,5-10 Years
EMP10572,Nikhil,Kumar,Male,25,Finance,Finance Manager,Bengaluru,Bachelor's,Contract,Onsite,2018-07-27,8.1,104400,Meets Expectations,1,Very Dissatisfied,4,No,None,2,0,9.6,22,No,21-25,100K-150K,5-10 Years
EMP10573,Vihaan,Nair,Male,28,Technology,Software Engineer,Ahmedabad,Bachelor's,Contract,Hybrid,2023-01-26,3.6,77800,Meets Expectations,4,Satisfied,5,No,None,7,1,8.5,13,No,26-35,75K-100K,3-5 Years
EMP10574,Aisha,Verma,Female,52,Sales,Sales Manager,Mumbai,Bachelor's,Full-Time,Hybrid,2019-11-14,6.8,74200,Meets Expectations,1,Very Dissatisfied,2,Yes,Rarely,4,3,5.5,19,No,46-55,50K-75K,5-10 Years
EMP10575,Rohit,Das,Male,45,Sales,Sales Manager,Hyderabad,Master's,Full-Time,Onsite,2011-11-14,14.8,62800,Meets Expectations,2,Dissatisfied,4,No,None,33,1,1.8,16,No,36-45,50K-75K,10+ Years
EMP10576,Priya,Patel,Male,43,Finance,Finance Manager,Pune,Bachelor's,Full-Time,Onsite,2019-04-09,7.4,66800,Outstanding,3,Neutral,3,No,None,38,1,9.3,19,No,36-45,50K-75K,5-10 Years
EMP10577,Rohit,Gupta,Female,55,Customer Support,Support Analyst,Chennai,Master's,Full-Time,Hybrid,2026-05-15,0.3,70600,Exceeds Expectations,2,Dissatisfied,3,Yes,None,25,2,4.4,3,No,46-55,50K-75K,<1 Year
EMP10578,Neha,Reddy,Female,33,Human Resources,HR Manager,Delhi NCR,Bachelor's,Full-Time,Onsite,2022-11-14,3.8,44400,Meets Expectations,2,Dissatisfied,4,No,Rarely,7,2,9.4,3,No,26-35,<50K,3-5 Years
EMP10579,Isha,Iyer,Female,41,Customer Support,Customer Success Specialist,Ahmedabad,MBA,Full-Time,Hybrid,2011-12-20,14.7,54800,Meets Expectations,1,Very Dissatisfied,2,Yes,None,40,3,8.5,6,No,36-45,50K-75K,10+ Years
EMP10580,Neha,Nair,Female,45,Sales,Account Manager,Bengaluru,Diploma,Full-Time,Hybrid,2011-11-14,14.8,60600,Needs Improvement,1,Very Dissatisfied,5,Yes,None,12,0,11.2,4,No,36-45,50K-75K,10+ Years
EMP10581,Pooja,Gupta,Female,50,Sales,Sales Manager,Delhi NCR,Bachelor's,Full-Time,Hybrid,2023-05-15,3.3,42600,Meets Expectations,1,Very Dissatisfied,5,No,None,36,3,1.0,16,No,46-55,<50K,3-5 Years
EMP10582,Kavya,Reddy,Male,34,Operations,Process Associate,Kolkata,Bachelor's,Full-Time,Hybrid,2017-05-15,9.3,47100,Meets Expectations,2,Dissatisfied,1,No,None,28,3,7.8,18,No,26-35,<50K,5-10 Years
EMP10583,Ananya,Joshi,Male,46,Sales,Sales Manager,Kolkata,Bachelor's,Full-Time,Hybrid,2025-05-15,1.3,71500,Exceeds Expectations,1,Very Dissatisfied,3,No,None,17,3,9.6,16,No,46-55,50K-75K,1-3 Years
EMP10584,Aisha,Patel,Female,38,Sales,Sales Executive,Pune,Bachelor's,Full-Time,Hybrid,2017-12-20,8.7,44100,Outstanding,3,Neutral,1,No,None,32,0,3.6,9,No,36-45,<50K,5-10 Years
EMP10585,Kavya,Reddy,Female,42,Finance,Accountant,Pune,Bachelor's,Full-Time,Hybrid,2024-07-26,2.1,95600,Meets Expectations,5,Very Satisfied,2,No,Rarely,27,3,8.9,16,No,36-45,75K-100K,1-3 Years
EMP10586,Rahul,Rao,Male,55,Customer Support,Support Analyst,Bengaluru,Bachelor's,Full-Time,Hybrid,2014-05-15,12.3,56400,Exceeds Expectations,4,Satisfied,2,Yes,None,37,2,3.7,17,No,46-55,50K-75K,10+ Years
EMP10587,Kiran,Iyer,Female,36,Marketing,Marketing Executive,Mumbai,Master's,Contract,Hybrid,2012-07-26,14.1,48800,Needs Improvement,2,Dissatisfied,4,No,None,24,3,7.7,1,No,36-45,<50K,10+ Years
EMP10588,Vihaan,Rao,Female,47,Sales,Business Development Executive,Pune,Diploma,Full-Time,Hybrid,2023-11-14,2.8,52400,Needs Improvement,3,Neutral,2,Yes,Rarely,16,0,8.2,14,No,46-55,50K-75K,1-3 Years
EMP10589,Aisha,Sharma,Male,58,Operations,Process Associate,Chennai,Bachelor's,Full-Time,Hybrid,2019-09-02,7.0,43700,Meets Expectations,4,Satisfied,2,No,None,3,1,10.8,0,No,56+,<50K,5-10 Years
EMP10590,Arjun,Joshi,Female,51,Operations,Process Associate,Hyderabad,MBA,Full-Time,Hybrid,2024-12-20,1.7,73400,Outstanding,5,Very Satisfied,4,No,None,40,3,11.4,20,No,46-55,50K-75K,1-3 Years
EMP10591,Vihaan,Gupta,Female,60,Operations,Operations Executive,Ahmedabad,Bachelor's,Full-Time,Remote,2021-06-20,5.2,61500,Meets Expectations,3,Neutral,4,Yes,None,31,3,12.0,0,Yes,56+,50K-75K,5-10 Years
EMP10592,Isha,Gupta,Female,44,Customer Support,Support Analyst,Delhi NCR,Bachelor's,Full-Time,Hybrid,2025-06-20,1.2,32400,Needs Improvement,1,Very Dissatisfied,1,No,None,4,2,8.4,18,No,36-45,<50K,1-3 Years
EMP10593,Vihaan,Verma,Female,32,Technology,BI Analyst,Bengaluru,Bachelor's,Full-Time,Hybrid,2022-07-27,4.1,96600,Needs Improvement,5,Very Satisfied,2,No,None,24,2,7.0,1,No,26-35,75K-100K,3-5 Years
EMP10594,Divya,Sharma,Female,60,Customer Support,Support Analyst,Hyderabad,Bachelor's,Full-Time,Hybrid,2011-10-08,14.9,50900,Meets Expectations,3,Neutral,4,No,Frequently,33,2,8.3,15,No,56+,50K-75K,10+ Years
EMP10595,Rahul,Nair,Male,46,Finance,Senior Accountant,Chennai,Master's,Contract,Hybrid,2025-10-08,0.9,86400,Meets Expectations,1,Very Dissatisfied,1,No,None,28,3,9.0,1,No,46-55,75K-100K,<1 Year
EMP10596,Meera,Reddy,Male,30,Operations,Operations Analyst,Bengaluru,Bachelor's,Contract,Remote,2013-10-08,12.9,39100,Exceeds Expectations,2,Dissatisfied,3,No,Rarely,11,1,9.8,14,Yes,26-35,<50K,10+ Years
EMP10597,Kavya,Kumar,Female,33,Marketing,Marketing Manager,Bengaluru,Bachelor's,Contract,Hybrid,2025-05-15,1.3,45300,Meets Expectations,3,Neutral,3,No,Frequently,5,3,3.6,5,No,26-35,<50K,1-3 Years
EMP10598,Aarav,Gupta,Female,31,Operations,Operations Manager,Kolkata,Master's,Full-Time,Onsite,2018-09-01,8.0,53200,Meets Expectations,5,Very Satisfied,4,Yes,None,38,2,8.6,18,No,26-35,50K-75K,5-10 Years
EMP10599,Aisha,Verma,Female,54,Marketing,Content Specialist,Hyderabad,Bachelor's,Full-Time,Hybrid,2019-10-08,6.9,79400,Outstanding,5,Very Satisfied,4,No,Rarely,15,3,2.5,22,No,46-55,75K-100K,5-10 Years
EMP10600,Divya,Kumar,Male,24,Marketing,Content Specialist,Mumbai,Bachelor's,Full-Time,Onsite,2012-09-01,14.0,78300,Meets Expectations,1,Very Dissatisfied,3,Yes,None,35,0,1.4,11,No,21-25,75K-100K,10+ Years
EMP10601,Meera,Sharma,Female,50,Marketing,Digital Marketing Analyst,Kolkata,Diploma,Contract,Hybrid,2023-07-27,3.1,58000,Meets Expectations,4,Satisfied,3,Yes,Rarely,19,2,9.6,4,No,46-55,50K-75K,3-5 Years
EMP10602,Pooja,Kumar,Male,43,Operations,Process Associate,Mumbai,Bachelor's,Full-Time,Remote,2023-10-08,2.9,47200,Exceeds Expectations,5,Very Satisfied,4,No,Frequently,31,1,7.0,12,No,36-45,<50K,1-3 Years
EMP10603,Rahul,Sharma,Female,23,Operations,Operations Executive,Bengaluru,Master's,Full-Time,Remote,2015-05-15,11.3,68200,Meets Expectations,4,Satisfied,2,Yes,None,9,1,5.8,2,No,21-25,50K-75K,10+ Years
EMP10604,Arjun,Iyer,Male,45,Sales,Account Manager,Pune,Master's,Contract,Hybrid,2015-10-08,10.9,40300,Meets Expectations,4,Satisfied,3,Yes,Frequently,24,0,4.9,21,No,36-45,<50K,10+ Years
EMP10605,Rohit,Sharma,Female,51,Operations,Operations Manager,Bengaluru,Diploma,Full-Time,Onsite,2016-03-02,10.5,62600,Outstanding,4,Satisfied,3,No,None,22,1,3.2,0,No,46-55,50K-75K,10+ Years
EMP10606,Priya,Nair,Female,50,Human Resources,HR Executive,Ahmedabad,Bachelor's,Full-Time,Hybrid,2026-01-25,0.6,63400,Meets Expectations,3,Neutral,2,No,Rarely,8,3,7.1,18,No,46-55,50K-75K,<1 Year
EMP10607,Aisha,Singh,Female,42,Finance,Accountant,Delhi NCR,MBA,Full-Time,Onsite,2022-09-01,4.0,62700,Exceeds Expectations,4,Satisfied,4,Yes,None,27,0,1.2,17,Yes,36-45,50K-75K,3-5 Years
EMP10608,Divya,Patel,Female,34,Human Resources,Recruiter,Ahmedabad,Bachelor's,Full-Time,Remote,2014-01-25,12.6,68200,Exceeds Expectations,3,Neutral,4,Yes,None,18,1,8.4,20,No,26-35,50K-75K,10+ Years
EMP10609,Sanjay,Sharma,Male,27,Customer Support,Support Analyst,Bengaluru,Bachelor's,Full-Time,Onsite,2017-07-27,9.1,40700,Meets Expectations,5,Very Satisfied,5,Yes,None,26,2,6.0,17,No,26-35,<50K,5-10 Years
EMP10610,Sanjay,Sharma,Female,21,Customer Support,Support Executive,Pune,Master's,Full-Time,Hybrid,2017-07-27,9.1,54100,Meets Expectations,2,Dissatisfied,3,No,Frequently,1,2,7.6,15,No,21-25,50K-75K,5-10 Years
EMP10611,Isha,Iyer,Female,35,Operations,Operations Analyst,Pune,Diploma,Contract,Hybrid,2022-01-25,4.6,44200,Meets Expectations,4,Satisfied,4,Yes,Rarely,5,3,0.6,4,No,26-35,<50K,3-5 Years
EMP10612,Divya,Das,Male,46,Human Resources,HR Executive,Kolkata,Master's,Full-Time,Hybrid,2022-07-27,4.1,62400,Meets Expectations,1,Very Dissatisfied,2,No,Frequently,29,0,4.6,8,No,46-55,50K-75K,3-5 Years
EMP10613,Nikhil,Patel,Male,22,Operations,Operations Manager,Hyderabad,Master's,Full-Time,Remote,2012-06-20,14.2,60500,Meets Expectations,3,Neutral,5,Yes,None,40,1,4.9,12,No,21-25,50K-75K,10+ Years
EMP10614,Ananya,Verma,Female,60,Finance,Accountant,Kolkata,MBA,Contract,Hybrid,2015-09-02,11.0,50600,Exceeds Expectations,5,Very Satisfied,5,No,None,4,2,7.0,21,No,56+,50K-75K,10+ Years
EMP10615,Kiran,Joshi,Male,44,Marketing,Marketing Manager,Chennai,Bachelor's,Contract,Hybrid,2024-07-26,2.1,75400,Needs Improvement,2,Dissatisfied,3,Yes,None,1,0,10.8,13,Yes,36-45,75K-100K,1-3 Years
EMP10616,Rohit,Patel,Male,32,Marketing,Marketing Manager,Ahmedabad,Bachelor's,Full-Time,Onsite,2012-07-26,14.1,82700,Needs Improvement,4,Satisfied,4,Yes,None,10,0,8.7,5,Yes,26-35,75K-100K,10+ Years
EMP10617,Aisha,Iyer,Female,59,Technology,IT Support Specialist,Pune,Master's,Full-Time,Onsite,2017-11-13,8.8,125600,Meets Expectations,3,Neutral,3,No,None,1,1,9.7,7,No,56+,100K-150K,5-10 Years
EMP10618,Arjun,Verma,Male,28,Technology,Software Engineer,Kolkata,Bachelor's,Contract,Hybrid,2021-07-27,5.1,72800,Meets Expectations,1,Very Dissatisfied,1,Yes,Frequently,10,3,9.2,7,No,26-35,50K-75K,5-10 Years
EMP10619,Kiran,Rao,Male,59,Sales,Business Development Executive,Ahmedabad,Bachelor's,Full-Time,Hybrid,2020-07-26,6.1,48800,Meets Expectations,1,Very Dissatisfied,5,No,Frequently,28,1,2.5,15,No,56+,<50K,5-10 Years
EMP10620,Aditya,Joshi,Male,32,Sales,Sales Executive,Chennai,Master's,Full-Time,Hybrid,2015-10-08,10.9,53300,Exceeds Expectations,1,Very Dissatisfied,4,No,None,32,1,6.3,5,No,26-35,50K-75K,10+ Years
EMP10621,Kiran,Rao,Male,36,Human Resources,HR Executive,Ahmedabad,Bachelor's,Contract,Hybrid,2020-11-13,5.8,86900,Meets Expectations,3,Neutral,3,No,None,25,3,8.9,22,No,36-45,75K-100K,5-10 Years
EMP10622,Neha,Sharma,Male,38,Human Resources,HR Executive,Pune,MBA,Full-Time,Onsite,2017-11-13,8.8,62500,Needs Improvement,2,Dissatisfied,2,No,Rarely,16,2,6.5,16,No,36-45,50K-75K,5-10 Years
EMP10623,Pooja,Reddy,Female,60,Technology,Software Engineer,Delhi NCR,Bachelor's,Full-Time,Hybrid,2015-12-20,10.7,79700,Meets Expectations,5,Very Satisfied,4,No,Rarely,6,1,11.4,5,No,56+,75K-100K,10+ Years
EMP10624,Rohit,Nair,Male,31,Finance,Senior Accountant,Ahmedabad,Master's,Full-Time,Hybrid,2023-07-27,3.1,92100,Meets Expectations,4,Satisfied,3,No,Rarely,21,3,6.3,13,No,26-35,75K-100K,3-5 Years
EMP10625,Pooja,Gupta,Male,59,Marketing,Marketing Executive,Bengaluru,Bachelor's,Full-Time,Remote,2012-06-20,14.2,45500,Meets Expectations,1,Very Dissatisfied,5,No,None,39,3,6.7,6,No,56+,<50K,10+ Years
EMP10626,Nikhil,Joshi,Female,34,Technology,BI Analyst,Chennai,MBA,Full-Time,Onsite,2021-03-03,5.5,97000,Meets Expectations,3,Neutral,2,No,None,8,3,1.6,13,No,26-35,75K-100K,5-10 Years
EMP10627,Kiran,Kumar,Female,32,Finance,Accountant,Hyderabad,MBA,Full-Time,Onsite,2020-04-08,6.4,75100,Meets Expectations,4,Satisfied,3,No,None,22,1,1.1,11,No,26-35,75K-100K,5-10 Years
EMP10628,Meera,Verma,Male,46,Finance,Financial Analyst,Mumbai,Master's,Full-Time,Onsite,2016-03-02,10.5,85300,Needs Improvement,4,Satisfied,1,Yes,Frequently,13,1,0.9,16,No,46-55,75K-100K,10+ Years
EMP10629,Ananya,Singh,Female,48,Human Resources,HR Analyst,Pune,Bachelor's,Full-Time,Remote,2017-06-20,9.2,78800,Meets Expectations,1,Very Dissatisfied,4,No,Rarely,14,1,2.0,4,Yes,46-55,75K-100K,5-10 Years
EMP10630,Arjun,Iyer,Male,34,Finance,Financial Analyst,Hyderabad,Bachelor's,Full-Time,Hybrid,2019-12-20,6.7,67800,Needs Improvement,1,Very Dissatisfied,2,No,Frequently,20,3,8.1,19,No,26-35,50K-75K,5-10 Years
EMP10631,Rahul,Das,Male,26,Operations,Operations Analyst,Ahmedabad,Bachelor's,Full-Time,Remote,2016-11-13,9.8,66100,Outstanding,3,Neutral,1,No,None,6,0,2.3,17,No,26-35,50K-75K,5-10 Years
EMP10632,Vikram,Kumar,Male,36,Finance,Finance Manager,Pune,Bachelor's,Full-Time,Remote,2013-01-25,13.6,79400,Meets Expectations,5,Very Satisfied,3,Yes,None,7,0,1.5,6,Yes,36-45,75K-100K,10+ Years
EMP10633,Aditya,Nair,Female,42,Human Resources,Recruiter,Delhi NCR,Bachelor's,Contract,Onsite,2014-09-01,12.0,48800,Meets Expectations,1,Very Dissatisfied,3,No,None,1,0,7.4,19,No,36-45,<50K,10+ Years
EMP10634,Meera,Nair,Female,22,Finance,Accountant,Bengaluru,Bachelor's,Full-Time,Hybrid,2014-04-08,12.4,100300,Meets Expectations,1,Very Dissatisfied,2,Yes,Frequently,28,2,10.3,17,No,21-25,100K-150K,10+ Years
EMP10635,Sneha,Singh,Male,24,Technology,IT Support Specialist,Pune,MBA,Full-Time,Hybrid,2022-09-01,4.0,111500,Meets Expectations,1,Very Dissatisfied,5,Yes,None,37,0,0.6,7,Yes,21-25,100K-150K,3-5 Years
EMP10636,Meera,Rao,Male,57,Marketing,Marketing Manager,Hyderabad,Master's,Full-Time,Hybrid,2020-04-08,6.4,91600,Needs Improvement,2,Dissatisfied,1,Yes,Rarely,18,2,6.2,11,Yes,56+,75K-100K,5-10 Years
EMP10637,Rahul,Kumar,Female,22,Technology,Data Analyst,Delhi NCR,Master's,Full-Time,Remote,2018-04-08,8.4,109100,Needs Improvement,5,Very Satisfied,2,No,None,25,0,2.5,0,No,21-25,100K-150K,5-10 Years
EMP10638,Isha,Singh,Male,37,Finance,Accountant,Pune,Master's,Contract,Onsite,2025-10-08,0.9,63100,Meets Expectations,5,Very Satisfied,2,No,None,40,1,11.0,20,No,36-45,50K-75K,<1 Year
EMP10639,Kavya,Reddy,Female,51,Operations,Operations Executive,Ahmedabad,Bachelor's,Full-Time,Hybrid,2015-01-26,11.6,56900,Needs Improvement,2,Dissatisfied,5,No,None,31,0,5.1,15,No,46-55,50K-75K,10+ Years
EMP10640,Vikram,Gupta,Female,34,Customer Support,Team Lead,Mumbai,MBA,Full-Time,Onsite,2021-09-01,5.0,47200,Meets Expectations,4,Satisfied,2,No,None,10,3,7.8,0,Yes,26-35,<50K,3-5 Years
EMP10641,Rohit,Verma,Female,40,Marketing,Content Specialist,Bengaluru,Master's,Full-Time,Hybrid,2022-04-08,4.4,45400,Needs Improvement,1,Very Dissatisfied,2,No,Frequently,31,2,5.3,17,Yes,36-45,<50K,3-5 Years
EMP10642,Aditya,Gupta,Female,24,Customer Support,Customer Success Specialist,Kolkata,Bachelor's,Full-Time,Onsite,2022-09-01,4.0,48100,Needs Improvement,3,Neutral,3,No,Frequently,16,1,9.9,5,No,21-25,<50K,3-5 Years
EMP10643,Aisha,Iyer,Male,52,Operations,Operations Manager,Kolkata,Master's,Contract,Hybrid,2022-04-08,4.4,53100,Needs Improvement,4,Satisfied,2,No,Rarely,39,3,6.0,11,No,46-55,50K-75K,3-5 Years
EMP10644,Aisha,Singh,Female,46,Human Resources,Recruiter,Mumbai,Bachelor's,Full-Time,Hybrid,2021-06-20,5.2,42200,Exceeds Expectations,5,Very Satisfied,2,No,None,37,3,11.4,4,No,46-55,<50K,5-10 Years
EMP10645,Priya,Reddy,Male,55,Operations,Operations Manager,Delhi NCR,Master's,Full-Time,Hybrid,2017-06-20,9.2,75600,Meets Expectations,5,Very Satisfied,2,No,Rarely,1,2,4.4,0,Yes,46-55,75K-100K,5-10 Years
EMP10646,Isha,Singh,Female,55,Finance,Financial Analyst,Kolkata,Bachelor's,Full-Time,Remote,2017-11-13,8.8,57200,Needs Improvement,1,Very Dissatisfied,3,No,None,36,0,8.7,1,No,46-55,50K-75K,5-10 Years
EMP10647,Sneha,Singh,Male,35,Human Resources,HR Manager,Hyderabad,Master's,Contract,Hybrid,2022-09-01,4.0,67200,Exceeds Expectations,3,Neutral,4,No,Frequently,9,0,1.2,0,No,26-35,50K-75K,3-5 Years
EMP10648,Neha,Rao,Female,22,Human Resources,HR Manager,Bengaluru,Bachelor's,Full-Time,Onsite,2023-05-15,3.3,81500,Meets Expectations,1,Very Dissatisfied,3,No,Rarely,19,3,2.1,15,No,21-25,75K-100K,3-5 Years
EMP10649,Divya,Joshi,Male,34,Customer Support,Team Lead,Kolkata,Diploma,Contract,Hybrid,2014-04-08,12.4,55600,Meets Expectations,1,Very Dissatisfied,5,No,None,30,2,6.4,21,No,26-35,50K-75K,10+ Years
EMP10650,Rohit,Iyer,Male,26,Operations,Process Associate,Kolkata,Master's,Full-Time,Onsite,2025-01-25,1.6,45100,Needs Improvement,1,Very Dissatisfied,2,No,None,5,2,3.3,18,No,26-35,<50K,1-3 Years
EMP10651,Kavya,Gupta,Male,42,Human Resources,HR Manager,Bengaluru,Master's,Contract,Onsite,2018-11-14,7.8,73200,Needs Improvement,5,Very Satisfied,5,Yes,None,0,0,0.9,21,No,36-45,50K-75K,5-10 Years
EMP10652,Kavya,Das,Male,26,Marketing,Marketing Manager,Hyderabad,Bachelor's,Full-Time,Onsite,2018-10-08,7.9,83000,Exceeds Expectations,2,Dissatisfied,4,Yes,None,16,1,3.1,12,No,26-35,75K-100K,5-10 Years
EMP10653,Meera,Patel,Male,57,Technology,Software Engineer,Mumbai,MBA,Full-Time,Onsite,2017-12-20,8.7,118500,Needs Improvement,4,Satisfied,1,No,Frequently,23,3,3.4,7,No,56+,100K-150K,5-10 Years
EMP10654,Neha,Singh,Male,45,Operations,Operations Analyst,Pune,Bachelor's,Full-Time,Remote,2013-05-15,13.3,51800,Needs Improvement,4,Satisfied,4,No,Rarely,24,0,7.6,19,No,36-45,50K-75K,10+ Years
EMP10655,Kiran,Joshi,Female,31,Human Resources,HR Executive,Bengaluru,Bachelor's,Full-Time,Remote,2017-04-08,9.4,43700,Exceeds Expectations,5,Very Satisfied,5,No,None,39,1,2.2,4,No,26-35,<50K,5-10 Years
EMP10656,Pooja,Singh,Female,57,Human Resources,HR Executive,Chennai,Master's,Full-Time,Onsite,2012-01-26,14.6,72600,Meets Expectations,3,Neutral,4,Yes,None,10,0,11.2,14,No,56+,50K-75K,10+ Years
EMP10657,Isha,Singh,Female,51,Operations,Process Associate,Pune,Master's,Full-Time,Hybrid,2013-07-27,13.1,47700,Meets Expectations,5,Very Satisfied,2,No,Rarely,29,1,3.6,3,No,46-55,<50K,10+ Years
EMP10658,Aditya,Joshi,Female,38,Marketing,Content Specialist,Ahmedabad,Master's,Full-Time,Onsite,2023-04-09,3.4,84300,Meets Expectations,3,Neutral,3,No,None,7,1,11.6,14,No,36-45,75K-100K,3-5 Years
EMP10659,Neha,Das,Male,26,Sales,Sales Manager,Kolkata,MBA,Contract,Hybrid,2022-11-14,3.8,70800,Meets Expectations,4,Satisfied,5,No,None,18,3,5.2,5,No,26-35,50K-75K,3-5 Years
EMP10660,Kiran,Das,Female,34,Finance,Finance Manager,Hyderabad,Bachelor's,Full-Time,Onsite,2021-05-15,5.3,94000,Exceeds Expectations,4,Satisfied,2,Yes,Rarely,21,1,8.8,5,No,26-35,75K-100K,5-10 Years
EMP10661,Kiran,Nair,Female,44,Technology,Software Engineer,Ahmedabad,Master's,Contract,Onsite,2020-09-01,6.0,126400,Needs Improvement,3,Neutral,3,No,None,17,2,8.2,17,No,36-45,100K-150K,5-10 Years
EMP10662,Nikhil,Gupta,Male,51,Operations,Operations Executive,Pune,Bachelor's,Full-Time,Hybrid,2018-04-08,8.4,63800,Meets Expectations,2,Dissatisfied,3,Yes,None,7,2,3.5,22,No,46-55,50K-75K,5-10 Years
EMP10663,Rohit,Verma,Female,31,Sales,Business Development Executive,Bengaluru,Master's,Full-Time,Hybrid,2023-01-26,3.6,81300,Meets Expectations,1,Very Dissatisfied,5,No,None,7,1,5.4,15,No,26-35,75K-100K,3-5 Years
EMP10664,Isha,Nair,Non-Binary,50,Technology,Data Analyst,Bengaluru,Bachelor's,Full-Time,Hybrid,2023-03-03,3.5,103600,Meets Expectations,1,Very Dissatisfied,5,Yes,None,35,2,2.9,11,No,46-55,100K-150K,3-5 Years
EMP10665,Arjun,Sharma,Male,32,Marketing,Marketing Manager,Chennai,Bachelor's,Full-Time,Hybrid,2020-11-13,5.8,53000,Exceeds Expectations,3,Neutral,4,Yes,Frequently,38,3,10.6,16,No,26-35,50K-75K,5-10 Years
EMP10666,Pooja,Sharma,Male,30,Marketing,Digital Marketing Analyst,Chennai,MBA,Full-Time,Onsite,2016-07-26,10.1,85200,Meets Expectations,2,Dissatisfied,3,No,Frequently,3,0,10.7,22,No,26-35,75K-100K,10+ Years
EMP10667,Vihaan,Joshi,Female,38,Human Resources,HR Executive,Ahmedabad,Master's,Full-Time,Hybrid,2016-04-08,10.4,77000,Meets Expectations,2,Dissatisfied,3,No,Frequently,9,2,4.4,18,No,36-45,75K-100K,10+ Years
EMP10668,Kiran,Reddy,Male,27,Customer Support,Team Lead,Pune,Master's,Full-Time,Onsite,2012-01-26,14.6,70100,Meets Expectations,4,Satisfied,4,No,Frequently,40,3,5.0,9,No,26-35,50K-75K,10+ Years
EMP10669,Sanjay,Gupta,Male,37,Customer Support,Team Lead,Delhi NCR,Bachelor's,Contract,Onsite,2023-06-21,3.2,41700,Meets Expectations,1,Very Dissatisfied,1,Yes,None,4,2,3.8,12,Yes,36-45,<50K,3-5 Years
EMP10670,Ananya,Patel,Male,35,Sales,Sales Manager,Hyderabad,Bachelor's,Full-Time,Onsite,2020-09-01,6.0,54600,Meets Expectations,3,Neutral,3,No,None,22,0,3.7,10,Yes,26-35,50K-75K,5-10 Years
EMP10671,Pooja,Nair,Male,32,Customer Support,Customer Success Specialist,Kolkata,Bachelor's,Contract,Onsite,2012-03-02,14.5,64000,Meets Expectations,3,Neutral,2,No,Rarely,11,0,1.2,11,No,26-35,50K-75K,10+ Years
EMP10672,Sneha,Rao,Female,52,Marketing,Marketing Manager,Chennai,Bachelor's,Contract,Hybrid,2016-04-08,10.4,46800,Exceeds Expectations,5,Very Satisfied,5,Yes,None,40,2,7.8,16,No,46-55,<50K,10+ Years
EMP10673,Ananya,Patel,Female,34,Marketing,Content Specialist,Mumbai,Master's,Full-Time,Hybrid,2017-09-01,9.0,76600,Meets Expectations,1,Very Dissatisfied,5,No,Frequently,30,0,9.3,4,No,26-35,75K-100K,5-10 Years
EMP10674,Arjun,Nair,Female,48,Sales,Sales Manager,Chennai,Master's,Full-Time,Hybrid,2018-06-20,8.2,64100,Exceeds Expectations,5,Very Satisfied,2,Yes,None,30,3,4.2,18,No,46-55,50K-75K,5-10 Years
EMP10675,Aarav,Iyer,Female,49,Marketing,Digital Marketing Analyst,Delhi NCR,Bachelor's,Full-Time,Onsite,2025-05-15,1.3,52300,Meets Expectations,4,Satisfied,4,No,None,2,3,6.1,11,No,46-55,50K-75K,1-3 Years
EMP10676,Aisha,Das,Male,47,Operations,Operations Analyst,Delhi NCR,Bachelor's,Contract,Onsite,2013-04-08,13.4,44900,Exceeds Expectations,4,Satisfied,3,No,Rarely,6,1,0.5,5,No,46-55,<50K,10+ Years
EMP10677,Priya,Kumar,Male,31,Marketing,Marketing Manager,Pune,MBA,Full-Time,Hybrid,2017-03-03,9.5,85800,Meets Expectations,4,Satisfied,5,Yes,Frequently,32,2,7.6,20,No,26-35,75K-100K,5-10 Years
EMP10678,Sanjay,Joshi,Male,54,Sales,Account Manager,Kolkata,Bachelor's,Full-Time,Onsite,2017-12-20,8.7,39700,Meets Expectations,4,Satisfied,3,No,Rarely,9,1,4.0,22,No,46-55,<50K,5-10 Years
EMP10679,Ananya,Iyer,Male,30,Human Resources,Recruiter,Hyderabad,Bachelor's,Full-Time,Onsite,2018-06-20,8.2,79600,Outstanding,3,Neutral,4,No,Rarely,17,3,1.9,12,No,26-35,75K-100K,5-10 Years
EMP10680,Pooja,Patel,Female,32,Customer Support,Support Executive,Ahmedabad,Bachelor's,Full-Time,Onsite,2020-09-01,6.0,60600,Meets Expectations,3,Neutral,4,No,None,4,0,0.3,0,Yes,26-35,50K-75K,5-10 Years
EMP10681,Sanjay,Gupta,Female,55,Operations,Operations Executive,Mumbai,Bachelor's,Full-Time,Remote,2022-09-01,4.0,66700,Needs Improvement,2,Dissatisfied,5,No,Rarely,0,2,5.2,13,Yes,46-55,50K-75K,3-5 Years
EMP10682,Ananya,Nair,Male,34,Sales,Business Development Executive,Hyderabad,Bachelor's,Full-Time,Hybrid,2015-04-09,11.4,58200,Exceeds Expectations,5,Very Satisfied,4,No,Rarely,29,1,8.1,1,No,26-35,50K-75K,10+ Years
EMP10683,Ananya,Gupta,Female,48,Customer Support,Customer Success Specialist,Chennai,Bachelor's,Full-Time,Onsite,2018-12-20,7.7,33300,Meets Expectations,2,Dissatisfied,2,No,None,7,1,3.0,19,No,46-55,<50K,5-10 Years
EMP10684,Isha,Iyer,Female,22,Customer Support,Customer Success Specialist,Pune,Diploma,Full-Time,Hybrid,2025-12-20,0.7,63300,Meets Expectations,3,Neutral,4,No,Rarely,6,3,2.2,2,Yes,21-25,50K-75K,<1 Year
EMP10685,Rahul,Patel,Male,45,Technology,BI Analyst,Hyderabad,Bachelor's,Contract,Remote,2020-07-26,6.1,67300,Exceeds Expectations,2,Dissatisfied,2,No,None,34,2,7.4,17,Yes,36-45,50K-75K,5-10 Years
EMP10686,Aarav,Kumar,Female,55,Operations,Operations Analyst,Ahmedabad,Bachelor's,Contract,Onsite,2012-10-08,13.9,50100,Meets Expectations,2,Dissatisfied,4,No,None,29,1,7.2,12,No,46-55,50K-75K,10+ Years
EMP10687,Divya,Joshi,Male,49,Finance,Senior Accountant,Ahmedabad,Master's,Full-Time,Onsite,2020-12-20,5.7,104100,Meets Expectations,5,Very Satisfied,5,Yes,Frequently,8,2,3.8,16,No,46-55,100K-150K,5-10 Years
EMP10688,Nikhil,Sharma,Female,44,Marketing,Marketing Executive,Mumbai,Bachelor's,Full-Time,Remote,2020-05-14,6.3,59300,Needs Improvement,1,Very Dissatisfied,3,Yes,None,35,3,10.2,14,Yes,36-45,50K-75K,5-10 Years
EMP10689,Priya,Sharma,Female,54,Human Resources,HR Manager,Hyderabad,Master's,Full-Time,Remote,2017-04-08,9.4,54900,Meets Expectations,5,Very Satisfied,5,No,Rarely,39,3,7.2,7,Yes,46-55,50K-75K,5-10 Years
EMP10690,Nikhil,Joshi,Female,32,Operations,Operations Executive,Chennai,Bachelor's,Contract,Hybrid,2014-07-27,12.1,81300,Needs Improvement,5,Very Satisfied,1,Yes,None,16,2,9.8,20,No,26-35,75K-100K,10+ Years
EMP10691,Kiran,Joshi,Female,36,Customer Support,Customer Success Specialist,Delhi NCR,Bachelor's,Full-Time,Onsite,2016-07-26,10.1,35600,Meets Expectations,2,Dissatisfied,3,No,Frequently,18,3,11.1,18,No,36-45,<50K,10+ Years
EMP10692,Arjun,Reddy,Female,23,Operations,Operations Manager,Chennai,Bachelor's,Full-Time,Onsite,2013-11-13,12.8,44700,Meets Expectations,2,Dissatisfied,5,No,None,27,3,8.2,10,Yes,21-25,<50K,10+ Years
EMP10693,Kavya,Das,Male,48,Customer Support,Team Lead,Mumbai,Diploma,Full-Time,Remote,2024-10-08,1.9,49200,Needs Improvement,1,Very Dissatisfied,4,No,None,6,0,3.6,19,Yes,46-55,<50K,1-3 Years
EMP10694,Priya,Nair,Female,49,Customer Support,Support Executive,Kolkata,Bachelor's,Full-Time,Hybrid,2012-10-08,13.9,62700,Meets Expectations,4,Satisfied,2,Yes,Frequently,36,0,8.2,18,No,46-55,50K-75K,10+ Years
EMP10695,Sneha,Joshi,Male,51,Sales,Sales Manager,Bengaluru,MBA,Contract,Hybrid,2013-01-25,13.6,80400,Meets Expectations,4,Satisfied,3,No,Rarely,5,1,5.2,8,No,46-55,75K-100K,10+ Years
EMP10696,Aisha,Singh,Female,50,Technology,Software Engineer,Kolkata,Bachelor's,Contract,Onsite,2018-10-08,7.9,111500,Meets Expectations,5,Very Satisfied,1,No,None,30,2,2.3,14,No,46-55,100K-150K,5-10 Years
EMP10697,Kiran,Patel,Female,26,Operations,Operations Executive,Ahmedabad,Master's,Full-Time,Onsite,2017-04-08,9.4,81400,Needs Improvement,2,Dissatisfied,5,Yes,None,23,3,2.3,4,No,26-35,75K-100K,5-10 Years
EMP10698,Sanjay,Singh,Male,47,Marketing,Content Specialist,Pune,Bachelor's,Full-Time,Hybrid,2023-05-15,3.3,44400,Meets Expectations,2,Dissatisfied,1,Yes,None,5,0,2.0,9,No,46-55,<50K,3-5 Years
EMP10699,Sneha,Gupta,Male,51,Sales,Sales Manager,Ahmedabad,MBA,Full-Time,Hybrid,2019-11-14,6.8,68000,Meets Expectations,4,Satisfied,3,Yes,Frequently,18,3,5.7,8,No,46-55,50K-75K,5-10 Years
EMP10700,Isha,Iyer,Male,29,Sales,Account Manager,Pune,Bachelor's,Full-Time,Hybrid,2023-06-21,3.2,44400,Needs Improvement,2,Dissatisfied,3,Yes,Rarely,11,1,7.2,13,No,26-35,<50K,3-5 Years
EMP10701,Vihaan,Iyer,Male,40,Human Resources,Recruiter,Delhi NCR,Bachelor's,Full-Time,Hybrid,2026-03-03,0.5,87900,Needs Improvement,2,Dissatisfied,4,No,Frequently,38,2,11.7,7,No,36-45,75K-100K,<1 Year
EMP10702,Kiran,Singh,Female,57,Marketing,Digital Marketing Analyst,Delhi NCR,MBA,Full-Time,Hybrid,2011-12-20,14.7,92300,Exceeds Expectations,1,Very Dissatisfied,3,No,Frequently,21,2,8.1,4,No,56+,75K-100K,10+ Years
EMP10703,Arjun,Sharma,Female,37,Technology,Data Analyst,Ahmedabad,Bachelor's,Full-Time,Hybrid,2022-09-01,4.0,79800,Exceeds Expectations,5,Very Satisfied,1,Yes,None,15,0,2.9,8,Yes,36-45,75K-100K,3-5 Years
EMP10704,Kiran,Singh,Male,51,Technology,Data Analyst,Hyderabad,Master's,Full-Time,Onsite,2017-09-01,9.0,116600,Needs Improvement,3,Neutral,4,No,Rarely,10,0,10.1,17,No,46-55,100K-150K,5-10 Years
EMP10705,Meera,Rao,Female,42,Sales,Account Manager,Mumbai,MBA,Full-Time,Remote,2022-01-25,4.6,68500,Meets Expectations,4,Satisfied,5,No,Rarely,5,1,11.8,0,No,36-45,50K-75K,3-5 Years
EMP10706,Arjun,Sharma,Female,47,Human Resources,HR Manager,Kolkata,MBA,Full-Time,Onsite,2020-12-20,5.7,47100,Outstanding,4,Satisfied,4,Yes,Frequently,20,3,5.1,12,Yes,46-55,<50K,5-10 Years
EMP10707,Aisha,Iyer,Female,46,Sales,Account Manager,Hyderabad,Diploma,Full-Time,Hybrid,2020-07-26,6.1,67200,Needs Improvement,3,Neutral,1,No,Rarely,20,2,10.6,12,No,46-55,50K-75K,5-10 Years
EMP10708,Aisha,Kumar,Female,47,Marketing,Digital Marketing Analyst,Hyderabad,Bachelor's,Contract,Onsite,2021-06-20,5.2,94500,Meets Expectations,2,Dissatisfied,1,No,None,39,1,9.0,18,Yes,46-55,75K-100K,5-10 Years
EMP10709,Neha,Verma,Female,52,Human Resources,Recruiter,Hyderabad,Bachelor's,Full-Time,Hybrid,2017-01-25,9.6,57500,Exceeds Expectations,2,Dissatisfied,2,No,Frequently,26,3,3.9,4,Yes,46-55,50K-75K,5-10 Years
EMP10710,Aditya,Singh,Male,57,Human Resources,HR Manager,Chennai,Master's,Full-Time,Hybrid,2012-04-08,14.4,42100,Meets Expectations,3,Neutral,2,Yes,Rarely,18,1,0.3,8,No,56+,<50K,10+ Years
EMP10711,Vihaan,Nair,Female,32,Marketing,Digital Marketing Analyst,Mumbai,Bachelor's,Full-Time,Onsite,2020-03-02,6.5,94500,Meets Expectations,1,Very Dissatisfied,1,Yes,Frequently,15,0,8.4,0,Yes,26-35,75K-100K,5-10 Years
EMP10712,Aditya,Gupta,Female,58,Human Resources,HR Manager,Kolkata,Master's,Full-Time,Hybrid,2012-01-26,14.6,62900,Outstanding,3,Neutral,5,No,None,10,3,11.6,4,No,56+,50K-75K,10+ Years
EMP10713,Isha,Joshi,Female,46,Operations,Operations Analyst,Chennai,MBA,Full-Time,Hybrid,2016-07-26,10.1,56900,Needs Improvement,1,Very Dissatisfied,4,No,None,26,3,1.8,16,Yes,46-55,50K-75K,10+ Years
EMP10714,Aarav,Sharma,Female,44,Operations,Operations Manager,Ahmedabad,Master's,Contract,Hybrid,2017-06-20,9.2,69600,Outstanding,2,Dissatisfied,4,Yes,Rarely,6,3,11.0,11,No,36-45,50K-75K,5-10 Years
EMP10715,Neha,Patel,Female,34,Customer Support,Team Lead,Hyderabad,Bachelor's,Full-Time,Onsite,2022-12-20,3.7,55600,Needs Improvement,4,Satisfied,5,No,Rarely,0,2,2.6,16,No,26-35,50K-75K,3-5 Years
EMP10716,Vikram,Singh,Male,37,Operations,Operations Analyst,Delhi NCR,Master's,Contract,Onsite,2025-07-27,1.1,51100,Meets Expectations,1,Very Dissatisfied,5,No,None,36,3,6.6,11,Yes,36-45,50K-75K,1-3 Years
EMP10717,Meera,Joshi,Female,47,Human Resources,HR Executive,Chennai,Bachelor's,Contract,Remote,2013-11-13,12.8,47000,Meets Expectations,1,Very Dissatisfied,1,No,None,1,3,6.7,16,No,46-55,<50K,10+ Years
EMP10718,Nikhil,Singh,Female,35,Human Resources,Recruiter,Mumbai,Master's,Full-Time,Onsite,2017-12-20,8.7,83700,Meets Expectations,2,Dissatisfied,1,No,Rarely,9,2,2.8,7,Yes,26-35,75K-100K,5-10 Years
EMP10719,Sanjay,Verma,Male,32,Technology,Software Engineer,Mumbai,Bachelor's,Full-Time,Hybrid,2020-05-14,6.3,92400,Meets Expectations,4,Satisfied,4,No,Frequently,22,3,0.5,13,No,26-35,75K-100K,5-10 Years
EMP10720,Sanjay,Das,Male,53,Marketing,Digital Marketing Analyst,Delhi NCR,Master's,Contract,Onsite,2014-06-20,12.2,78600,Needs Improvement,5,Very Satisfied,5,Yes,None,7,2,2.2,13,No,46-55,75K-100K,10+ Years
EMP10721,Isha,Iyer,Female,37,Sales,Business Development Executive,Delhi NCR,Bachelor's,Full-Time,Hybrid,2021-11-13,4.8,79300,Meets Expectations,1,Very Dissatisfied,4,No,None,27,1,4.8,15,No,36-45,75K-100K,3-5 Years
EMP10722,Aisha,Patel,Female,46,Customer Support,Customer Success Specialist,Kolkata,Bachelor's,Contract,Hybrid,2014-11-14,11.8,32900,Outstanding,2,Dissatisfied,5,Yes,None,22,0,2.4,6,No,46-55,<50K,10+ Years
EMP10723,Divya,Gupta,Female,22,Operations,Operations Manager,Pune,Bachelor's,Full-Time,Hybrid,2021-07-27,5.1,76200,Meets Expectations,1,Very Dissatisfied,4,No,None,3,2,8.1,7,No,21-25,75K-100K,5-10 Years
EMP10724,Nikhil,Joshi,Female,24,Sales,Sales Manager,Hyderabad,Master's,Full-Time,Hybrid,2012-11-13,13.8,74200,Meets Expectations,1,Very Dissatisfied,3,No,None,18,2,6.0,13,No,21-25,50K-75K,10+ Years
EMP10725,Isha,Patel,Female,54,Operations,Operations Executive,Bengaluru,MBA,Contract,Hybrid,2022-06-20,4.2,80100,Meets Expectations,5,Very Satisfied,1,Yes,None,34,3,4.4,20,No,46-55,75K-100K,3-5 Years
EMP10726,Aarav,Iyer,Male,26,Sales,Account Manager,Mumbai,Bachelor's,Full-Time,Remote,2024-06-20,2.2,49900,Meets Expectations,3,Neutral,4,No,Rarely,15,2,2.9,12,No,26-35,<50K,1-3 Years
EMP10727,Sneha,Singh,Male,52,Operations,Operations Manager,Bengaluru,Master's,Full-Time,Hybrid,2016-03-02,10.5,52000,Meets Expectations,4,Satisfied,2,No,None,27,2,8.0,10,No,46-55,50K-75K,10+ Years
EMP10728,Sneha,Kumar,Non-Binary,57,Sales,Sales Executive,Kolkata,Master's,Full-Time,Hybrid,2024-01-26,2.6,70000,Meets Expectations,4,Satisfied,2,No,None,23,1,10.7,0,No,56+,50K-75K,1-3 Years
EMP10729,Vihaan,Das,Male,40,Human Resources,HR Analyst,Hyderabad,Master's,Full-Time,Hybrid,2012-05-14,14.3,88700,Exceeds Expectations,3,Neutral,5,Yes,Frequently,18,0,7.9,2,No,36-45,75K-100K,10+ Years
EMP10730,Arjun,Singh,Female,56,Marketing,Digital Marketing Analyst,Ahmedabad,MBA,Full-Time,Hybrid,2016-10-08,9.9,95300,Meets Expectations,4,Satisfied,4,Yes,None,23,3,5.0,15,No,56+,75K-100K,5-10 Years
EMP10731,Divya,Singh,Female,38,Operations,Process Associate,Ahmedabad,MBA,Contract,Hybrid,2023-01-26,3.6,56300,Meets Expectations,2,Dissatisfied,3,No,Rarely,19,0,0.5,3,Yes,36-45,50K-75K,3-5 Years
EMP10732,Aarav,Nair,Male,59,Finance,Financial Analyst,Chennai,Diploma,Full-Time,Hybrid,2023-05-15,3.3,80300,Outstanding,3,Neutral,4,Yes,None,2,1,9.5,9,No,56+,75K-100K,3-5 Years
EMP10733,Ananya,Kumar,Female,30,Customer Support,Team Lead,Kolkata,Bachelor's,Contract,Remote,2012-10-08,13.9,38900,Meets Expectations,2,Dissatisfied,4,No,Frequently,17,3,6.4,2,No,26-35,<50K,10+ Years
EMP10734,Aisha,Patel,Female,38,Operations,Operations Analyst,Ahmedabad,Bachelor's,Full-Time,Remote,2017-06-20,9.2,68700,Meets Expectations,3,Neutral,3,No,Frequently,17,2,1.0,18,No,36-45,50K-75K,5-10 Years
EMP10735,Divya,Nair,Male,36,Technology,BI Analyst,Kolkata,Bachelor's,Full-Time,Hybrid,2013-04-08,13.4,117300,Outstanding,2,Dissatisfied,5,No,None,31,3,8.8,5,No,36-45,100K-150K,10+ Years
EMP10736,Rahul,Das,Male,52,Marketing,Marketing Manager,Delhi NCR,Bachelor's,Full-Time,Hybrid,2024-11-13,1.8,85200,Meets Expectations,4,Satisfied,1,Yes,Rarely,29,2,2.9,16,No,46-55,75K-100K,1-3 Years
EMP10737,Sneha,Kumar,Female,22,Operations,Operations Analyst,Bengaluru,Bachelor's,Contract,Onsite,2012-10-08,13.9,53100,Outstanding,5,Very Satisfied,3,No,Rarely,23,0,3.7,11,No,21-25,50K-75K,10+ Years
EMP10738,Aisha,Iyer,Female,54,Finance,Senior Accountant,Pune,Diploma,Full-Time,Hybrid,2018-10-08,7.9,105100,Outstanding,5,Very Satisfied,3,No,None,15,0,7.9,18,No,46-55,100K-150K,5-10 Years
EMP10739,Meera,Sharma,Male,21,Operations,Operations Executive,Pune,MBA,Full-Time,Hybrid,2016-07-26,10.1,42900,Needs Improvement,5,Very Satisfied,1,Yes,Rarely,25,3,2.4,10,No,21-25,<50K,10+ Years
EMP10740,Sneha,Gupta,Male,33,Customer Support,Support Executive,Ahmedabad,Master's,Full-Time,Remote,2020-12-20,5.7,51400,Meets Expectations,4,Satisfied,4,No,None,40,1,4.0,6,No,26-35,50K-75K,5-10 Years
EMP10741,Rahul,Rao,Female,44,Operations,Process Associate,Delhi NCR,Master's,Full-Time,Hybrid,2025-07-27,1.1,62500,Needs Improvement,4,Satisfied,1,No,None,34,2,8.4,22,No,36-45,50K-75K,1-3 Years
EMP10742,Pooja,Reddy,Female,26,Operations,Operations Manager,Hyderabad,Bachelor's,Full-Time,Hybrid,2012-04-08,14.4,61600,Meets Expectations,4,Satisfied,4,No,Frequently,9,2,3.9,17,No,26-35,50K-75K,10+ Years
EMP10743,Meera,Das,Female,40,Marketing,Content Specialist,Bengaluru,MBA,Full-Time,Onsite,2011-10-08,14.9,83100,Meets Expectations,5,Very Satisfied,4,No,None,11,2,1.3,14,No,36-45,75K-100K,10+ Years
EMP10744,Vikram,Sharma,Female,60,Technology,Data Analyst,Kolkata,Bachelor's,Contract,Hybrid,2021-01-25,5.6,101300,Meets Expectations,1,Very Dissatisfied,3,No,None,20,3,1.4,15,Yes,56+,100K-150K,5-10 Years
EMP10745,Sanjay,Patel,Female,53,Operations,Operations Executive,Chennai,Bachelor's,Contract,Hybrid,2012-06-20,14.2,41000,Meets Expectations,1,Very Dissatisfied,2,No,None,27,0,6.6,20,Yes,46-55,<50K,10+ Years
EMP10746,Kavya,Singh,Female,22,Finance,Financial Analyst,Mumbai,MBA,Full-Time,Hybrid,2023-12-20,2.7,59300,Meets Expectations,3,Neutral,5,Yes,Frequently,27,0,12.0,21,Yes,21-25,50K-75K,1-3 Years
EMP10747,Isha,Nair,Female,44,Human Resources,HR Analyst,Ahmedabad,Diploma,Full-Time,Onsite,2024-03-02,2.5,68800,Needs Improvement,4,Satisfied,4,Yes,None,32,0,6.4,3,No,36-45,50K-75K,1-3 Years
EMP10748,Priya,Kumar,Female,44,Finance,Financial Analyst,Mumbai,Bachelor's,Contract,Onsite,2025-05-15,1.3,89400,Exceeds Expectations,5,Very Satisfied,1,Yes,None,22,2,11.7,14,No,36-45,75K-100K,1-3 Years
EMP10749,Neha,Sharma,Female,23,Finance,Senior Accountant,Chennai,Bachelor's,Full-Time,Hybrid,2020-09-01,6.0,78800,Meets Expectations,1,Very Dissatisfied,4,No,Rarely,33,2,10.9,21,Yes,21-25,75K-100K,5-10 Years
EMP10750,Aisha,Das,Male,47,Technology,Software Engineer,Kolkata,Master's,Full-Time,Hybrid,2025-09-01,1.0,83500,Meets Expectations,1,Very Dissatisfied,1,No,Rarely,1,1,10.6,2,Yes,46-55,75K-100K,<1 Year
EMP10751,Rahul,Sharma,Female,41,Customer Support,Team Lead,Pune,Diploma,Contract,Onsite,2020-09-01,6.0,34200,Meets Expectations,5,Very Satisfied,4,No,None,8,3,5.5,19,No,36-45,<50K,5-10 Years
EMP10752,Rohit,Rao,Male,48,Technology,Software Engineer,Ahmedabad,Bachelor's,Full-Time,Hybrid,2024-06-20,2.2,113700,Needs Improvement,2,Dissatisfied,2,No,Frequently,21,1,6.9,12,No,46-55,100K-150K,1-3 Years
EMP10753,Isha,Nair,Female,32,Sales,Sales Executive,Hyderabad,Bachelor's,Contract,Onsite,2015-09-02,11.0,62300,Needs Improvement,1,Very Dissatisfied,4,No,None,21,3,7.7,1,No,26-35,50K-75K,10+ Years
EMP10754,Priya,Gupta,Female,31,Customer Support,Customer Success Specialist,Ahmedabad,Master's,Contract,Onsite,2014-03-03,12.5,53100,Meets Expectations,4,Satisfied,5,No,Rarely,39,0,0.3,14,Yes,26-35,50K-75K,10+ Years
EMP10755,Rahul,Reddy,Male,50,Human Resources,HR Executive,Hyderabad,MBA,Full-Time,Onsite,2016-04-08,10.4,65600,Needs Improvement,5,Very Satisfied,4,No,Rarely,27,1,0.7,7,No,46-55,50K-75K,10+ Years
EMP10756,Ananya,Gupta,Female,49,Human Resources,HR Analyst,Chennai,Bachelor's,Full-Time,Onsite,2023-06-21,3.2,55400,Needs Improvement,5,Very Satisfied,4,Yes,None,16,2,11.5,21,No,46-55,50K-75K,3-5 Years
EMP10757,Rahul,Sharma,Female,27,Operations,Operations Analyst,Bengaluru,Master's,Full-Time,Hybrid,2015-03-03,11.5,49900,Meets Expectations,5,Very Satisfied,4,No,Frequently,24,3,5.4,20,Yes,26-35,<50K,10+ Years
EMP10758,Aarav,Sharma,Female,29,Finance,Finance Manager,Delhi NCR,Bachelor's,Full-Time,Hybrid,2022-10-08,3.9,52500,Meets Expectations,1,Very Dissatisfied,4,Yes,Rarely,4,0,10.1,6,No,26-35,50K-75K,3-5 Years
EMP10759,Sanjay,Kumar,Female,44,Sales,Sales Manager,Chennai,Bachelor's,Full-Time,Hybrid,2015-04-09,11.4,72100,Meets Expectations,1,Very Dissatisfied,5,No,None,16,1,1.6,19,No,36-45,50K-75K,10+ Years
EMP10760,Aarav,Nair,Female,54,Operations,Operations Executive,Kolkata,Master's,Contract,Hybrid,2018-01-25,8.6,49700,Meets Expectations,5,Very Satisfied,5,Yes,None,0,1,3.2,8,No,46-55,<50K,5-10 Years
EMP10761,Divya,Kumar,Male,29,Technology,Software Engineer,Mumbai,Master's,Full-Time,Hybrid,2021-01-25,5.6,79500,Outstanding,4,Satisfied,4,No,None,6,3,0.8,4,No,26-35,75K-100K,5-10 Years
EMP10762,Meera,Das,Non-Binary,29,Human Resources,HR Executive,Pune,Diploma,Full-Time,Hybrid,2025-04-08,1.4,92100,Needs Improvement,2,Dissatisfied,3,No,Frequently,16,1,9.2,18,No,26-35,75K-100K,1-3 Years
EMP10763,Rahul,Reddy,Female,53,Customer Support,Support Executive,Delhi NCR,Bachelor's,Full-Time,Hybrid,2014-04-08,12.4,47200,Meets Expectations,2,Dissatisfied,2,No,None,0,1,3.3,10,No,46-55,<50K,10+ Years
EMP10764,Sneha,Rao,Female,48,Customer Support,Support Executive,Pune,Diploma,Contract,Hybrid,2012-07-26,14.1,52000,Exceeds Expectations,5,Very Satisfied,2,No,Frequently,7,0,9.5,14,Yes,46-55,50K-75K,10+ Years
EMP10765,Vikram,Rao,Female,57,Finance,Accountant,Bengaluru,Bachelor's,Full-Time,Hybrid,2016-07-26,10.1,71400,Needs Improvement,5,Very Satisfied,4,Yes,None,36,2,9.4,6,No,56+,50K-75K,10+ Years
EMP10766,Sneha,Verma,Female,52,Operations,Operations Manager,Kolkata,Bachelor's,Full-Time,Onsite,2012-03-02,14.5,50600,Outstanding,5,Very Satisfied,4,No,Frequently,34,3,1.4,10,Yes,46-55,50K-75K,10+ Years
EMP10767,Ananya,Singh,Female,59,Marketing,Digital Marketing Analyst,Ahmedabad,Bachelor's,Full-Time,Onsite,2012-09-01,14.0,43800,Outstanding,3,Neutral,3,Yes,Frequently,23,3,3.6,18,No,56+,<50K,10+ Years
EMP10768,Neha,Reddy,Male,28,Human Resources,HR Analyst,Mumbai,Bachelor's,Full-Time,Onsite,2023-07-27,3.1,85100,Needs Improvement,4,Satisfied,3,No,None,39,2,6.5,16,No,26-35,75K-100K,3-5 Years
EMP10769,Aisha,Nair,Male,31,Sales,Account Manager,Ahmedabad,Bachelor's,Contract,Hybrid,2015-09-02,11.0,61100,Meets Expectations,1,Very Dissatisfied,4,Yes,None,1,2,9.7,22,No,26-35,50K-75K,10+ Years
EMP10770,Aarav,Gupta,Male,30,Finance,Finance Manager,Bengaluru,Bachelor's,Full-Time,Onsite,2021-04-08,5.4,90900,Meets Expectations,5,Very Satisfied,3,No,Frequently,38,3,9.6,0,No,26-35,75K-100K,5-10 Years
EMP10771,Isha,Gupta,Male,23,Marketing,Digital Marketing Analyst,Hyderabad,Bachelor's,Full-Time,Hybrid,2019-04-09,7.4,93500,Exceeds Expectations,2,Dissatisfied,1,No,None,20,0,6.6,18,No,21-25,75K-100K,5-10 Years
EMP10772,Rahul,Iyer,Male,52,Customer Support,Support Executive,Ahmedabad,Bachelor's,Full-Time,Hybrid,2024-03-02,2.5,32400,Meets Expectations,5,Very Satisfied,1,Yes,None,15,2,8.4,8,No,46-55,<50K,1-3 Years
EMP10773,Sneha,Joshi,Female,47,Sales,Account Manager,Kolkata,Master's,Full-Time,Hybrid,2012-01-26,14.6,70600,Meets Expectations,1,Very Dissatisfied,2,No,Frequently,32,1,11.3,16,No,46-55,50K-75K,10+ Years
EMP10774,Kavya,Nair,Female,24,Operations,Operations Executive,Chennai,Bachelor's,Full-Time,Hybrid,2015-10-08,10.9,42800,Outstanding,5,Very Satisfied,2,No,Frequently,18,1,5.0,9,No,21-25,<50K,10+ Years
EMP10775,Sneha,Rao,Female,28,Operations,Operations Analyst,Kolkata,Bachelor's,Contract,Onsite,2022-06-20,4.2,58100,Needs Improvement,3,Neutral,4,No,Rarely,24,0,1.7,3,No,26-35,50K-75K,3-5 Years
EMP10776,Neha,Sharma,Female,28,Customer Support,Team Lead,Kolkata,MBA,Full-Time,Remote,2020-12-20,5.7,65000,Meets Expectations,3,Neutral,3,No,Frequently,12,2,1.8,1,No,26-35,50K-75K,5-10 Years
EMP10777,Aditya,Kumar,Male,37,Finance,Accountant,Pune,Diploma,Contract,Onsite,2020-03-02,6.5,52900,Meets Expectations,4,Satisfied,3,Yes,Rarely,21,1,4.6,22,No,36-45,50K-75K,5-10 Years
EMP10778,Sneha,Patel,Female,39,Sales,Sales Executive,Bengaluru,Bachelor's,Contract,Hybrid,2015-05-15,11.3,85300,Meets Expectations,3,Neutral,1,No,Rarely,5,0,1.6,22,Yes,36-45,75K-100K,10+ Years
EMP10779,Vikram,Patel,Female,32,Technology,BI Analyst,Mumbai,Bachelor's,Full-Time,Onsite,2012-10-08,13.9,99300,Meets Expectations,5,Very Satisfied,1,Yes,None,8,3,10.6,7,No,26-35,75K-100K,10+ Years
EMP10780,Nikhil,Iyer,Female,58,Operations,Operations Executive,Ahmedabad,Bachelor's,Full-Time,Hybrid,2021-09-01,5.0,55300,Needs Improvement,1,Very Dissatisfied,5,Yes,Rarely,22,0,6.6,22,No,56+,50K-75K,3-5 Years
EMP10781,Aditya,Sharma,Male,29,Customer Support,Support Executive,Mumbai,MBA,Full-Time,Hybrid,2019-06-21,7.2,33000,Needs Improvement,4,Satisfied,5,Yes,Rarely,38,2,9.3,18,No,26-35,<50K,5-10 Years
EMP10782,Priya,Nair,Female,43,Marketing,Marketing Executive,Chennai,Master's,Contract,Onsite,2017-09-01,9.0,74100,Needs Improvement,2,Dissatisfied,1,No,Rarely,7,1,11.9,13,Yes,36-45,50K-75K,5-10 Years
EMP10783,Rohit,Rao,Male,38,Sales,Business Development Executive,Bengaluru,Master's,Contract,Onsite,2020-09-01,6.0,62200,Meets Expectations,1,Very Dissatisfied,3,No,Frequently,23,3,5.0,11,No,36-45,50K-75K,5-10 Years
EMP10784,Kavya,Patel,Female,36,Sales,Business Development Executive,Pune,Bachelor's,Contract,Hybrid,2018-12-20,7.7,49100,Meets Expectations,4,Satisfied,5,Yes,None,2,0,9.7,7,Yes,36-45,<50K,5-10 Years
EMP10785,Sanjay,Nair,Male,54,Human Resources,Recruiter,Kolkata,Bachelor's,Full-Time,Hybrid,2024-11-13,1.8,66700,Outstanding,4,Satisfied,4,Yes,Rarely,20,2,8.9,19,No,46-55,50K-75K,1-3 Years
EMP10786,Nikhil,Gupta,Female,60,Marketing,Marketing Manager,Pune,MBA,Full-Time,Hybrid,2023-12-20,2.7,44200,Needs Improvement,1,Very Dissatisfied,1,No,None,34,3,3.2,14,No,56+,<50K,1-3 Years
EMP10787,Ananya,Joshi,Female,21,Sales,Sales Manager,Mumbai,Bachelor's,Full-Time,Onsite,2020-07-26,6.1,85800,Meets Expectations,4,Satisfied,3,Yes,None,13,1,1.6,20,No,21-25,75K-100K,5-10 Years
EMP10788,Priya,Reddy,Female,39,Marketing,Marketing Manager,Mumbai,Bachelor's,Full-Time,Onsite,2012-12-20,13.7,60800,Meets Expectations,5,Very Satisfied,5,No,None,32,1,0.3,21,No,36-45,50K-75K,10+ Years
EMP10789,Kavya,Patel,Male,25,Human Resources,Recruiter,Pune,Bachelor's,Full-Time,Remote,2021-04-08,5.4,66200,Exceeds Expectations,4,Satisfied,2,Yes,Frequently,16,1,10.0,21,No,21-25,50K-75K,5-10 Years
EMP10790,Vihaan,Iyer,Male,38,Sales,Business Development Executive,Pune,Master's,Contract,Onsite,2022-10-08,3.9,75700,Exceeds Expectations,2,Dissatisfied,3,No,None,37,0,11.8,20,No,36-45,75K-100K,3-5 Years
EMP10791,Isha,Joshi,Female,45,Sales,Sales Manager,Delhi NCR,Bachelor's,Full-Time,Hybrid,2015-06-21,11.2,72400,Meets Expectations,1,Very Dissatisfied,2,Yes,Rarely,25,3,4.8,14,No,36-45,50K-75K,10+ Years
EMP10792,Arjun,Singh,Female,37,Human Resources,HR Executive,Delhi NCR,Bachelor's,Full-Time,Onsite,2012-06-20,14.2,86800,Needs Improvement,1,Very Dissatisfied,1,Yes,Rarely,13,2,6.5,7,No,36-45,75K-100K,10+ Years
EMP10793,Rahul,Singh,Female,33,Operations,Operations Analyst,Kolkata,Bachelor's,Full-Time,Hybrid,2019-09-02,7.0,79900,Meets Expectations,4,Satisfied,5,No,Frequently,10,1,2.5,10,No,26-35,75K-100K,5-10 Years
EMP10794,Aisha,Kumar,Female,33,Operations,Process Associate,Mumbai,Bachelor's,Contract,Hybrid,2026-05-15,0.3,46000,Meets Expectations,2,Dissatisfied,2,No,Rarely,35,2,9.4,16,No,26-35,<50K,<1 Year
EMP10795,Aarav,Sharma,Male,32,Human Resources,HR Analyst,Hyderabad,MBA,Full-Time,Remote,2016-04-08,10.4,61700,Meets Expectations,2,Dissatisfied,3,Yes,None,19,0,0.4,12,Yes,26-35,50K-75K,10+ Years
EMP10796,Vikram,Sharma,Male,34,Finance,Financial Analyst,Delhi NCR,Bachelor's,Full-Time,Hybrid,2020-05-14,6.3,88900,Needs Improvement,1,Very Dissatisfied,2,Yes,None,16,1,1.8,3,No,26-35,75K-100K,5-10 Years
EMP10797,Kavya,Sharma,Male,35,Customer Support,Team Lead,Hyderabad,Diploma,Contract,Onsite,2016-06-20,10.2,34000,Meets Expectations,3,Neutral,4,No,Rarely,24,0,11.3,17,No,26-35,<50K,10+ Years
EMP10798,Aisha,Sharma,Male,48,Human Resources,Recruiter,Pune,Bachelor's,Full-Time,Hybrid,2022-05-15,4.3,78100,Exceeds Expectations,1,Very Dissatisfied,4,Yes,None,2,0,3.8,15,No,46-55,75K-100K,3-5 Years
EMP10799,Pooja,Singh,Male,24,Finance,Finance Manager,Delhi NCR,Master's,Contract,Onsite,2026-06-20,0.2,49000,Meets Expectations,3,Neutral,3,No,None,7,3,6.6,6,No,21-25,<50K,<1 Year
EMP10800,Kavya,Gupta,Male,22,Human Resources,HR Analyst,Pune,Bachelor's,Full-Time,Remote,2021-05-15,5.3,88100,Meets Expectations,3,Neutral,1,No,None,18,2,5.5,5,No,21-25,75K-100K,5-10 Years
EMP10801,Rahul,Gupta,Female,41,Sales,Sales Executive,Kolkata,Bachelor's,Full-Time,Onsite,2016-01-26,10.6,72600,Exceeds Expectations,5,Very Satisfied,2,Yes,None,11,0,2.3,16,No,36-45,50K-75K,10+ Years
EMP10802,Vikram,Nair,Female,48,Finance,Accountant,Delhi NCR,Bachelor's,Full-Time,Remote,2020-09-01,6.0,81800,Needs Improvement,2,Dissatisfied,2,No,Frequently,22,2,8.5,18,Yes,46-55,75K-100K,5-10 Years
EMP10803,Aarav,Gupta,Male,31,Human Resources,HR Analyst,Ahmedabad,Bachelor's,Contract,Hybrid,2023-04-09,3.4,63600,Meets Expectations,2,Dissatisfied,4,Yes,Frequently,14,2,10.9,22,Yes,26-35,50K-75K,3-5 Years
EMP10804,Aisha,Gupta,Female,29,Customer Support,Team Lead,Mumbai,Diploma,Full-Time,Onsite,2019-07-27,7.1,70500,Meets Expectations,5,Very Satisfied,4,Yes,Rarely,17,0,6.9,16,Yes,26-35,50K-75K,5-10 Years
EMP10805,Aarav,Singh,Male,45,Operations,Operations Analyst,Chennai,Master's,Contract,Remote,2015-05-15,11.3,70600,Needs Improvement,5,Very Satisfied,1,No,None,31,1,3.3,16,No,36-45,50K-75K,10+ Years
EMP10806,Aditya,Patel,Female,36,Operations,Operations Executive,Bengaluru,Bachelor's,Full-Time,Remote,2024-09-01,2.0,73800,Exceeds Expectations,3,Neutral,4,No,Frequently,32,2,10.2,0,No,36-45,50K-75K,1-3 Years
EMP10807,Divya,Rao,Male,50,Human Resources,HR Analyst,Ahmedabad,Bachelor's,Full-Time,Hybrid,2016-04-08,10.4,83600,Meets Expectations,2,Dissatisfied,3,Yes,Rarely,11,1,3.7,11,No,46-55,75K-100K,10+ Years
EMP10808,Arjun,Das,Male,26,Sales,Business Development Executive,Delhi NCR,Bachelor's,Full-Time,Hybrid,2016-07-26,10.1,40000,Meets Expectations,4,Satisfied,3,No,Frequently,14,2,9.8,12,No,26-35,<50K,10+ Years
EMP10809,Kiran,Verma,Female,25,Finance,Accountant,Kolkata,Bachelor's,Full-Time,Hybrid,2020-12-20,5.7,51900,Meets Expectations,4,Satisfied,5,No,None,26,1,10.3,2,No,21-25,50K-75K,5-10 Years
EMP10810,Nikhil,Joshi,Male,43,Customer Support,Customer Success Specialist,Pune,Bachelor's,Contract,Onsite,2012-01-26,14.6,39900,Exceeds Expectations,4,Satisfied,1,No,None,37,3,10.2,10,No,36-45,<50K,10+ Years
EMP10811,Aditya,Patel,Female,36,Sales,Sales Manager,Bengaluru,Bachelor's,Full-Time,Remote,2013-04-08,13.4,69700,Meets Expectations,4,Satisfied,4,No,Rarely,22,2,8.7,1,No,36-45,50K-75K,10+ Years
EMP10812,Kavya,Gupta,Female,50,Customer Support,Support Analyst,Pune,Master's,Full-Time,Onsite,2021-10-08,4.9,56400,Meets Expectations,1,Very Dissatisfied,3,No,Frequently,3,0,11.5,21,No,46-55,50K-75K,3-5 Years
EMP10813,Rohit,Gupta,Male,41,Marketing,Digital Marketing Analyst,Chennai,MBA,Contract,Hybrid,2025-12-20,0.7,60500,Needs Improvement,2,Dissatisfied,2,No,None,24,2,10.8,3,No,36-45,50K-75K,<1 Year
EMP10814,Kiran,Gupta,Female,35,Technology,IT Support Specialist,Kolkata,Bachelor's,Full-Time,Hybrid,2021-11-13,4.8,126800,Meets Expectations,1,Very Dissatisfied,2,Yes,None,29,3,11.2,12,Yes,26-35,100K-150K,3-5 Years
EMP10815,Priya,Reddy,Female,27,Operations,Operations Manager,Pune,Bachelor's,Contract,Remote,2023-06-21,3.2,41700,Outstanding,2,Dissatisfied,1,No,Rarely,38,3,5.3,16,No,26-35,<50K,3-5 Years
EMP10816,Rohit,Kumar,Male,27,Operations,Operations Executive,Bengaluru,Master's,Full-Time,Hybrid,2018-05-15,8.3,72500,Meets Expectations,5,Very Satisfied,4,No,Frequently,38,2,3.1,2,No,26-35,50K-75K,5-10 Years
EMP10817,Rahul,Gupta,Female,51,Sales,Account Manager,Hyderabad,Bachelor's,Full-Time,Hybrid,2012-11-13,13.8,61500,Meets Expectations,2,Dissatisfied,4,No,Rarely,28,0,12.0,8,Yes,46-55,50K-75K,10+ Years
EMP10818,Pooja,Joshi,Female,30,Sales,Business Development Executive,Chennai,Bachelor's,Full-Time,Hybrid,2013-07-27,13.1,58600,Meets Expectations,4,Satisfied,2,Yes,Frequently,22,1,1.8,18,Yes,26-35,50K-75K,10+ Years
EMP10819,Priya,Rao,Male,41,Marketing,Digital Marketing Analyst,Hyderabad,Bachelor's,Full-Time,Hybrid,2021-12-20,4.7,44800,Exceeds Expectations,3,Neutral,2,No,Rarely,6,3,7.1,11,Yes,36-45,<50K,3-5 Years
EMP10820,Pooja,Reddy,Male,53,Customer Support,Support Analyst,Hyderabad,Bachelor's,Full-Time,Onsite,2020-03-02,6.5,60400,Meets Expectations,1,Very Dissatisfied,5,No,Frequently,36,3,8.4,20,No,46-55,50K-75K,5-10 Years
EMP10821,Vikram,Joshi,Male,56,Sales,Sales Manager,Pune,Bachelor's,Full-Time,Remote,2025-12-20,0.7,75100,Exceeds Expectations,2,Dissatisfied,4,No,None,19,0,4.4,2,No,56+,75K-100K,<1 Year
EMP10822,Meera,Das,Female,31,Marketing,Marketing Manager,Chennai,Bachelor's,Full-Time,Hybrid,2018-05-15,8.3,60100,Needs Improvement,4,Satisfied,3,No,None,28,2,3.5,12,No,26-35,50K-75K,5-10 Years
EMP10823,Pooja,Das,Non-Binary,25,Sales,Business Development Executive,Chennai,Bachelor's,Contract,Hybrid,2025-07-27,1.1,63200,Meets Expectations,4,Satisfied,1,No,Rarely,30,3,1.9,14,Yes,21-25,50K-75K,1-3 Years
EMP10824,Aarav,Rao,Female,51,Marketing,Marketing Executive,Ahmedabad,Master's,Full-Time,Hybrid,2012-07-26,14.1,75200,Exceeds Expectations,2,Dissatisfied,3,Yes,Rarely,0,0,0.7,20,No,46-55,75K-100K,10+ Years
EMP10825,Aditya,Gupta,Female,48,Marketing,Marketing Manager,Ahmedabad,Bachelor's,Contract,Hybrid,2013-09-01,13.0,62700,Needs Improvement,5,Very Satisfied,2,No,None,15,3,11.7,11,No,46-55,50K-75K,10+ Years
EMP10826,Aisha,Reddy,Male,34,Sales,Sales Manager,Mumbai,Master's,Full-Time,Hybrid,2023-04-09,3.4,67800,Meets Expectations,1,Very Dissatisfied,5,No,None,27,3,5.4,7,No,26-35,50K-75K,3-5 Years
EMP10827,Kiran,Sharma,Female,44,Marketing,Marketing Executive,Ahmedabad,Master's,Full-Time,Remote,2016-01-26,10.6,66200,Outstanding,3,Neutral,1,No,Rarely,19,2,3.6,5,No,36-45,50K-75K,10+ Years
EMP10828,Aisha,Sharma,Male,28,Customer Support,Support Analyst,Kolkata,Bachelor's,Full-Time,Onsite,2018-01-25,8.6,66200,Needs Improvement,2,Dissatisfied,5,Yes,Frequently,26,2,2.4,6,Yes,26-35,50K-75K,5-10 Years
EMP10829,Nikhil,Rao,Male,49,Customer Support,Support Executive,Hyderabad,Bachelor's,Contract,Hybrid,2014-07-27,12.1,60100,Meets Expectations,5,Very Satisfied,5,Yes,None,23,0,2.9,4,Yes,46-55,50K-75K,10+ Years
EMP10830,Kiran,Iyer,Male,50,Sales,Account Manager,Mumbai,MBA,Contract,Onsite,2019-06-21,7.2,44200,Meets Expectations,4,Satisfied,4,No,Frequently,0,1,6.4,20,No,46-55,<50K,5-10 Years
EMP10831,Rahul,Sharma,Female,32,Technology,Data Analyst,Pune,Bachelor's,Full-Time,Hybrid,2023-09-02,3.0,114600,Outstanding,1,Very Dissatisfied,3,Yes,None,12,0,3.1,4,No,26-35,100K-150K,1-3 Years
EMP10832,Rahul,Verma,Female,39,Technology,Software Engineer,Hyderabad,Bachelor's,Full-Time,Hybrid,2016-12-20,9.7,82200,Needs Improvement,2,Dissatisfied,3,No,None,16,2,3.4,9,No,36-45,75K-100K,5-10 Years
EMP10833,Kavya,Das,Female,34,Human Resources,HR Manager,Delhi NCR,Master's,Contract,Onsite,2025-04-08,1.4,89200,Outstanding,4,Satisfied,5,No,None,15,3,11.8,2,No,26-35,75K-100K,1-3 Years
EMP10834,Aarav,Rao,Male,22,Technology,Software Engineer,Mumbai,Bachelor's,Full-Time,Hybrid,2017-10-08,8.9,100900,Exceeds Expectations,3,Neutral,5,No,None,1,1,7.2,22,No,21-25,100K-150K,5-10 Years
EMP10835,Arjun,Sharma,Male,26,Operations,Operations Analyst,Mumbai,Bachelor's,Contract,Hybrid,2023-05-15,3.3,38700,Meets Expectations,3,Neutral,5,No,None,0,1,1.4,9,No,26-35,<50K,3-5 Years
EMP10836,Isha,Iyer,Female,59,Operations,Process Associate,Bengaluru,Bachelor's,Full-Time,Hybrid,2016-05-14,10.3,70500,Meets Expectations,1,Very Dissatisfied,1,No,Rarely,12,0,9.1,21,No,56+,50K-75K,10+ Years
EMP10837,Rohit,Joshi,Male,39,Operations,Process Associate,Kolkata,Bachelor's,Full-Time,Hybrid,2014-03-03,12.5,43400,Meets Expectations,3,Neutral,3,No,Rarely,34,0,1.1,11,No,36-45,<50K,10+ Years
EMP10838,Sneha,Rao,Male,26,Technology,Software Engineer,Chennai,Master's,Full-Time,Onsite,2024-11-13,1.8,120100,Exceeds Expectations,1,Very Dissatisfied,4,No,None,40,1,4.0,12,No,26-35,100K-150K,1-3 Years
EMP10839,Kiran,Joshi,Female,22,Sales,Account Manager,Bengaluru,Bachelor's,Full-Time,Hybrid,2020-07-26,6.1,83400,Needs Improvement,2,Dissatisfied,1,No,Frequently,34,1,4.2,18,No,21-25,75K-100K,5-10 Years
EMP10840,Aarav,Joshi,Female,35,Customer Support,Support Analyst,Bengaluru,Bachelor's,Full-Time,Hybrid,2015-07-27,11.1,59200,Meets Expectations,2,Dissatisfied,4,No,Frequently,38,0,8.4,18,No,26-35,50K-75K,10+ Years
EMP10841,Nikhil,Gupta,Female,60,Finance,Senior Accountant,Pune,MBA,Full-Time,Hybrid,2024-01-26,2.6,79900,Needs Improvement,4,Satisfied,2,No,None,37,0,1.1,20,No,56+,75K-100K,1-3 Years
EMP10842,Rahul,Joshi,Female,36,Marketing,Content Specialist,Hyderabad,Bachelor's,Full-Time,Hybrid,2018-01-25,8.6,74900,Exceeds Expectations,3,Neutral,3,Yes,None,28,0,7.0,18,No,36-45,50K-75K,5-10 Years
EMP10843,Neha,Nair,Female,60,Customer Support,Support Analyst,Kolkata,Master's,Full-Time,Hybrid,2016-07-26,10.1,48800,Outstanding,3,Neutral,5,Yes,None,5,2,6.4,20,No,56+,<50K,10+ Years
EMP10844,Isha,Das,Male,40,Sales,Sales Executive,Bengaluru,Diploma,Full-Time,Hybrid,2021-03-03,5.5,42900,Meets Expectations,5,Very Satisfied,5,No,Rarely,15,0,4.2,8,No,36-45,<50K,5-10 Years
EMP10845,Pooja,Reddy,Female,51,Sales,Business Development Executive,Delhi NCR,Bachelor's,Full-Time,Remote,2014-03-03,12.5,82500,Outstanding,2,Dissatisfied,2,Yes,None,30,1,5.9,0,No,46-55,75K-100K,10+ Years
EMP10846,Sneha,Reddy,Male,52,Sales,Sales Executive,Chennai,Master's,Full-Time,Hybrid,2018-11-14,7.8,54400,Needs Improvement,4,Satisfied,4,No,Rarely,16,0,5.7,10,No,46-55,50K-75K,5-10 Years
EMP10847,Vihaan,Reddy,Male,22,Technology,Software Engineer,Hyderabad,Bachelor's,Full-Time,Onsite,2017-03-03,9.5,80500,Exceeds Expectations,5,Very Satisfied,1,No,Rarely,11,1,11.7,3,No,21-25,75K-100K,5-10 Years
EMP10848,Pooja,Iyer,Female,21,Sales,Sales Manager,Kolkata,Bachelor's,Full-Time,Hybrid,2024-05-14,2.3,48000,Needs Improvement,1,Very Dissatisfied,4,Yes,Rarely,1,3,8.1,20,No,21-25,<50K,1-3 Years
EMP10849,Isha,Singh,Male,57,Operations,Operations Manager,Kolkata,MBA,Full-Time,Hybrid,2026-03-03,0.5,82200,Meets Expectations,4,Satisfied,1,Yes,None,13,3,3.7,16,No,56+,75K-100K,<1 Year
EMP10850,Aditya,Gupta,Male,58,Marketing,Marketing Executive,Kolkata,Bachelor's,Contract,Hybrid,2025-09-01,1.0,92700,Meets Expectations,1,Very Dissatisfied,5,Yes,None,13,1,9.6,11,No,56+,75K-100K,<1 Year
EMP10851,Nikhil,Verma,Male,26,Customer Support,Support Executive,Pune,Bachelor's,Full-Time,Onsite,2013-01-25,13.6,45800,Meets Expectations,4,Satisfied,2,No,None,33,3,5.5,13,No,26-35,<50K,10+ Years
EMP10852,Divya,Singh,Female,46,Operations,Operations Manager,Hyderabad,Master's,Full-Time,Onsite,2013-05-15,13.3,49200,Outstanding,2,Dissatisfied,4,No,Frequently,32,0,1.3,6,Yes,46-55,<50K,10+ Years
EMP10853,Isha,Nair,Male,57,Customer Support,Customer Success Specialist,Kolkata,Master's,Contract,Hybrid,2014-06-20,12.2,63400,Outstanding,2,Dissatisfied,4,Yes,Rarely,4,3,1.9,17,No,56+,50K-75K,10+ Years
EMP10854,Rahul,Das,Male,59,Technology,BI Analyst,Kolkata,Bachelor's,Contract,Onsite,2023-06-21,3.2,88200,Meets Expectations,5,Very Satisfied,2,Yes,Rarely,21,0,6.9,2,No,56+,75K-100K,3-5 Years
EMP10855,Sneha,Iyer,Female,32,Finance,Accountant,Kolkata,Master's,Full-Time,Hybrid,2018-09-01,8.0,105400,Meets Expectations,1,Very Dissatisfied,5,No,Rarely,37,1,2.1,17,No,26-35,100K-150K,5-10 Years
EMP10856,Rohit,Sharma,Male,53,Operations,Operations Manager,Hyderabad,Master's,Full-Time,Hybrid,2014-09-01,12.0,78100,Meets Expectations,3,Neutral,1,No,None,19,2,10.0,9,No,46-55,75K-100K,10+ Years
EMP10857,Pooja,Singh,Male,46,Technology,Data Analyst,Kolkata,Bachelor's,Contract,Onsite,2016-06-20,10.2,111800,Meets Expectations,4,Satisfied,5,No,None,39,1,2.1,10,Yes,46-55,100K-150K,10+ Years
EMP10858,Meera,Kumar,Male,58,Sales,Account Manager,Hyderabad,Bachelor's,Full-Time,Hybrid,2024-10-08,1.9,43200,Meets Expectations,5,Very Satisfied,3,No,None,3,1,4.6,10,No,56+,<50K,1-3 Years
EMP10859,Aisha,Verma,Female,26,Marketing,Digital Marketing Analyst,Hyderabad,Bachelor's,Full-Time,Onsite,2013-03-03,13.5,80200,Meets Expectations,2,Dissatisfied,3,No,None,13,0,6.8,22,Yes,26-35,75K-100K,10+ Years
EMP10860,Rohit,Nair,Male,45,Operations,Operations Manager,Kolkata,Master's,Full-Time,Onsite,2024-01-26,2.6,81900,Meets Expectations,2,Dissatisfied,2,No,None,37,2,12.0,11,Yes,36-45,75K-100K,1-3 Years
EMP10861,Vikram,Kumar,Male,21,Customer Support,Support Analyst,Delhi NCR,MBA,Contract,Remote,2023-12-20,2.7,46700,Needs Improvement,3,Neutral,1,No,None,29,1,0.8,0,No,21-25,<50K,1-3 Years
EMP10862,Priya,Gupta,Male,35,Customer Support,Support Analyst,Chennai,Bachelor's,Full-Time,Hybrid,2013-03-03,13.5,66400,Outstanding,3,Neutral,4,No,Rarely,11,0,7.7,17,No,26-35,50K-75K,10+ Years
EMP10863,Meera,Sharma,Female,21,Sales,Sales Manager,Delhi NCR,Bachelor's,Full-Time,Remote,2019-04-09,7.4,58100,Meets Expectations,1,Very Dissatisfied,4,No,None,36,0,6.1,21,No,21-25,50K-75K,5-10 Years
EMP10864,Rohit,Verma,Male,38,Operations,Operations Executive,Pune,MBA,Full-Time,Hybrid,2020-12-20,5.7,81200,Meets Expectations,3,Neutral,5,No,None,15,2,5.5,22,No,36-45,75K-100K,5-10 Years
EMP10865,Priya,Iyer,Female,53,Operations,Process Associate,Hyderabad,Bachelor's,Contract,Hybrid,2018-04-08,8.4,66900,Meets Expectations,1,Very Dissatisfied,5,No,None,32,1,3.0,6,Yes,46-55,50K-75K,5-10 Years
EMP10866,Neha,Nair,Male,47,Marketing,Marketing Manager,Chennai,Master's,Full-Time,Onsite,2011-12-20,14.7,48500,Meets Expectations,4,Satisfied,2,Yes,None,13,3,0.3,8,No,46-55,<50K,10+ Years
EMP10867,Vikram,Das,Female,33,Operations,Operations Manager,Ahmedabad,Bachelor's,Contract,Onsite,2024-09-01,2.0,59100,Meets Expectations,4,Satisfied,3,No,None,13,3,9.7,6,No,26-35,50K-75K,1-3 Years
EMP10868,Rohit,Iyer,Male,38,Operations,Process Associate,Mumbai,Bachelor's,Full-Time,Onsite,2015-04-09,11.4,39700,Exceeds Expectations,3,Neutral,5,Yes,None,13,3,9.1,18,No,36-45,<50K,10+ Years
EMP10869,Vikram,Verma,Male,35,Human Resources,HR Manager,Delhi NCR,Bachelor's,Full-Time,Onsite,2021-07-27,5.1,61900,Exceeds Expectations,2,Dissatisfied,3,No,None,14,3,1.5,14,Yes,26-35,50K-75K,5-10 Years
EMP10870,Nikhil,Reddy,Male,50,Sales,Sales Manager,Mumbai,Master's,Full-Time,Remote,2024-10-08,1.9,81800,Needs Improvement,2,Dissatisfied,4,No,Frequently,24,2,6.7,14,No,46-55,75K-100K,1-3 Years
EMP10871,Vihaan,Gupta,Female,31,Human Resources,HR Manager,Delhi NCR,Bachelor's,Full-Time,Hybrid,2020-04-08,6.4,53700,Meets Expectations,4,Satisfied,4,Yes,None,33,1,4.2,22,Yes,26-35,50K-75K,5-10 Years
EMP10872,Vihaan,Singh,Male,24,Technology,Data Analyst,Delhi NCR,Bachelor's,Full-Time,Hybrid,2018-05-15,8.3,125200,Needs Improvement,3,Neutral,5,No,None,25,0,1.5,19,No,21-25,100K-150K,5-10 Years
EMP10873,Kavya,Iyer,Male,41,Sales,Sales Manager,Hyderabad,Bachelor's,Full-Time,Hybrid,2023-06-21,3.2,43700,Exceeds Expectations,5,Very Satisfied,2,No,None,1,2,5.6,3,No,36-45,<50K,3-5 Years
EMP10874,Meera,Patel,Female,54,Sales,Account Manager,Hyderabad,MBA,Full-Time,Onsite,2020-06-20,6.2,70100,Needs Improvement,5,Very Satisfied,1,Yes,None,24,1,0.3,9,No,46-55,50K-75K,5-10 Years
EMP10875,Isha,Verma,Female,40,Marketing,Marketing Manager,Hyderabad,Diploma,Contract,Remote,2017-01-25,9.6,93900,Meets Expectations,3,Neutral,5,No,Rarely,17,3,5.7,21,No,36-45,75K-100K,5-10 Years
EMP10876,Meera,Iyer,Female,29,Human Resources,HR Executive,Bengaluru,Bachelor's,Contract,Hybrid,2017-12-20,8.7,75000,Needs Improvement,2,Dissatisfied,3,No,None,2,0,1.9,10,No,26-35,50K-75K,5-10 Years
EMP10877,Isha,Nair,Non-Binary,22,Human Resources,HR Manager,Delhi NCR,Bachelor's,Full-Time,Onsite,2015-10-08,10.9,87300,Meets Expectations,5,Very Satisfied,1,Yes,Frequently,13,2,4.4,8,No,21-25,75K-100K,10+ Years
EMP10878,Isha,Kumar,Male,58,Operations,Operations Executive,Chennai,Bachelor's,Full-Time,Hybrid,2014-01-25,12.6,82100,Meets Expectations,4,Satisfied,4,No,Frequently,39,3,4.6,6,No,56+,75K-100K,10+ Years
EMP10879,Vihaan,Joshi,Female,51,Human Resources,Recruiter,Pune,MBA,Full-Time,Onsite,2020-05-14,6.3,74300,Outstanding,1,Very Dissatisfied,5,No,Rarely,14,2,1.1,15,Yes,46-55,50K-75K,5-10 Years
EMP10880,Pooja,Singh,Female,27,Marketing,Marketing Executive,Kolkata,Bachelor's,Contract,Hybrid,2020-03-02,6.5,84300,Meets Expectations,5,Very Satisfied,4,Yes,None,29,2,7.5,16,No,26-35,75K-100K,5-10 Years
EMP10881,Nikhil,Nair,Male,23,Sales,Sales Executive,Chennai,Master's,Full-Time,Hybrid,2019-01-26,7.6,40500,Meets Expectations,2,Dissatisfied,2,Yes,None,8,0,6.2,10,No,21-25,<50K,5-10 Years
EMP10882,Sneha,Joshi,Male,26,Operations,Process Associate,Kolkata,Master's,Contract,Remote,2018-01-25,8.6,56700,Meets Expectations,3,Neutral,5,No,None,36,0,8.0,6,No,26-35,50K-75K,5-10 Years
EMP10883,Pooja,Iyer,Male,36,Human Resources,HR Manager,Mumbai,Master's,Full-Time,Remote,2024-11-13,1.8,56500,Outstanding,1,Very Dissatisfied,1,No,Rarely,33,0,9.9,0,No,36-45,50K-75K,1-3 Years
EMP10884,Vihaan,Nair,Female,53,Technology,Software Engineer,Bengaluru,Master's,Full-Time,Onsite,2021-11-13,4.8,116400,Meets Expectations,3,Neutral,5,Yes,None,6,2,4.0,9,No,46-55,100K-150K,3-5 Years
EMP10885,Kiran,Nair,Female,27,Operations,Operations Executive,Pune,Bachelor's,Full-Time,Onsite,2023-12-20,2.7,68000,Exceeds Expectations,4,Satisfied,1,Yes,Rarely,28,2,6.2,8,No,26-35,50K-75K,1-3 Years
EMP10886,Vihaan,Sharma,Male,53,Operations,Process Associate,Pune,Bachelor's,Contract,Remote,2020-10-08,5.9,65100,Outstanding,1,Very Dissatisfied,2,No,None,38,2,9.4,11,Yes,46-55,50K-75K,5-10 Years
EMP10887,Nikhil,Iyer,Female,21,Sales,Business Development Executive,Delhi NCR,Bachelor's,Full-Time,Hybrid,2012-01-26,14.6,82600,Meets Expectations,2,Dissatisfied,2,No,None,37,1,4.4,0,No,21-25,75K-100K,10+ Years
EMP10888,Aisha,Iyer,Female,50,Technology,Software Engineer,Chennai,Bachelor's,Full-Time,Hybrid,2017-11-13,8.8,64700,Meets Expectations,4,Satisfied,3,No,None,29,3,6.8,18,No,46-55,50K-75K,5-10 Years
EMP10889,Sanjay,Kumar,Male,32,Sales,Sales Manager,Mumbai,Bachelor's,Contract,Hybrid,2020-01-26,6.6,83600,Meets Expectations,5,Very Satisfied,1,No,None,29,1,6.8,5,No,26-35,75K-100K,5-10 Years
EMP10890,Ananya,Sharma,Male,59,Technology,Data Analyst,Kolkata,Diploma,Full-Time,Hybrid,2018-01-25,8.6,65600,Exceeds Expectations,5,Very Satisfied,4,Yes,Rarely,20,3,3.2,14,No,56+,50K-75K,5-10 Years
EMP10891,Rahul,Iyer,Female,40,Sales,Sales Manager,Pune,Bachelor's,Contract,Hybrid,2016-07-26,10.1,55200,Meets Expectations,4,Satisfied,1,Yes,Rarely,6,0,6.5,11,No,36-45,50K-75K,10+ Years
EMP10892,Kiran,Verma,Male,31,Marketing,Digital Marketing Analyst,Ahmedabad,Bachelor's,Full-Time,Remote,2020-01-26,6.6,76400,Exceeds Expectations,5,Very Satisfied,1,No,None,0,0,3.1,12,No,26-35,75K-100K,5-10 Years
EMP10893,Priya,Kumar,Male,30,Human Resources,HR Executive,Bengaluru,Bachelor's,Full-Time,Hybrid,2019-11-14,6.8,59200,Meets Expectations,1,Very Dissatisfied,1,Yes,None,12,3,2.0,20,Yes,26-35,50K-75K,5-10 Years
EMP10894,Aarav,Kumar,Female,54,Customer Support,Customer Success Specialist,Hyderabad,Bachelor's,Full-Time,Onsite,2016-01-26,10.6,58700,Meets Expectations,2,Dissatisfied,5,Yes,Frequently,10,3,9.6,1,Yes,46-55,50K-75K,10+ Years
EMP10895,Nikhil,Gupta,Male,37,Operations,Operations Manager,Bengaluru,Bachelor's,Full-Time,Onsite,2025-07-27,1.1,72400,Exceeds Expectations,3,Neutral,1,Yes,None,37,2,10.4,7,Yes,36-45,50K-75K,1-3 Years
EMP10896,Divya,Gupta,Female,35,Marketing,Content Specialist,Chennai,Master's,Full-Time,Remote,2018-06-20,8.2,86700,Meets Expectations,5,Very Satisfied,4,Yes,Rarely,34,0,9.7,1,No,26-35,75K-100K,5-10 Years
EMP10897,Priya,Gupta,Male,50,Human Resources,HR Executive,Hyderabad,Master's,Contract,Hybrid,2018-05-15,8.3,51000,Outstanding,4,Satisfied,4,No,None,13,1,7.5,18,No,46-55,50K-75K,5-10 Years
EMP10898,Vihaan,Patel,Female,42,Sales,Business Development Executive,Pune,Master's,Full-Time,Hybrid,2015-04-09,11.4,47500,Meets Expectations,2,Dissatisfied,5,Yes,Rarely,15,2,1.1,8,No,36-45,<50K,10+ Years
EMP10899,Nikhil,Das,Male,47,Sales,Sales Manager,Pune,Diploma,Full-Time,Onsite,2011-12-20,14.7,41400,Outstanding,1,Very Dissatisfied,3,No,Rarely,30,3,6.5,10,No,46-55,<50K,10+ Years
EMP10900,Vikram,Das,Male,38,Marketing,Content Specialist,Pune,Bachelor's,Full-Time,Remote,2014-09-01,12.0,69100,Outstanding,4,Satisfied,5,No,None,27,2,11.4,0,No,36-45,50K-75K,10+ Years
EMP10901,Kavya,Sharma,Male,23,Sales,Business Development Executive,Bengaluru,Master's,Full-Time,Hybrid,2018-12-20,7.7,45400,Meets Expectations,2,Dissatisfied,3,No,None,36,2,10.9,13,No,21-25,<50K,5-10 Years
EMP10902,Kavya,Verma,Male,21,Sales,Sales Executive,Chennai,Master's,Full-Time,Remote,2023-12-20,2.7,53900,Meets Expectations,2,Dissatisfied,1,No,None,29,1,9.7,5,Yes,21-25,50K-75K,1-3 Years
EMP10903,Divya,Nair,Male,22,Technology,Software Engineer,Pune,Master's,Full-Time,Onsite,2017-10-08,8.9,117500,Needs Improvement,2,Dissatisfied,5,Yes,None,28,0,8.4,1,Yes,21-25,100K-150K,5-10 Years
EMP10904,Sneha,Patel,Male,43,Customer Support,Team Lead,Delhi NCR,Bachelor's,Contract,Onsite,2014-03-03,12.5,69000,Needs Improvement,2,Dissatisfied,3,No,Rarely,31,2,6.2,21,No,36-45,50K-75K,10+ Years
EMP10905,Rahul,Nair,Male,41,Human Resources,HR Executive,Mumbai,Bachelor's,Full-Time,Onsite,2012-09-01,14.0,83400,Needs Improvement,2,Dissatisfied,1,No,None,36,0,5.4,11,No,36-45,75K-100K,10+ Years
EMP10906,Aditya,Joshi,Male,50,Marketing,Marketing Executive,Mumbai,Bachelor's,Contract,Hybrid,2014-04-08,12.4,43500,Meets Expectations,4,Satisfied,4,No,None,15,2,7.2,4,No,46-55,<50K,10+ Years
EMP10907,Arjun,Joshi,Female,56,Finance,Accountant,Kolkata,Bachelor's,Full-Time,Remote,2023-09-02,3.0,82000,Outstanding,1,Very Dissatisfied,2,No,Frequently,10,1,5.8,8,No,56+,75K-100K,1-3 Years
EMP10908,Sneha,Das,Female,27,Technology,IT Support Specialist,Chennai,Master's,Full-Time,Hybrid,2015-12-20,10.7,70200,Meets Expectations,3,Neutral,5,No,Frequently,37,2,5.1,18,No,26-35,50K-75K,10+ Years
EMP10909,Priya,Nair,Male,59,Finance,Senior Accountant,Bengaluru,Bachelor's,Full-Time,Hybrid,2013-06-20,13.2,70700,Meets Expectations,5,Very Satisfied,1,No,None,6,2,7.3,10,No,56+,50K-75K,10+ Years
EMP10910,Rohit,Rao,Male,58,Sales,Sales Manager,Delhi NCR,Diploma,Full-Time,Hybrid,2016-05-14,10.3,59000,Needs Improvement,5,Very Satisfied,4,Yes,Rarely,11,2,11.0,15,No,56+,50K-75K,10+ Years
EMP10911,Neha,Reddy,Female,45,Operations,Operations Executive,Ahmedabad,MBA,Full-Time,Onsite,2016-05-14,10.3,79900,Meets Expectations,5,Very Satisfied,5,Yes,None,5,0,2.8,6,No,36-45,75K-100K,10+ Years
EMP10912,Arjun,Rao,Male,42,Technology,Data Analyst,Chennai,Bachelor's,Contract,Hybrid,2019-01-26,7.6,103000,Meets Expectations,2,Dissatisfied,1,No,Rarely,34,1,1.8,2,No,36-45,100K-150K,5-10 Years
EMP10913,Neha,Das,Male,28,Finance,Finance Manager,Delhi NCR,MBA,Full-Time,Remote,2017-01-25,9.6,64400,Needs Improvement,1,Very Dissatisfied,3,No,None,37,1,2.1,0,No,26-35,50K-75K,5-10 Years
EMP10914,Sneha,Rao,Male,28,Customer Support,Support Executive,Delhi NCR,Bachelor's,Full-Time,Hybrid,2022-01-25,4.6,57100,Outstanding,5,Very Satisfied,4,No,Rarely,17,0,8.5,4,No,26-35,50K-75K,3-5 Years
EMP10915,Arjun,Iyer,Male,21,Marketing,Marketing Manager,Hyderabad,Bachelor's,Full-Time,Onsite,2025-03-03,1.5,93200,Meets Expectations,3,Neutral,5,No,None,4,3,10.5,21,Yes,21-25,75K-100K,1-3 Years
EMP10916,Meera,Verma,Female,46,Human Resources,HR Executive,Bengaluru,MBA,Contract,Remote,2014-03-03,12.5,45000,Meets Expectations,3,Neutral,2,No,None,9,1,9.2,0,No,46-55,<50K,10+ Years
EMP10917,Pooja,Sharma,Male,38,Human Resources,HR Analyst,Delhi NCR,Bachelor's,Full-Time,Hybrid,2012-06-20,14.2,83100,Meets Expectations,3,Neutral,3,No,Frequently,23,0,5.0,0,Yes,36-45,75K-100K,10+ Years
EMP10918,Aisha,Joshi,Male,28,Operations,Operations Executive,Pune,Bachelor's,Full-Time,Remote,2013-10-08,12.9,47300,Exceeds Expectations,1,Very Dissatisfied,3,No,None,14,0,6.9,0,No,26-35,<50K,10+ Years
EMP10919,Kavya,Rao,Male,26,Technology,BI Analyst,Pune,Bachelor's,Full-Time,Hybrid,2021-07-27,5.1,69200,Exceeds Expectations,4,Satisfied,2,Yes,None,30,2,0.7,16,No,26-35,50K-75K,5-10 Years
EMP10920,Arjun,Sharma,Male,23,Marketing,Content Specialist,Mumbai,Master's,Contract,Hybrid,2025-01-25,1.6,90400,Meets Expectations,2,Dissatisfied,5,No,None,32,3,5.7,20,Yes,21-25,75K-100K,1-3 Years
EMP10921,Divya,Nair,Female,46,Customer Support,Support Executive,Mumbai,Bachelor's,Full-Time,Hybrid,2022-05-15,4.3,32300,Meets Expectations,2,Dissatisfied,4,No,Rarely,17,0,9.0,10,No,46-55,<50K,3-5 Years
EMP10922,Arjun,Singh,Male,48,Marketing,Content Specialist,Ahmedabad,Master's,Full-Time,Remote,2013-12-20,12.7,82200,Exceeds Expectations,4,Satisfied,1,No,None,25,0,9.5,22,No,46-55,75K-100K,10+ Years
EMP10923,Isha,Das,Male,46,Human Resources,Recruiter,Ahmedabad,Diploma,Full-Time,Remote,2016-10-08,9.9,46400,Meets Expectations,4,Satisfied,5,Yes,Rarely,2,1,7.4,8,No,46-55,<50K,5-10 Years
EMP10924,Sanjay,Das,Female,25,Technology,IT Support Specialist,Hyderabad,MBA,Full-Time,Hybrid,2012-03-02,14.5,101900,Meets Expectations,5,Very Satisfied,1,Yes,None,5,1,10.0,21,No,21-25,100K-150K,10+ Years
EMP10925,Kavya,Iyer,Female,22,Technology,IT Support Specialist,Chennai,MBA,Full-Time,Onsite,2021-05-15,5.3,102100,Outstanding,4,Satisfied,5,No,Rarely,13,2,4.3,11,No,21-25,100K-150K,5-10 Years
EMP10926,Aarav,Iyer,Non-Binary,25,Customer Support,Support Executive,Delhi NCR,Bachelor's,Contract,Onsite,2018-04-08,8.4,65600,Exceeds Expectations,1,Very Dissatisfied,3,No,Frequently,5,1,1.2,8,Yes,21-25,50K-75K,5-10 Years
EMP10927,Rohit,Das,Male,51,Human Resources,Recruiter,Pune,Bachelor's,Full-Time,Onsite,2014-10-08,11.9,83500,Meets Expectations,3,Neutral,4,No,None,0,2,6.3,20,No,46-55,75K-100K,10+ Years
EMP10928,Aarav,Reddy,Female,50,Finance,Finance Manager,Chennai,MBA,Full-Time,Onsite,2022-12-20,3.7,88800,Needs Improvement,3,Neutral,5,No,Rarely,28,3,11.9,1,No,46-55,75K-100K,3-5 Years
EMP10929,Neha,Das,Male,32,Finance,Financial Analyst,Delhi NCR,Bachelor's,Full-Time,Hybrid,2012-03-02,14.5,71000,Needs Improvement,2,Dissatisfied,5,No,None,0,2,10.7,2,No,26-35,50K-75K,10+ Years
EMP10930,Kiran,Sharma,Male,23,Marketing,Digital Marketing Analyst,Delhi NCR,MBA,Full-Time,Onsite,2017-09-01,9.0,52200,Needs Improvement,3,Neutral,1,No,None,9,3,10.5,17,No,21-25,50K-75K,5-10 Years
EMP10931,Rohit,Rao,Female,33,Human Resources,HR Manager,Ahmedabad,Master's,Full-Time,Hybrid,2026-05-15,0.3,74000,Meets Expectations,3,Neutral,3,No,Rarely,29,0,7.3,21,Yes,26-35,50K-75K,<1 Year
EMP10932,Aditya,Das,Male,53,Marketing,Marketing Manager,Hyderabad,MBA,Full-Time,Remote,2026-01-25,0.6,69400,Meets Expectations,4,Satisfied,1,No,Frequently,8,0,11.5,6,No,46-55,50K-75K,<1 Year
EMP10933,Aditya,Joshi,Male,26,Technology,Data Analyst,Chennai,Bachelor's,Full-Time,Onsite,2013-05-15,13.3,64000,Meets Expectations,5,Very Satisfied,4,No,Frequently,9,1,6.8,14,No,26-35,50K-75K,10+ Years
EMP10934,Ananya,Iyer,Male,52,Marketing,Digital Marketing Analyst,Mumbai,Bachelor's,Full-Time,Hybrid,2016-11-13,9.8,93400,Needs Improvement,4,Satisfied,3,No,Frequently,30,1,5.3,4,No,46-55,75K-100K,5-10 Years
EMP10935,Rohit,Reddy,Male,39,Human Resources,HR Manager,Ahmedabad,MBA,Full-Time,Onsite,2015-03-03,11.5,57800,Meets Expectations,5,Very Satisfied,5,Yes,None,0,3,8.0,3,No,36-45,50K-75K,10+ Years
EMP10936,Aarav,Nair,Female,26,Customer Support,Customer Success Specialist,Chennai,Bachelor's,Full-Time,Hybrid,2014-11-14,11.8,32300,Meets Expectations,5,Very Satisfied,4,No,Rarely,13,0,6.7,10,No,26-35,<50K,10+ Years
EMP10937,Isha,Sharma,Male,58,Technology,Software Engineer,Hyderabad,MBA,Full-Time,Remote,2020-04-08,6.4,121800,Meets Expectations,4,Satisfied,3,No,None,21,1,8.4,21,Yes,56+,100K-150K,5-10 Years
EMP10938,Rahul,Verma,Female,41,Technology,BI Analyst,Pune,Bachelor's,Contract,Onsite,2014-09-01,12.0,99000,Meets Expectations,2,Dissatisfied,1,No,Frequently,2,3,4.7,1,No,36-45,75K-100K,10+ Years
EMP10939,Aarav,Singh,Female,47,Human Resources,HR Manager,Ahmedabad,Bachelor's,Contract,Hybrid,2012-07-26,14.1,78900,Meets Expectations,3,Neutral,2,Yes,Rarely,26,1,11.7,20,No,46-55,75K-100K,10+ Years
EMP10940,Vihaan,Kumar,Male,24,Human Resources,HR Executive,Hyderabad,Master's,Full-Time,Onsite,2023-12-20,2.7,49700,Meets Expectations,1,Very Dissatisfied,5,No,None,17,2,11.3,0,Yes,21-25,<50K,1-3 Years
EMP10941,Nikhil,Nair,Male,35,Marketing,Digital Marketing Analyst,Ahmedabad,MBA,Full-Time,Hybrid,2015-03-03,11.5,64600,Exceeds Expectations,5,Very Satisfied,1,No,Frequently,12,1,9.7,22,Yes,26-35,50K-75K,10+ Years
EMP10942,Ananya,Iyer,Male,46,Finance,Accountant,Mumbai,Bachelor's,Full-Time,Onsite,2021-11-13,4.8,86500,Meets Expectations,1,Very Dissatisfied,5,No,Rarely,23,0,0.6,11,No,46-55,75K-100K,3-5 Years
EMP10943,Aditya,Singh,Male,46,Customer Support,Support Executive,Bengaluru,Master's,Full-Time,Hybrid,2021-09-01,5.0,42000,Exceeds Expectations,2,Dissatisfied,4,No,Frequently,1,0,3.3,18,No,46-55,<50K,3-5 Years
EMP10944,Vikram,Nair,Non-Binary,23,Human Resources,Recruiter,Pune,Bachelor's,Full-Time,Onsite,2020-05-14,6.3,77400,Meets Expectations,5,Very Satisfied,3,No,Rarely,24,0,11.2,14,Yes,21-25,75K-100K,5-10 Years
EMP10945,Rohit,Das,Female,45,Sales,Account Manager,Pune,Bachelor's,Full-Time,Hybrid,2013-09-01,13.0,49900,Meets Expectations,1,Very Dissatisfied,3,No,Frequently,19,3,9.8,19,No,36-45,<50K,10+ Years
EMP10946,Vihaan,Nair,Male,58,Sales,Sales Executive,Ahmedabad,Master's,Full-Time,Onsite,2026-03-03,0.5,48800,Meets Expectations,3,Neutral,1,No,None,2,3,3.2,14,No,56+,<50K,<1 Year
EMP10947,Kavya,Patel,Male,52,Customer Support,Customer Success Specialist,Kolkata,Master's,Full-Time,Hybrid,2020-01-26,6.6,32700,Meets Expectations,3,Neutral,2,No,None,32,1,7.0,3,No,46-55,<50K,5-10 Years
EMP10948,Vikram,Joshi,Female,29,Sales,Business Development Executive,Kolkata,Diploma,Contract,Onsite,2016-05-14,10.3,52200,Meets Expectations,2,Dissatisfied,3,No,Rarely,18,1,0.5,0,No,26-35,50K-75K,10+ Years
EMP10949,Neha,Nair,Female,57,Customer Support,Team Lead,Hyderabad,Bachelor's,Full-Time,Onsite,2024-11-13,1.8,41800,Meets Expectations,2,Dissatisfied,3,No,None,2,3,10.0,19,Yes,56+,<50K,1-3 Years
EMP10950,Aarav,Joshi,Female,48,Technology,BI Analyst,Hyderabad,Bachelor's,Full-Time,Hybrid,2014-10-08,11.9,112200,Meets Expectations,4,Satisfied,2,No,None,14,3,6.0,2,No,46-55,100K-150K,10+ Years
EMP10951,Aarav,Kumar,Female,23,Sales,Account Manager,Ahmedabad,Master's,Full-Time,Hybrid,2012-07-26,14.1,65700,Meets Expectations,4,Satisfied,5,No,Frequently,30,2,6.0,16,No,21-25,50K-75K,10+ Years
EMP10952,Isha,Sharma,Male,26,Finance,Senior Accountant,Pune,Bachelor's,Full-Time,Remote,2025-03-03,1.5,59200,Outstanding,3,Neutral,3,Yes,Frequently,18,2,1.8,4,Yes,26-35,50K-75K,1-3 Years
EMP10953,Rohit,Nair,Female,57,Marketing,Marketing Executive,Bengaluru,Master's,Contract,Hybrid,2024-03-02,2.5,73200,Meets Expectations,3,Neutral,2,Yes,Frequently,15,3,0.6,15,Yes,56+,50K-75K,1-3 Years
EMP10954,Vikram,Sharma,Female,29,Finance,Finance Manager,Pune,Bachelor's,Contract,Hybrid,2012-01-26,14.6,61900,Meets Expectations,2,Dissatisfied,4,No,None,1,2,11.3,7,No,26-35,50K-75K,10+ Years
EMP10955,Nikhil,Kumar,Male,24,Operations,Operations Manager,Delhi NCR,Diploma,Contract,Remote,2023-07-27,3.1,56600,Exceeds Expectations,4,Satisfied,1,No,None,2,1,8.8,20,Yes,21-25,50K-75K,3-5 Years
EMP10956,Kavya,Kumar,Male,39,Marketing,Marketing Manager,Delhi NCR,Bachelor's,Full-Time,Onsite,2025-04-08,1.4,89900,Needs Improvement,1,Very Dissatisfied,1,Yes,Frequently,12,3,3.3,16,Yes,36-45,75K-100K,1-3 Years
EMP10957,Neha,Kumar,Male,42,Finance,Financial Analyst,Pune,Master's,Full-Time,Remote,2012-05-14,14.3,90800,Meets Expectations,1,Very Dissatisfied,2,No,None,11,3,0.5,10,No,36-45,75K-100K,10+ Years
EMP10958,Neha,Joshi,Male,43,Marketing,Marketing Manager,Mumbai,Bachelor's,Full-Time,Hybrid,2013-04-08,13.4,77500,Needs Improvement,4,Satisfied,1,No,None,26,2,7.7,0,No,36-45,75K-100K,10+ Years
EMP10959,Pooja,Joshi,Female,47,Customer Support,Support Analyst,Kolkata,Bachelor's,Contract,Onsite,2016-10-08,9.9,43100,Exceeds Expectations,1,Very Dissatisfied,2,No,None,19,3,10.5,7,No,46-55,<50K,5-10 Years
EMP10960,Priya,Verma,Female,60,Finance,Senior Accountant,Pune,Bachelor's,Full-Time,Hybrid,2018-04-08,8.4,56000,Meets Expectations,4,Satisfied,1,No,Frequently,5,2,5.7,4,Yes,56+,50K-75K,5-10 Years
EMP10961,Kiran,Nair,Male,51,Technology,Software Engineer,Bengaluru,Bachelor's,Full-Time,Hybrid,2012-11-13,13.8,111400,Needs Improvement,1,Very Dissatisfied,4,No,None,26,2,8.1,17,No,46-55,100K-150K,10+ Years
EMP10962,Priya,Gupta,Male,22,Finance,Finance Manager,Bengaluru,Bachelor's,Full-Time,Hybrid,2016-10-08,9.9,82000,Meets Expectations,2,Dissatisfied,1,Yes,None,39,0,11.5,17,No,21-25,75K-100K,5-10 Years
EMP10963,Kiran,Joshi,Male,24,Operations,Process Associate,Ahmedabad,Bachelor's,Full-Time,Onsite,2016-10-08,9.9,65500,Exceeds Expectations,5,Very Satisfied,2,Yes,None,35,0,5.9,9,No,21-25,50K-75K,5-10 Years
EMP10964,Nikhil,Singh,Female,21,Technology,Data Analyst,Chennai,Bachelor's,Full-Time,Hybrid,2013-12-20,12.7,127000,Needs Improvement,2,Dissatisfied,2,No,None,40,3,9.8,8,No,21-25,100K-150K,10+ Years
EMP10965,Aarav,Nair,Female,36,Customer Support,Support Analyst,Delhi NCR,Bachelor's,Full-Time,Hybrid,2016-10-08,9.9,45700,Outstanding,5,Very Satisfied,3,No,Rarely,19,3,4.3,13,No,36-45,<50K,5-10 Years
EMP10966,Nikhil,Rao,Male,35,Marketing,Marketing Executive,Pune,Bachelor's,Full-Time,Hybrid,2018-12-20,7.7,85300,Meets Expectations,2,Dissatisfied,3,Yes,Rarely,14,3,0.3,10,Yes,26-35,75K-100K,5-10 Years
EMP10967,Priya,Verma,Male,58,Marketing,Marketing Manager,Kolkata,Bachelor's,Full-Time,Remote,2020-09-01,6.0,72700,Meets Expectations,4,Satisfied,4,Yes,Rarely,2,2,10.3,11,Yes,56+,50K-75K,5-10 Years
EMP10968,Rohit,Patel,Male,35,Finance,Finance Manager,Bengaluru,Bachelor's,Full-Time,Remote,2019-01-26,7.6,62500,Meets Expectations,4,Satisfied,4,No,None,27,3,11.4,2,No,26-35,50K-75K,5-10 Years
EMP10969,Aditya,Das,Male,22,Customer Support,Support Executive,Hyderabad,Bachelor's,Full-Time,Hybrid,2018-10-08,7.9,34300,Meets Expectations,4,Satisfied,2,No,None,18,2,0.9,20,No,21-25,<50K,5-10 Years
EMP10970,Vihaan,Iyer,Female,56,Sales,Sales Executive,Kolkata,Bachelor's,Full-Time,Hybrid,2021-03-03,5.5,67800,Needs Improvement,2,Dissatisfied,1,Yes,None,26,0,7.9,6,No,56+,50K-75K,5-10 Years
EMP10971,Aditya,Iyer,Male,31,Finance,Finance Manager,Mumbai,Bachelor's,Contract,Hybrid,2019-11-14,6.8,66200,Meets Expectations,4,Satisfied,5,No,Frequently,12,1,8.6,9,No,26-35,50K-75K,5-10 Years
EMP10972,Rohit,Singh,Female,57,Finance,Financial Analyst,Ahmedabad,Bachelor's,Full-Time,Hybrid,2014-07-27,12.1,89400,Meets Expectations,2,Dissatisfied,2,No,None,6,3,10.4,7,No,56+,75K-100K,10+ Years
EMP10973,Divya,Reddy,Female,51,Human Resources,HR Analyst,Mumbai,Master's,Full-Time,Hybrid,2020-04-08,6.4,77300,Meets Expectations,5,Very Satisfied,3,No,None,28,3,8.2,22,No,46-55,75K-100K,5-10 Years
EMP10974,Sanjay,Joshi,Male,56,Human Resources,HR Executive,Kolkata,Master's,Full-Time,Hybrid,2026-01-25,0.6,65000,Meets Expectations,2,Dissatisfied,5,No,None,15,1,9.9,22,No,56+,50K-75K,<1 Year
EMP10975,Meera,Sharma,Male,53,Technology,IT Support Specialist,Mumbai,Bachelor's,Full-Time,Hybrid,2022-04-08,4.4,96200,Meets Expectations,5,Very Satisfied,4,No,Frequently,21,0,8.9,21,No,46-55,75K-100K,3-5 Years
EMP10976,Aditya,Reddy,Female,26,Technology,BI Analyst,Hyderabad,Bachelor's,Full-Time,Remote,2023-01-26,3.6,102500,Meets Expectations,5,Very Satisfied,3,No,Rarely,40,0,4.7,12,No,26-35,100K-150K,3-5 Years
EMP10977,Divya,Joshi,Female,46,Sales,Business Development Executive,Chennai,Bachelor's,Full-Time,Hybrid,2014-10-08,11.9,60900,Meets Expectations,4,Satisfied,2,Yes,None,11,3,1.8,7,Yes,46-55,50K-75K,10+ Years
EMP10978,Meera,Patel,Female,37,Marketing,Marketing Executive,Ahmedabad,MBA,Full-Time,Onsite,2019-11-14,6.8,89300,Meets Expectations,3,Neutral,5,No,Rarely,5,2,10.8,3,No,36-45,75K-100K,5-10 Years
EMP10979,Vihaan,Verma,Female,46,Finance,Financial Analyst,Ahmedabad,Bachelor's,Full-Time,Hybrid,2022-05-15,4.3,53200,Needs Improvement,3,Neutral,1,Yes,None,29,3,11.4,12,No,46-55,50K-75K,3-5 Years
EMP10980,Aarav,Kumar,Male,50,Human Resources,Recruiter,Chennai,Bachelor's,Full-Time,Onsite,2014-06-20,12.2,91400,Meets Expectations,2,Dissatisfied,3,Yes,Rarely,23,3,0.5,17,No,46-55,75K-100K,10+ Years
EMP10981,Sneha,Patel,Male,41,Marketing,Marketing Manager,Kolkata,Master's,Full-Time,Onsite,2026-03-03,0.5,45200,Needs Improvement,2,Dissatisfied,2,Yes,Frequently,16,3,8.5,15,No,36-45,<50K,<1 Year
EMP10982,Rahul,Patel,Male,33,Marketing,Content Specialist,Pune,Bachelor's,Full-Time,Hybrid,2023-11-14,2.8,54400,Meets Expectations,3,Neutral,1,No,Rarely,24,0,1.4,21,No,26-35,50K-75K,1-3 Years
EMP10983,Sneha,Kumar,Male,57,Human Resources,HR Manager,Pune,Bachelor's,Full-Time,Hybrid,2014-04-08,12.4,77700,Needs Improvement,3,Neutral,2,Yes,Frequently,37,1,8.6,22,Yes,56+,75K-100K,10+ Years
EMP10984,Kavya,Nair,Female,47,Marketing,Content Specialist,Kolkata,Diploma,Full-Time,Remote,2018-05-15,8.3,47900,Meets Expectations,4,Satisfied,1,No,None,6,1,2.7,0,Yes,46-55,<50K,5-10 Years
EMP10985,Vihaan,Nair,Female,56,Marketing,Marketing Executive,Hyderabad,Bachelor's,Full-Time,Remote,2014-12-20,11.7,57200,Meets Expectations,5,Very Satisfied,1,No,None,32,2,11.7,9,Yes,56+,50K-75K,10+ Years
EMP10986,Isha,Reddy,Male,30,Marketing,Digital Marketing Analyst,Hyderabad,Bachelor's,Full-Time,Hybrid,2014-01-25,12.6,51500,Outstanding,5,Very Satisfied,4,Yes,Rarely,21,1,9.0,12,Yes,26-35,50K-75K,10+ Years
EMP10987,Pooja,Iyer,Male,54,Marketing,Content Specialist,Bengaluru,Bachelor's,Full-Time,Onsite,2012-07-26,14.1,81300,Meets Expectations,4,Satisfied,4,No,Rarely,33,0,8.5,13,No,46-55,75K-100K,10+ Years
EMP10988,Sanjay,Verma,Female,33,Finance,Finance Manager,Hyderabad,Master's,Full-Time,Onsite,2025-07-27,1.1,82600,Exceeds Expectations,5,Very Satisfied,5,Yes,None,37,3,2.8,9,Yes,26-35,75K-100K,1-3 Years
EMP10989,Meera,Nair,Female,39,Technology,IT Support Specialist,Mumbai,Bachelor's,Full-Time,Remote,2014-09-01,12.0,63000,Outstanding,5,Very Satisfied,1,No,None,6,1,3.0,15,No,36-45,50K-75K,10+ Years
EMP10990,Priya,Sharma,Male,55,Operations,Operations Manager,Kolkata,Bachelor's,Full-Time,Hybrid,2015-12-20,10.7,58200,Meets Expectations,3,Neutral,3,No,None,4,0,6.8,14,No,46-55,50K-75K,10+ Years
EMP10991,Neha,Singh,Female,35,Finance,Financial Analyst,Delhi NCR,Bachelor's,Full-Time,Onsite,2023-05-15,3.3,60900,Needs Improvement,3,Neutral,4,Yes,None,0,3,2.1,12,No,26-35,50K-75K,3-5 Years
EMP10992,Kiran,Iyer,Female,31,Human Resources,HR Analyst,Bengaluru,Bachelor's,Contract,Hybrid,2012-09-01,14.0,90800,Meets Expectations,3,Neutral,3,No,Frequently,7,3,3.9,2,No,26-35,75K-100K,10+ Years
EMP10993,Sneha,Joshi,Male,57,Technology,IT Support Specialist,Kolkata,Bachelor's,Contract,Onsite,2020-06-20,6.2,66100,Needs Improvement,1,Very Dissatisfied,1,No,None,14,3,11.0,6,No,56+,50K-75K,5-10 Years
EMP10994,Divya,Sharma,Non-Binary,59,Human Resources,Recruiter,Chennai,Bachelor's,Full-Time,Hybrid,2013-05-15,13.3,72100,Outstanding,2,Dissatisfied,3,Yes,Frequently,10,3,5.6,3,No,56+,50K-75K,10+ Years
EMP10995,Aisha,Nair,Female,33,Human Resources,HR Executive,Pune,Bachelor's,Full-Time,Remote,2017-06-20,9.2,66300,Meets Expectations,2,Dissatisfied,1,No,None,33,1,4.2,8,Yes,26-35,50K-75K,5-10 Years
EMP10996,Sneha,Das,Female,33,Marketing,Marketing Executive,Mumbai,Bachelor's,Full-Time,Hybrid,2018-09-01,8.0,73700,Meets Expectations,4,Satisfied,1,No,Rarely,30,3,10.3,12,No,26-35,50K-75K,5-10 Years
EMP10997,Nikhil,Reddy,Female,30,Human Resources,HR Manager,Bengaluru,Bachelor's,Full-Time,Hybrid,2024-01-26,2.6,90200,Meets Expectations,2,Dissatisfied,4,No,Frequently,14,3,8.1,8,No,26-35,75K-100K,1-3 Years
EMP10998,Aditya,Joshi,Female,21,Finance,Senior Accountant,Ahmedabad,Bachelor's,Full-Time,Onsite,2012-12-20,13.7,68700,Meets Expectations,4,Satisfied,1,No,Rarely,23,0,5.5,11,No,21-25,50K-75K,10+ Years
EMP10999,Rohit,Kumar,Male,43,Customer Support,Team Lead,Chennai,Master's,Full-Time,Onsite,2018-04-08,8.4,61200,Meets Expectations,2,Dissatisfied,2,No,Frequently,12,2,9.3,6,Yes,36-45,50K-75K,5-10 Years
EMP11000,Neha,Iyer,Male,31,Human Resources,HR Executive,Pune,Bachelor's,Full-Time,Onsite,2026-05-15,0.3,64600,Meets Expectations,2,Dissatisfied,5,No,None,20,2,2.7,16,No,26-35,50K-75K,<1 Year
EMP11001,Ananya,Sharma,Female,54,Operations,Operations Manager,Delhi NCR,Master's,Full-Time,Hybrid,2026-03-03,0.5,67200,Meets Expectations,1,Very Dissatisfied,5,No,None,11,1,1.5,11,No,46-55,50K-75K,<1 Year
EMP11002,Aditya,Gupta,Male,27,Operations,Process Associate,Pune,Bachelor's,Full-Time,Onsite,2014-12-20,11.7,54000,Outstanding,3,Neutral,1,Yes,Rarely,32,1,3.6,16,No,26-35,50K-75K,10+ Years
EMP11003,Rahul,Kumar,Female,46,Human Resources,Recruiter,Kolkata,Master's,Full-Time,Hybrid,2024-01-26,2.6,53400,Needs Improvement,1,Very Dissatisfied,3,No,Rarely,9,0,3.9,1,Yes,46-55,50K-75K,1-3 Years
EMP11004,Nikhil,Gupta,Male,41,Customer Support,Support Analyst,Chennai,Bachelor's,Full-Time,Hybrid,2017-07-27,9.1,35500,Meets Expectations,2,Dissatisfied,2,Yes,Rarely,40,2,10.8,18,No,36-45,<50K,5-10 Years
EMP11005,Aarav,Das,Female,45,Sales,Account Manager,Ahmedabad,Bachelor's,Full-Time,Hybrid,2016-05-14,10.3,43800,Meets Expectations,3,Neutral,4,No,Rarely,38,1,11.6,17,No,36-45,<50K,10+ Years
EMP11006,Sanjay,Verma,Male,25,Customer Support,Support Executive,Chennai,Bachelor's,Full-Time,Onsite,2022-05-15,4.3,69400,Needs Improvement,4,Satisfied,4,No,None,8,2,0.8,17,No,21-25,50K-75K,3-5 Years
EMP11007,Meera,Nair,Female,39,Operations,Operations Analyst,Delhi NCR,Bachelor's,Full-Time,Hybrid,2018-01-25,8.6,73000,Meets Expectations,3,Neutral,1,Yes,None,23,2,10.7,0,No,36-45,50K-75K,5-10 Years
EMP11008,Neha,Das,Female,46,Human Resources,Recruiter,Mumbai,Bachelor's,Full-Time,Hybrid,2022-11-14,3.8,54300,Outstanding,2,Dissatisfied,3,No,Frequently,33,3,10.0,21,No,46-55,50K-75K,3-5 Years
EMP11009,Meera,Patel,Male,34,Operations,Operations Executive,Ahmedabad,Bachelor's,Full-Time,Onsite,2012-06-20,14.2,61300,Exceeds Expectations,5,Very Satisfied,2,No,Rarely,34,1,2.4,14,Yes,26-35,50K-75K,10+ Years
EMP11010,Divya,Joshi,Male,55,Human Resources,HR Executive,Ahmedabad,Bachelor's,Full-Time,Hybrid,2013-10-08,12.9,78000,Meets Expectations,2,Dissatisfied,5,Yes,Rarely,15,2,5.8,13,No,46-55,75K-100K,10+ Years
EMP11011,Vihaan,Sharma,Male,42,Technology,Data Analyst,Chennai,Diploma,Full-Time,Hybrid,2022-03-03,4.5,83200,Meets Expectations,2,Dissatisfied,2,Yes,Rarely,22,1,5.9,1,No,36-45,75K-100K,3-5 Years
EMP11012,Vikram,Verma,Male,35,Operations,Process Associate,Delhi NCR,Bachelor's,Full-Time,Hybrid,2018-09-01,8.0,57300,Meets Expectations,1,Very Dissatisfied,1,No,Frequently,5,2,2.6,17,No,26-35,50K-75K,5-10 Years
EMP11013,Rahul,Das,Male,22,Technology,BI Analyst,Bengaluru,Bachelor's,Full-Time,Remote,2019-01-26,7.6,108900,Meets Expectations,2,Dissatisfied,4,Yes,Frequently,10,0,4.7,21,No,21-25,100K-150K,5-10 Years
EMP11014,Kavya,Nair,Male,27,Finance,Finance Manager,Kolkata,Bachelor's,Full-Time,Hybrid,2012-04-08,14.4,62100,Meets Expectations,2,Dissatisfied,5,Yes,None,10,3,2.1,21,Yes,26-35,50K-75K,10+ Years
EMP11015,Aarav,Patel,Female,40,Human Resources,Recruiter,Mumbai,Diploma,Full-Time,Hybrid,2020-09-01,6.0,68500,Meets Expectations,2,Dissatisfied,5,No,Frequently,11,2,6.8,13,No,36-45,50K-75K,5-10 Years
EMP11016,Kavya,Iyer,Male,37,Operations,Operations Executive,Chennai,Diploma,Full-Time,Remote,2018-03-03,8.5,47000,Meets Expectations,1,Very Dissatisfied,1,No,None,16,3,4.2,10,No,36-45,<50K,5-10 Years
EMP11017,Vikram,Iyer,Male,55,Finance,Accountant,Ahmedabad,MBA,Contract,Remote,2012-10-08,13.9,48900,Meets Expectations,1,Very Dissatisfied,4,No,None,28,2,5.7,9,Yes,46-55,<50K,10+ Years
EMP11018,Arjun,Reddy,Male,52,Human Resources,HR Executive,Kolkata,MBA,Contract,Hybrid,2024-01-26,2.6,76800,Exceeds Expectations,4,Satisfied,2,No,Frequently,36,0,6.0,2,Yes,46-55,75K-100K,1-3 Years
EMP11019,Rahul,Reddy,Female,27,Sales,Business Development Executive,Bengaluru,Diploma,Full-Time,Hybrid,2018-05-15,8.3,72100,Meets Expectations,3,Neutral,1,No,None,23,2,6.4,8,No,26-35,50K-75K,5-10 Years
EMP11020,Sneha,Gupta,Male,44,Sales,Business Development Executive,Ahmedabad,MBA,Full-Time,Hybrid,2024-11-13,1.8,85600,Exceeds Expectations,4,Satisfied,3,No,None,19,2,2.4,19,No,36-45,75K-100K,1-3 Years
EMP11021,Sanjay,Kumar,Male,39,Sales,Account Manager,Pune,Bachelor's,Full-Time,Onsite,2017-05-15,9.3,47500,Outstanding,3,Neutral,5,No,Rarely,28,3,0.4,21,No,36-45,<50K,5-10 Years
EMP11022,Pooja,Sharma,Male,25,Sales,Account Manager,Hyderabad,Master's,Full-Time,Remote,2021-01-25,5.6,73600,Meets Expectations,3,Neutral,5,No,Frequently,25,3,7.0,2,No,21-25,50K-75K,5-10 Years
EMP11023,Divya,Das,Male,47,Customer Support,Customer Success Specialist,Pune,Bachelor's,Contract,Onsite,2012-03-02,14.5,68900,Exceeds Expectations,3,Neutral,4,No,None,18,0,3.8,4,No,46-55,50K-75K,10+ Years
EMP11024,Priya,Rao,Female,42,Operations,Process Associate,Chennai,Diploma,Full-Time,Onsite,2020-05-14,6.3,66500,Outstanding,2,Dissatisfied,3,No,Rarely,1,3,1.0,7,No,36-45,50K-75K,5-10 Years
EMP11025,Kavya,Joshi,Female,24,Operations,Operations Analyst,Hyderabad,Bachelor's,Full-Time,Onsite,2024-06-20,2.2,80800,Needs Improvement,2,Dissatisfied,3,No,None,22,2,4.6,10,No,21-25,75K-100K,1-3 Years
EMP11026,Sanjay,Nair,Female,39,Sales,Business Development Executive,Mumbai,Master's,Full-Time,Hybrid,2014-03-03,12.5,85500,Meets Expectations,5,Very Satisfied,2,No,None,2,3,11.9,18,No,36-45,75K-100K,10+ Years
EMP11027,Vikram,Gupta,Female,50,Sales,Account Manager,Chennai,Bachelor's,Full-Time,Hybrid,2014-05-15,12.3,76500,Needs Improvement,3,Neutral,1,No,Rarely,25,1,7.5,13,Yes,46-55,75K-100K,10+ Years
EMP11028,Sneha,Singh,Male,34,Technology,BI Analyst,Mumbai,Master's,Contract,Hybrid,2016-03-02,10.5,128600,Needs Improvement,5,Very Satisfied,3,No,Rarely,38,2,8.7,4,No,26-35,100K-150K,10+ Years
EMP11029,Aarav,Nair,Male,35,Human Resources,Recruiter,Chennai,Master's,Contract,Hybrid,2015-05-15,11.3,73500,Needs Improvement,4,Satisfied,1,No,Rarely,32,0,10.2,3,No,26-35,50K-75K,10+ Years
EMP11030,Isha,Reddy,Female,25,Finance,Accountant,Mumbai,Bachelor's,Contract,Hybrid,2022-07-27,4.1,77800,Meets Expectations,4,Satisfied,1,No,Rarely,34,0,8.2,4,Yes,21-25,75K-100K,3-5 Years
EMP11031,Kavya,Patel,Female,29,Human Resources,HR Manager,Bengaluru,MBA,Full-Time,Remote,2016-12-20,9.7,88200,Meets Expectations,5,Very Satisfied,4,No,Frequently,18,0,5.4,4,No,26-35,75K-100K,5-10 Years
EMP11032,Rahul,Das,Female,60,Technology,BI Analyst,Kolkata,Bachelor's,Full-Time,Hybrid,2025-11-13,0.8,116800,Outstanding,4,Satisfied,5,No,Frequently,20,0,10.4,19,Yes,56+,100K-150K,<1 Year
EMP11033,Aarav,Nair,Non-Binary,45,Operations,Process Associate,Delhi NCR,Bachelor's,Full-Time,Hybrid,2023-07-27,3.1,42500,Meets Expectations,5,Very Satisfied,4,No,None,21,1,3.8,2,No,36-45,<50K,3-5 Years
EMP11034,Arjun,Kumar,Female,28,Finance,Senior Accountant,Bengaluru,Diploma,Full-Time,Remote,2012-09-01,14.0,66500,Needs Improvement,4,Satisfied,5,No,Rarely,8,1,3.2,7,No,26-35,50K-75K,10+ Years
EMP11035,Neha,Joshi,Male,40,Sales,Sales Executive,Hyderabad,Bachelor's,Full-Time,Onsite,2015-07-27,11.1,51200,Exceeds Expectations,4,Satisfied,3,No,Rarely,40,1,3.3,19,No,36-45,50K-75K,10+ Years
EMP11036,Kavya,Verma,Female,28,Operations,Operations Executive,Ahmedabad,Bachelor's,Full-Time,Hybrid,2023-01-26,3.6,76000,Needs Improvement,4,Satisfied,4,No,None,1,2,4.3,11,No,26-35,75K-100K,3-5 Years
EMP11037,Kavya,Nair,Male,38,Customer Support,Support Analyst,Mumbai,Bachelor's,Contract,Onsite,2024-11-13,1.8,41300,Outstanding,5,Very Satisfied,2,No,Rarely,40,3,9.4,1,No,36-45,<50K,1-3 Years
EMP11038,Aarav,Reddy,Male,26,Sales,Account Manager,Kolkata,Master's,Full-Time,Hybrid,2012-06-20,14.2,53200,Exceeds Expectations,2,Dissatisfied,3,No,Rarely,39,3,1.5,6,No,26-35,50K-75K,10+ Years
EMP11039,Aarav,Reddy,Female,45,Human Resources,HR Analyst,Chennai,Bachelor's,Contract,Hybrid,2024-10-08,1.9,68100,Meets Expectations,5,Very Satisfied,1,No,None,38,2,6.4,4,No,36-45,50K-75K,1-3 Years
EMP11040,Isha,Iyer,Male,43,Operations,Operations Executive,Pune,Bachelor's,Full-Time,Onsite,2022-09-01,4.0,40900,Needs Improvement,3,Neutral,4,Yes,None,0,1,7.3,8,No,36-45,<50K,3-5 Years
EMP11041,Sanjay,Joshi,Male,46,Marketing,Digital Marketing Analyst,Pune,Bachelor's,Full-Time,Onsite,2023-10-08,2.9,93700,Needs Improvement,1,Very Dissatisfied,3,No,None,39,1,11.2,11,No,46-55,75K-100K,1-3 Years
EMP11042,Rohit,Singh,Female,38,Operations,Operations Analyst,Hyderabad,Bachelor's,Contract,Hybrid,2026-05-15,0.3,59600,Needs Improvement,1,Very Dissatisfied,3,No,None,9,2,4.7,17,No,36-45,50K-75K,<1 Year
EMP11043,Vihaan,Iyer,Female,32,Finance,Accountant,Mumbai,Bachelor's,Full-Time,Hybrid,2021-11-13,4.8,59900,Outstanding,4,Satisfied,5,Yes,Frequently,10,3,5.8,21,No,26-35,50K-75K,3-5 Years
EMP11044,Aditya,Das,Male,30,Finance,Finance Manager,Delhi NCR,MBA,Full-Time,Hybrid,2012-01-26,14.6,64600,Exceeds Expectations,5,Very Satisfied,1,Yes,None,28,2,8.3,19,No,26-35,50K-75K,10+ Years
EMP11045,Neha,Patel,Male,29,Marketing,Marketing Manager,Hyderabad,Master's,Full-Time,Hybrid,2021-05-15,5.3,85200,Needs Improvement,4,Satisfied,3,No,Rarely,16,1,2.2,11,No,26-35,75K-100K,5-10 Years
EMP11046,Aisha,Singh,Male,38,Technology,Data Analyst,Hyderabad,MBA,Full-Time,Onsite,2018-12-20,7.7,103000,Meets Expectations,4,Satisfied,2,No,Rarely,38,0,5.0,10,No,36-45,100K-150K,5-10 Years
EMP11047,Kiran,Verma,Male,39,Technology,Software Engineer,Bengaluru,Master's,Full-Time,Onsite,2015-06-21,11.2,91100,Meets Expectations,5,Very Satisfied,4,No,None,20,0,0.6,8,No,36-45,75K-100K,10+ Years
EMP11048,Rahul,Singh,Male,47,Marketing,Marketing Manager,Chennai,Diploma,Full-Time,Hybrid,2018-04-08,8.4,60800,Meets Expectations,5,Very Satisfied,4,Yes,None,4,1,0.2,11,No,46-55,50K-75K,5-10 Years
EMP11049,Rohit,Patel,Female,23,Marketing,Marketing Executive,Mumbai,Bachelor's,Full-Time,Hybrid,2015-06-21,11.2,90500,Meets Expectations,5,Very Satisfied,4,No,None,9,3,5.2,3,No,21-25,75K-100K,10+ Years
EMP11050,Nikhil,Kumar,Male,32,Sales,Account Manager,Mumbai,Master's,Contract,Remote,2016-09-01,10.0,75200,Meets Expectations,1,Very Dissatisfied,5,No,None,31,1,9.8,15,No,26-35,75K-100K,5-10 Years
EMP11051,Isha,Gupta,Male,55,Human Resources,HR Analyst,Kolkata,Bachelor's,Full-Time,Hybrid,2017-06-20,9.2,78200,Meets Expectations,5,Very Satisfied,2,No,None,23,3,4.7,2,No,46-55,75K-100K,5-10 Years
EMP11052,Nikhil,Singh,Female,57,Finance,Financial Analyst,Ahmedabad,Bachelor's,Full-Time,Onsite,2016-11-13,9.8,74800,Meets Expectations,3,Neutral,2,No,None,13,3,6.7,6,No,56+,50K-75K,5-10 Years
EMP11053,Aisha,Iyer,Male,58,Human Resources,HR Analyst,Ahmedabad,Bachelor's,Contract,Onsite,2014-09-01,12.0,91500,Needs Improvement,4,Satisfied,2,Yes,Frequently,8,3,5.8,18,No,56+,75K-100K,10+ Years
EMP11054,Isha,Joshi,Female,33,Customer Support,Customer Success Specialist,Pune,Master's,Full-Time,Hybrid,2015-12-20,10.7,59700,Meets Expectations,4,Satisfied,5,No,Rarely,27,2,5.3,17,No,26-35,50K-75K,10+ Years
EMP11055,Priya,Reddy,Male,26,Sales,Business Development Executive,Chennai,Master's,Contract,Hybrid,2014-10-08,11.9,58800,Meets Expectations,4,Satisfied,3,No,None,10,0,7.4,8,No,26-35,50K-75K,10+ Years
EMP11056,Kiran,Gupta,Male,28,Customer Support,Team Lead,Delhi NCR,Bachelor's,Full-Time,Hybrid,2024-04-08,2.4,69400,Meets Expectations,5,Very Satisfied,4,No,None,3,1,11.4,21,No,26-35,50K-75K,1-3 Years
EMP11057,Divya,Gupta,Female,26,Human Resources,HR Executive,Pune,MBA,Full-Time,Hybrid,2016-06-20,10.2,87100,Meets Expectations,1,Very Dissatisfied,2,Yes,Frequently,22,2,6.7,11,No,26-35,75K-100K,10+ Years
EMP11058,Sneha,Sharma,Female,59,Operations,Operations Manager,Ahmedabad,MBA,Full-Time,Onsite,2015-07-27,11.1,70800,Needs Improvement,5,Very Satisfied,5,No,None,35,3,10.2,3,No,56+,50K-75K,10+ Years
EMP11059,Kavya,Das,Female,56,Finance,Finance Manager,Bengaluru,Diploma,Contract,Remote,2022-01-25,4.6,93600,Meets Expectations,2,Dissatisfied,3,Yes,Rarely,12,3,4.2,21,Yes,56+,75K-100K,3-5 Years
EMP11060,Divya,Verma,Female,53,Finance,Accountant,Chennai,Master's,Full-Time,Onsite,2013-07-27,13.1,73500,Needs Improvement,2,Dissatisfied,5,No,None,28,1,3.5,8,No,46-55,50K-75K,10+ Years
EMP11061,Sneha,Das,Male,50,Operations,Operations Analyst,Kolkata,Master's,Full-Time,Onsite,2021-12-20,4.7,60300,Outstanding,4,Satisfied,3,No,Frequently,18,2,1.1,9,No,46-55,50K-75K,3-5 Years
EMP11062,Priya,Rao,Male,34,Marketing,Content Specialist,Hyderabad,Bachelor's,Full-Time,Hybrid,2022-11-14,3.8,53500,Meets Expectations,5,Very Satisfied,1,No,None,39,2,7.1,3,No,26-35,50K-75K,3-5 Years
EMP11063,Isha,Rao,Female,40,Technology,Data Analyst,Ahmedabad,Bachelor's,Contract,Hybrid,2013-09-01,13.0,100300,Meets Expectations,1,Very Dissatisfied,2,No,None,24,3,8.9,5,Yes,36-45,100K-150K,10+ Years
EMP11064,Aditya,Nair,Female,54,Marketing,Marketing Executive,Hyderabad,Bachelor's,Full-Time,Hybrid,2022-10-08,3.9,62800,Outstanding,5,Very Satisfied,3,No,Rarely,20,0,7.6,2,No,46-55,50K-75K,3-5 Years
EMP11065,Divya,Das,Male,53,Operations,Operations Analyst,Pune,MBA,Contract,Hybrid,2020-05-14,6.3,53100,Meets Expectations,2,Dissatisfied,1,No,None,9,3,10.2,11,No,46-55,50K-75K,5-10 Years
EMP11066,Kiran,Das,Male,41,Finance,Accountant,Chennai,Master's,Full-Time,Hybrid,2021-01-25,5.6,104200,Needs Improvement,5,Very Satisfied,4,No,Rarely,36,1,2.7,13,No,36-45,100K-150K,5-10 Years
EMP11067,Divya,Rao,Female,54,Customer Support,Customer Success Specialist,Delhi NCR,Bachelor's,Contract,Hybrid,2013-03-03,13.5,38600,Meets Expectations,1,Very Dissatisfied,2,No,None,1,3,8.0,12,Yes,46-55,<50K,10+ Years
EMP11068,Ananya,Verma,Female,34,Marketing,Marketing Executive,Pune,Bachelor's,Full-Time,Hybrid,2019-10-08,6.9,86800,Meets Expectations,4,Satisfied,5,Yes,None,22,3,6.1,6,No,26-35,75K-100K,5-10 Years
EMP11069,Pooja,Iyer,Female,37,Finance,Financial Analyst,Mumbai,Bachelor's,Full-Time,Hybrid,2016-03-02,10.5,65200,Needs Improvement,3,Neutral,5,No,None,10,2,3.9,0,No,36-45,50K-75K,10+ Years
EMP11070,Rohit,Joshi,Male,54,Sales,Business Development Executive,Pune,Bachelor's,Full-Time,Onsite,2014-09-01,12.0,40300,Meets Expectations,5,Very Satisfied,1,Yes,Rarely,21,1,6.0,6,No,46-55,<50K,10+ Years
EMP11071,Aisha,Singh,Male,36,Marketing,Marketing Executive,Pune,Master's,Full-Time,Hybrid,2017-03-03,9.5,45600,Exceeds Expectations,3,Neutral,2,Yes,Frequently,40,1,8.7,22,Yes,36-45,<50K,5-10 Years
EMP11072,Ananya,Gupta,Female,51,Technology,BI Analyst,Chennai,Master's,Contract,Hybrid,2012-06-20,14.2,88600,Meets Expectations,1,Very Dissatisfied,4,No,None,3,2,10.7,9,No,46-55,75K-100K,10+ Years
EMP11073,Sneha,Reddy,Male,39,Operations,Operations Manager,Pune,Master's,Contract,Onsite,2014-07-27,12.1,58000,Needs Improvement,1,Very Dissatisfied,5,No,Frequently,2,1,7.3,5,No,36-45,50K-75K,10+ Years
EMP11074,Ananya,Singh,Female,32,Human Resources,Recruiter,Mumbai,Master's,Full-Time,Onsite,2020-07-26,6.1,58100,Meets Expectations,2,Dissatisfied,5,No,Frequently,33,1,8.0,15,No,26-35,50K-75K,5-10 Years
EMP11075,Divya,Verma,Female,29,Human Resources,HR Manager,Chennai,MBA,Full-Time,Remote,2012-05-14,14.3,75700,Needs Improvement,5,Very Satisfied,1,Yes,None,28,0,11.2,11,No,26-35,75K-100K,10+ Years
EMP11076,Neha,Singh,Female,45,Technology,Software Engineer,Pune,Bachelor's,Full-Time,Hybrid,2018-09-01,8.0,92600,Meets Expectations,1,Very Dissatisfied,2,No,None,16,0,8.9,6,No,36-45,75K-100K,5-10 Years
EMP11077,Kiran,Iyer,Male,40,Marketing,Digital Marketing Analyst,Chennai,Bachelor's,Full-Time,Remote,2026-03-03,0.5,47400,Meets Expectations,5,Very Satisfied,1,No,None,9,3,2.8,6,Yes,36-45,<50K,<1 Year
EMP11078,Sneha,Joshi,Female,35,Technology,Software Engineer,Chennai,Master's,Full-Time,Hybrid,2022-09-01,4.0,82900,Meets Expectations,3,Neutral,2,No,None,24,3,9.2,12,Yes,26-35,75K-100K,3-5 Years
EMP11079,Vikram,Sharma,Female,50,Finance,Finance Manager,Chennai,MBA,Full-Time,Onsite,2017-04-08,9.4,54700,Meets Expectations,3,Neutral,4,No,Rarely,10,2,1.7,22,No,46-55,50K-75K,5-10 Years
EMP11080,Kavya,Patel,Male,21,Operations,Operations Manager,Delhi NCR,Bachelor's,Full-Time,Onsite,2024-03-02,2.5,40300,Meets Expectations,5,Very Satisfied,2,No,None,26,2,1.8,18,No,21-25,<50K,1-3 Years
EMP11081,Sanjay,Reddy,Male,24,Customer Support,Team Lead,Pune,Bachelor's,Contract,Hybrid,2017-11-13,8.8,40300,Meets Expectations,4,Satisfied,4,No,None,16,0,11.4,12,No,21-25,<50K,5-10 Years
EMP11082,Rahul,Reddy,Male,59,Customer Support,Customer Success Specialist,Mumbai,Bachelor's,Full-Time,Hybrid,2021-01-25,5.6,59400,Exceeds Expectations,4,Satisfied,2,No,Rarely,31,2,1.5,1,Yes,56+,50K-75K,5-10 Years
EMP11083,Rahul,Verma,Male,47,Customer Support,Support Executive,Chennai,MBA,Contract,Hybrid,2018-07-27,8.1,59200,Meets Expectations,5,Very Satisfied,3,No,None,26,3,10.0,15,No,46-55,50K-75K,5-10 Years
EMP11084,Nikhil,Das,Male,42,Human Resources,HR Manager,Kolkata,Bachelor's,Full-Time,Hybrid,2026-06-20,0.2,85400,Meets Expectations,3,Neutral,3,No,Frequently,23,3,8.2,4,No,36-45,75K-100K,<1 Year
EMP11085,Sanjay,Nair,Male,21,Technology,BI Analyst,Mumbai,Bachelor's,Contract,Hybrid,2013-11-13,12.8,111600,Exceeds Expectations,5,Very Satisfied,2,Yes,Rarely,3,0,9.1,19,No,21-25,100K-150K,10+ Years
EMP11086,Isha,Rao,Female,44,Operations,Process Associate,Pune,MBA,Full-Time,Onsite,2021-01-25,5.6,61600,Meets Expectations,4,Satisfied,1,No,None,25,2,6.8,12,No,36-45,50K-75K,5-10 Years
EMP11087,Sneha,Singh,Female,38,Operations,Operations Analyst,Bengaluru,MBA,Contract,Onsite,2024-05-14,2.3,51600,Meets Expectations,5,Very Satisfied,2,No,None,28,1,9.1,3,No,36-45,50K-75K,1-3 Years
EMP11088,Aisha,Kumar,Female,44,Customer Support,Customer Success Specialist,Chennai,Bachelor's,Full-Time,Remote,2019-12-20,6.7,32500,Outstanding,3,Neutral,4,No,None,21,0,11.5,6,No,36-45,<50K,5-10 Years
EMP11089,Aditya,Joshi,Female,22,Marketing,Digital Marketing Analyst,Pune,Bachelor's,Full-Time,Hybrid,2019-04-09,7.4,77300,Meets Expectations,4,Satisfied,4,No,Frequently,24,3,9.0,9,No,21-25,75K-100K,5-10 Years
EMP11090,Arjun,Das,Male,43,Sales,Sales Manager,Mumbai,Bachelor's,Full-Time,Hybrid,2017-01-25,9.6,52600,Outstanding,3,Neutral,1,No,None,25,2,4.0,21,No,36-45,50K-75K,5-10 Years
EMP11091,Aarav,Singh,Female,44,Human Resources,HR Executive,Bengaluru,Bachelor's,Full-Time,Remote,2018-09-01,8.0,54600,Meets Expectations,5,Very Satisfied,2,No,Frequently,9,1,10.8,14,No,36-45,50K-75K,5-10 Years
EMP11092,Vihaan,Kumar,Male,32,Human Resources,HR Manager,Ahmedabad,Bachelor's,Contract,Hybrid,2025-11-13,0.8,91100,Needs Improvement,4,Satisfied,5,Yes,Frequently,18,2,5.8,1,Yes,26-35,75K-100K,<1 Year
EMP11093,Aditya,Rao,Male,23,Operations,Operations Executive,Kolkata,Bachelor's,Contract,Hybrid,2013-07-27,13.1,45300,Exceeds Expectations,1,Very Dissatisfied,5,Yes,None,5,1,2.1,11,Yes,21-25,<50K,10+ Years
EMP11094,Kavya,Nair,Female,59,Finance,Accountant,Mumbai,Diploma,Full-Time,Hybrid,2019-09-02,7.0,50600,Meets Expectations,3,Neutral,1,No,Rarely,31,0,10.9,7,No,56+,50K-75K,5-10 Years
EMP11095,Sanjay,Patel,Female,49,Finance,Accountant,Delhi NCR,Bachelor's,Full-Time,Hybrid,2025-05-15,1.3,104300,Meets Expectations,1,Very Dissatisfied,4,Yes,Rarely,5,1,5.1,18,No,46-55,100K-150K,1-3 Years
EMP11096,Nikhil,Singh,Male,45,Sales,Sales Manager,Pune,Master's,Contract,Remote,2015-01-26,11.6,53300,Needs Improvement,4,Satisfied,4,No,None,33,2,3.1,0,Yes,36-45,50K-75K,10+ Years
EMP11097,Neha,Reddy,Female,51,Operations,Operations Manager,Mumbai,Bachelor's,Contract,Onsite,2016-09-01,10.0,55200,Needs Improvement,4,Satisfied,1,Yes,Frequently,26,0,7.7,20,No,46-55,50K-75K,5-10 Years
EMP11098,Nikhil,Nair,Male,47,Operations,Process Associate,Hyderabad,Bachelor's,Full-Time,Hybrid,2016-11-13,9.8,41100,Needs Improvement,5,Very Satisfied,2,No,None,21,2,11.9,0,No,46-55,<50K,5-10 Years
EMP11099,Aarav,Joshi,Female,26,Sales,Business Development Executive,Bengaluru,Bachelor's,Full-Time,Remote,2020-03-02,6.5,57900,Exceeds Expectations,1,Very Dissatisfied,1,No,Frequently,20,1,10.2,12,Yes,26-35,50K-75K,5-10 Years
EMP11100,Aarav,Das,Male,39,Human Resources,HR Executive,Mumbai,Bachelor's,Full-Time,Hybrid,2020-05-14,6.3,91000,Meets Expectations,3,Neutral,4,No,Rarely,6,2,3.2,1,No,36-45,75K-100K,5-10 Years
EMP11101,Arjun,Das,Male,56,Human Resources,HR Executive,Hyderabad,Bachelor's,Full-Time,Hybrid,2018-07-27,8.1,77000,Needs Improvement,2,Dissatisfied,5,No,None,26,0,8.6,8,No,56+,75K-100K,5-10 Years
EMP11102,Vikram,Reddy,Male,32,Human Resources,HR Manager,Ahmedabad,Bachelor's,Full-Time,Onsite,2025-10-08,0.9,65900,Exceeds Expectations,3,Neutral,1,Yes,None,15,0,3.2,9,Yes,26-35,50K-75K,<1 Year
EMP11103,Pooja,Joshi,Male,59,Customer Support,Customer Success Specialist,Delhi NCR,Bachelor's,Full-Time,Onsite,2022-01-25,4.6,44100,Meets Expectations,5,Very Satisfied,2,No,None,32,2,6.2,13,No,56+,<50K,3-5 Years
EMP11104,Arjun,Das,Female,23,Technology,Software Engineer,Delhi NCR,Bachelor's,Full-Time,Onsite,2011-11-14,14.8,84200,Needs Improvement,3,Neutral,3,No,None,34,2,1.9,7,No,21-25,75K-100K,10+ Years
EMP11105,Neha,Patel,Female,34,Finance,Senior Accountant,Ahmedabad,Bachelor's,Full-Time,Hybrid,2016-09-01,10.0,84500,Meets Expectations,3,Neutral,1,No,Rarely,37,2,3.6,20,No,26-35,75K-100K,5-10 Years
EMP11106,Aarav,Gupta,Female,35,Technology,BI Analyst,Chennai,Bachelor's,Contract,Onsite,2020-04-08,6.4,76400,Exceeds Expectations,5,Very Satisfied,2,Yes,None,37,0,11.9,9,No,26-35,75K-100K,5-10 Years
EMP11107,Aditya,Sharma,Female,45,Technology,Software Engineer,Kolkata,Master's,Contract,Hybrid,2023-03-03,3.5,69200,Needs Improvement,3,Neutral,2,No,Frequently,31,1,5.6,20,No,36-45,50K-75K,3-5 Years
EMP11108,Vikram,Joshi,Male,28,Customer Support,Team Lead,Hyderabad,Master's,Full-Time,Hybrid,2015-06-21,11.2,59200,Outstanding,3,Neutral,1,No,None,10,0,9.0,8,Yes,26-35,50K-75K,10+ Years
EMP11109,Sneha,Sharma,Female,30,Customer Support,Support Analyst,Kolkata,Bachelor's,Full-Time,Onsite,2022-07-27,4.1,65900,Meets Expectations,3,Neutral,4,No,None,11,2,5.4,15,No,26-35,50K-75K,3-5 Years
EMP11110,Isha,Sharma,Male,47,Sales,Sales Manager,Hyderabad,MBA,Full-Time,Onsite,2024-01-26,2.6,81200,Outstanding,5,Very Satisfied,4,No,None,38,3,0.2,1,No,46-55,75K-100K,1-3 Years
EMP11111,Neha,Gupta,Male,32,Marketing,Content Specialist,Hyderabad,Bachelor's,Full-Time,Hybrid,2024-03-02,2.5,87400,Needs Improvement,3,Neutral,1,No,None,39,3,7.9,7,No,26-35,75K-100K,1-3 Years
EMP11112,Pooja,Das,Female,56,Technology,Data Analyst,Delhi NCR,Master's,Contract,Hybrid,2015-09-02,11.0,95700,Meets Expectations,4,Satisfied,1,No,Rarely,11,1,5.1,13,No,56+,75K-100K,10+ Years
EMP11113,Nikhil,Das,Female,55,Technology,Data Analyst,Delhi NCR,Bachelor's,Full-Time,Hybrid,2016-12-20,9.7,113900,Needs Improvement,1,Very Dissatisfied,1,Yes,None,26,1,3.3,7,No,46-55,100K-150K,5-10 Years
EMP11114,Rahul,Iyer,Male,33,Finance,Finance Manager,Pune,Bachelor's,Full-Time,Hybrid,2025-06-20,1.2,102900,Outstanding,1,Very Dissatisfied,5,Yes,Rarely,37,2,2.5,7,Yes,26-35,100K-150K,1-3 Years
EMP11115,Nikhil,Sharma,Female,43,Technology,Software Engineer,Bengaluru,Bachelor's,Full-Time,Hybrid,2024-10-08,1.9,60100,Needs Improvement,1,Very Dissatisfied,3,No,Rarely,34,0,5.9,10,No,36-45,50K-75K,1-3 Years
EMP11116,Kiran,Nair,Female,34,Human Resources,HR Executive,Pune,Bachelor's,Contract,Hybrid,2017-01-25,9.6,62800,Meets Expectations,3,Neutral,3,No,None,38,1,10.8,12,No,26-35,50K-75K,5-10 Years
EMP11117,Vikram,Patel,Male,34,Customer Support,Team Lead,Chennai,Master's,Contract,Hybrid,2017-12-20,8.7,40100,Meets Expectations,4,Satisfied,1,Yes,None,14,1,4.2,10,No,26-35,<50K,5-10 Years
EMP11118,Vihaan,Iyer,Female,47,Marketing,Marketing Executive,Bengaluru,Bachelor's,Full-Time,Hybrid,2016-04-08,10.4,95500,Meets Expectations,2,Dissatisfied,1,No,None,20,2,6.9,18,No,46-55,75K-100K,10+ Years
EMP11119,Aisha,Patel,Male,32,Operations,Operations Manager,Ahmedabad,MBA,Full-Time,Hybrid,2023-11-14,2.8,79300,Meets Expectations,5,Very Satisfied,5,Yes,None,24,0,0.8,13,Yes,26-35,75K-100K,1-3 Years
EMP11120,Meera,Singh,Male,26,Human Resources,HR Analyst,Ahmedabad,Bachelor's,Contract,Onsite,2015-09-02,11.0,82400,Exceeds Expectations,1,Very Dissatisfied,5,No,Rarely,38,0,8.7,20,No,26-35,75K-100K,10+ Years
EMP11121,Vihaan,Patel,Female,31,Sales,Sales Executive,Chennai,Bachelor's,Full-Time,Remote,2012-07-26,14.1,52800,Meets Expectations,4,Satisfied,3,Yes,None,40,1,9.4,4,No,26-35,50K-75K,10+ Years
EMP11122,Vihaan,Nair,Female,58,Sales,Sales Manager,Pune,Bachelor's,Full-Time,Hybrid,2017-07-27,9.1,83600,Meets Expectations,2,Dissatisfied,1,No,None,22,0,4.7,20,No,56+,75K-100K,5-10 Years
EMP11123,Isha,Joshi,Female,31,Technology,IT Support Specialist,Bengaluru,MBA,Contract,Hybrid,2023-07-27,3.1,60600,Exceeds Expectations,1,Very Dissatisfied,1,Yes,None,34,2,5.4,7,Yes,26-35,50K-75K,3-5 Years
EMP11124,Meera,Verma,Male,35,Technology,Data Analyst,Bengaluru,Bachelor's,Full-Time,Hybrid,2016-05-14,10.3,71700,Needs Improvement,4,Satisfied,5,No,None,15,3,1.0,8,No,26-35,50K-75K,10+ Years
EMP11125,Aarav,Singh,Male,46,Operations,Operations Executive,Hyderabad,Bachelor's,Full-Time,Hybrid,2021-05-15,5.3,65300,Meets Expectations,3,Neutral,3,Yes,Frequently,24,2,11.1,18,No,46-55,50K-75K,5-10 Years
EMP11126,Sneha,Singh,Male,25,Operations,Operations Executive,Pune,Master's,Contract,Onsite,2025-10-08,0.9,73200,Meets Expectations,4,Satisfied,2,No,Frequently,33,1,6.7,4,No,21-25,50K-75K,<1 Year
EMP11127,Nikhil,Nair,Male,31,Operations,Operations Executive,Ahmedabad,Bachelor's,Contract,Onsite,2021-12-20,4.7,77300,Meets Expectations,5,Very Satisfied,1,No,Rarely,36,2,1.8,20,No,26-35,75K-100K,3-5 Years
EMP11128,Aisha,Gupta,Male,27,Marketing,Content Specialist,Delhi NCR,Bachelor's,Full-Time,Onsite,2013-01-25,13.6,59200,Outstanding,3,Neutral,3,No,None,4,3,9.0,12,No,26-35,50K-75K,10+ Years
EMP11129,Ananya,Kumar,Female,57,Human Resources,HR Analyst,Hyderabad,Bachelor's,Full-Time,Hybrid,2020-05-14,6.3,61700,Meets Expectations,5,Very Satisfied,5,No,None,2,3,9.4,13,No,56+,50K-75K,5-10 Years
EMP11130,Rahul,Singh,Female,58,Marketing,Digital Marketing Analyst,Chennai,MBA,Contract,Hybrid,2013-09-01,13.0,67200,Meets Expectations,3,Neutral,5,No,None,8,2,2.6,20,No,56+,50K-75K,10+ Years
EMP11131,Kiran,Iyer,Female,51,Finance,Financial Analyst,Pune,Diploma,Contract,Hybrid,2018-12-20,7.7,50300,Meets Expectations,2,Dissatisfied,4,No,Frequently,4,1,5.6,12,Yes,46-55,50K-75K,5-10 Years
EMP11132,Sneha,Iyer,Female,30,Marketing,Digital Marketing Analyst,Kolkata,Bachelor's,Full-Time,Onsite,2018-10-08,7.9,88600,Meets Expectations,2,Dissatisfied,1,Yes,None,8,0,5.4,18,Yes,26-35,75K-100K,5-10 Years
EMP11133,Kiran,Singh,Male,45,Operations,Process Associate,Mumbai,Master's,Contract,Remote,2026-05-15,0.3,52700,Needs Improvement,2,Dissatisfied,4,Yes,None,38,1,4.6,6,No,36-45,50K-75K,<1 Year
EMP11134,Aditya,Das,Female,47,Operations,Operations Analyst,Delhi NCR,Bachelor's,Full-Time,Hybrid,2017-01-25,9.6,46500,Meets Expectations,5,Very Satisfied,4,Yes,Rarely,25,0,10.4,10,Yes,46-55,<50K,5-10 Years
EMP11135,Ananya,Sharma,Female,55,Marketing,Marketing Manager,Hyderabad,MBA,Contract,Hybrid,2024-11-13,1.8,64900,Meets Expectations,3,Neutral,5,No,Rarely,3,1,8.5,5,No,46-55,50K-75K,1-3 Years
EMP11136,Kavya,Joshi,Male,27,Sales,Sales Executive,Pune,Bachelor's,Contract,Hybrid,2019-05-15,7.3,72300,Exceeds Expectations,5,Very Satisfied,1,No,None,29,0,10.6,17,No,26-35,50K-75K,5-10 Years
EMP11137,Aisha,Patel,Male,50,Operations,Operations Executive,Pune,Bachelor's,Full-Time,Hybrid,2022-07-27,4.1,76700,Needs Improvement,2,Dissatisfied,5,No,None,38,1,6.5,20,No,46-55,75K-100K,3-5 Years
EMP11138,Sneha,Gupta,Female,28,Finance,Finance Manager,Ahmedabad,Diploma,Full-Time,Hybrid,2020-09-01,6.0,61300,Meets Expectations,4,Satisfied,4,No,Frequently,34,2,9.8,4,No,26-35,50K-75K,5-10 Years
EMP11139,Nikhil,Gupta,Female,43,Operations,Operations Executive,Kolkata,Bachelor's,Full-Time,Onsite,2018-07-27,8.1,45300,Meets Expectations,1,Very Dissatisfied,4,No,None,35,1,3.0,21,No,36-45,<50K,5-10 Years
EMP11140,Isha,Joshi,Non-Binary,56,Human Resources,HR Analyst,Hyderabad,MBA,Full-Time,Hybrid,2026-04-08,0.4,89600,Meets Expectations,2,Dissatisfied,1,Yes,Frequently,36,1,3.5,0,Yes,56+,75K-100K,<1 Year
EMP11141,Sanjay,Iyer,Male,23,Customer Support,Customer Success Specialist,Bengaluru,Master's,Full-Time,Hybrid,2022-04-08,4.4,53600,Meets Expectations,1,Very Dissatisfied,5,No,None,30,2,6.0,18,No,21-25,50K-75K,3-5 Years
EMP11142,Sneha,Singh,Female,26,Finance,Financial Analyst,Delhi NCR,Bachelor's,Contract,Hybrid,2011-11-14,14.8,70100,Exceeds Expectations,5,Very Satisfied,1,No,Frequently,35,3,6.0,21,Yes,26-35,50K-75K,10+ Years
EMP11143,Meera,Verma,Female,53,Customer Support,Support Analyst,Pune,Bachelor's,Full-Time,Hybrid,2025-09-01,1.0,40000,Meets Expectations,2,Dissatisfied,2,No,Frequently,32,1,0.7,18,Yes,46-55,<50K,<1 Year
EMP11144,Divya,Gupta,Female,21,Operations,Process Associate,Mumbai,Master's,Full-Time,Onsite,2021-10-08,4.9,82300,Needs Improvement,5,Very Satisfied,1,No,None,27,0,7.1,21,No,21-25,75K-100K,3-5 Years
EMP11145,Nikhil,Gupta,Male,48,Finance,Financial Analyst,Chennai,Master's,Full-Time,Hybrid,2021-09-01,5.0,90800,Meets Expectations,3,Neutral,2,No,Frequently,8,0,0.4,20,Yes,46-55,75K-100K,3-5 Years
EMP11146,Sanjay,Singh,Female,41,Human Resources,HR Manager,Pune,Bachelor's,Full-Time,Hybrid,2020-11-13,5.8,53000,Meets Expectations,1,Very Dissatisfied,4,No,None,37,1,2.5,16,No,36-45,50K-75K,5-10 Years
EMP11147,Pooja,Singh,Male,34,Human Resources,Recruiter,Bengaluru,Bachelor's,Full-Time,Hybrid,2016-05-14,10.3,46600,Meets Expectations,2,Dissatisfied,5,No,None,3,1,3.9,4,No,26-35,<50K,10+ Years
EMP11148,Priya,Gupta,Male,55,Operations,Operations Manager,Chennai,Master's,Full-Time,Remote,2022-10-08,3.9,46500,Outstanding,2,Dissatisfied,5,No,None,11,0,10.1,7,No,46-55,<50K,3-5 Years
EMP11149,Aisha,Iyer,Female,54,Marketing,Marketing Executive,Kolkata,Bachelor's,Contract,Onsite,2019-09-02,7.0,56400,Exceeds Expectations,3,Neutral,1,No,Rarely,29,1,2.5,4,No,46-55,50K-75K,5-10 Years
EMP11150,Vihaan,Sharma,Male,34,Operations,Process Associate,Mumbai,Master's,Full-Time,Hybrid,2016-12-20,9.7,42500,Meets Expectations,2,Dissatisfied,5,Yes,None,29,2,4.8,1,No,26-35,<50K,5-10 Years
EMP11151,Isha,Kumar,Male,21,Finance,Financial Analyst,Bengaluru,Bachelor's,Full-Time,Hybrid,2021-09-01,5.0,62200,Needs Improvement,4,Satisfied,1,No,None,36,1,7.8,10,No,21-25,50K-75K,3-5 Years
EMP11152,Aditya,Das,Male,26,Human Resources,HR Manager,Pune,MBA,Contract,Hybrid,2012-06-20,14.2,47900,Meets Expectations,4,Satisfied,4,No,Frequently,3,0,2.0,0,No,26-35,<50K,10+ Years
EMP11153,Vikram,Gupta,Female,25,Human Resources,Recruiter,Delhi NCR,Bachelor's,Full-Time,Remote,2011-12-20,14.7,61000,Outstanding,1,Very Dissatisfied,1,No,Frequently,32,1,1.1,4,Yes,21-25,50K-75K,10+ Years
EMP11154,Arjun,Rao,Male,60,Customer Support,Customer Success Specialist,Mumbai,Bachelor's,Contract,Hybrid,2024-09-01,2.0,51100,Needs Improvement,3,Neutral,5,Yes,None,5,2,0.3,0,No,56+,50K-75K,1-3 Years
EMP11155,Meera,Singh,Female,44,Finance,Financial Analyst,Ahmedabad,MBA,Full-Time,Hybrid,2021-05-15,5.3,75400,Needs Improvement,3,Neutral,2,No,None,24,1,11.6,17,No,36-45,75K-100K,5-10 Years
EMP11156,Aditya,Iyer,Female,48,Marketing,Marketing Manager,Mumbai,MBA,Full-Time,Onsite,2023-05-15,3.3,86800,Meets Expectations,2,Dissatisfied,5,No,None,9,2,0.7,6,No,46-55,75K-100K,3-5 Years
EMP11157,Ananya,Joshi,Female,30,Sales,Sales Executive,Ahmedabad,MBA,Full-Time,Remote,2023-09-02,3.0,50900,Exceeds Expectations,4,Satisfied,3,No,None,23,3,7.9,19,No,26-35,50K-75K,1-3 Years
EMP11158,Aditya,Joshi,Male,55,Operations,Operations Manager,Kolkata,Bachelor's,Contract,Hybrid,2019-03-03,7.5,77400,Outstanding,2,Dissatisfied,3,Yes,Frequently,4,3,0.2,6,Yes,46-55,75K-100K,5-10 Years
EMP11159,Aarav,Patel,Female,49,Finance,Senior Accountant,Kolkata,Bachelor's,Full-Time,Onsite,2018-03-03,8.5,101900,Meets Expectations,5,Very Satisfied,3,No,Frequently,1,0,10.0,13,No,46-55,100K-150K,5-10 Years
EMP11160,Kiran,Gupta,Female,51,Finance,Accountant,Bengaluru,Bachelor's,Full-Time,Hybrid,2020-03-02,6.5,104900,Exceeds Expectations,3,Neutral,2,No,None,39,0,8.1,5,No,46-55,100K-150K,5-10 Years
EMP11161,Vihaan,Iyer,Female,39,Marketing,Marketing Executive,Chennai,MBA,Full-Time,Hybrid,2022-06-20,4.2,52900,Meets Expectations,2,Dissatisfied,3,No,None,20,0,11.8,13,No,36-45,50K-75K,3-5 Years
EMP11162,Kiran,Patel,Female,48,Human Resources,HR Executive,Pune,Master's,Full-Time,Remote,2022-05-15,4.3,54400,Meets Expectations,4,Satisfied,4,No,None,19,2,11.2,20,No,46-55,50K-75K,3-5 Years
EMP11163,Arjun,Kumar,Female,42,Operations,Operations Executive,Hyderabad,Bachelor's,Full-Time,Onsite,2011-10-08,14.9,65600,Meets Expectations,4,Satisfied,1,No,None,16,2,11.6,8,Yes,36-45,50K-75K,10+ Years
EMP11164,Kavya,Gupta,Male,36,Human Resources,HR Executive,Mumbai,Bachelor's,Full-Time,Hybrid,2012-10-08,13.9,49100,Exceeds Expectations,3,Neutral,1,Yes,None,37,1,1.1,3,No,36-45,<50K,10+ Years
EMP11165,Arjun,Kumar,Male,44,Human Resources,HR Executive,Hyderabad,MBA,Contract,Hybrid,2025-05-15,1.3,46300,Meets Expectations,4,Satisfied,3,No,None,32,0,7.1,6,No,36-45,<50K,1-3 Years
EMP11166,Sanjay,Das,Male,33,Sales,Sales Manager,Delhi NCR,Bachelor's,Full-Time,Onsite,2016-10-08,9.9,42400,Outstanding,2,Dissatisfied,5,Yes,None,19,1,9.0,2,No,26-35,<50K,5-10 Years
EMP11167,Aarav,Joshi,Male,59,Sales,Account Manager,Pune,Bachelor's,Full-Time,Hybrid,2019-09-02,7.0,67400,Meets Expectations,5,Very Satisfied,2,Yes,None,5,0,1.7,16,No,56+,50K-75K,5-10 Years
EMP11168,Meera,Rao,Female,49,Finance,Senior Accountant,Pune,Bachelor's,Full-Time,Hybrid,2016-04-08,10.4,95800,Meets Expectations,4,Satisfied,3,No,Frequently,28,3,2.7,9,No,46-55,75K-100K,10+ Years
EMP11169,Nikhil,Iyer,Male,50,Customer Support,Team Lead,Bengaluru,Bachelor's,Contract,Hybrid,2017-09-01,9.0,42300,Exceeds Expectations,2,Dissatisfied,5,Yes,Rarely,8,1,5.0,11,No,46-55,<50K,5-10 Years
EMP11170,Rohit,Gupta,Male,49,Customer Support,Team Lead,Pune,Bachelor's,Full-Time,Remote,2013-04-08,13.4,68400,Needs Improvement,5,Very Satisfied,2,Yes,None,13,3,10.2,17,No,46-55,50K-75K,10+ Years
EMP11171,Rohit,Singh,Male,38,Marketing,Marketing Manager,Chennai,Bachelor's,Full-Time,Remote,2025-06-20,1.2,84800,Needs Improvement,5,Very Satisfied,2,No,None,27,3,9.8,12,Yes,36-45,75K-100K,1-3 Years
EMP11172,Vihaan,Joshi,Female,59,Marketing,Digital Marketing Analyst,Ahmedabad,Bachelor's,Full-Time,Hybrid,2021-04-08,5.4,47500,Exceeds Expectations,1,Very Dissatisfied,5,No,Frequently,38,1,9.8,10,No,56+,<50K,5-10 Years
EMP11173,Kiran,Gupta,Male,29,Finance,Senior Accountant,Bengaluru,Bachelor's,Full-Time,Onsite,2011-11-14,14.8,72600,Outstanding,4,Satisfied,3,Yes,None,9,0,3.4,3,No,26-35,50K-75K,10+ Years
EMP11174,Isha,Reddy,Female,43,Technology,Software Engineer,Hyderabad,Bachelor's,Full-Time,Remote,2023-10-08,2.9,63300,Meets Expectations,3,Neutral,1,Yes,Frequently,1,2,9.2,15,No,36-45,50K-75K,1-3 Years
EMP11175,Vikram,Joshi,Female,23,Sales,Account Manager,Pune,MBA,Contract,Onsite,2024-07-26,2.1,81800,Meets Expectations,4,Satisfied,2,No,None,17,0,1.3,8,No,21-25,75K-100K,1-3 Years
EMP11176,Isha,Rao,Male,32,Finance,Accountant,Delhi NCR,Master's,Full-Time,Hybrid,2015-09-02,11.0,92200,Meets Expectations,2,Dissatisfied,5,No,Frequently,28,2,11.4,15,No,26-35,75K-100K,10+ Years
EMP11177,Arjun,Singh,Male,43,Finance,Finance Manager,Kolkata,Bachelor's,Full-Time,Remote,2014-12-20,11.7,88900,Outstanding,2,Dissatisfied,5,Yes,None,26,2,6.1,0,Yes,36-45,75K-100K,10+ Years
EMP11178,Vikram,Joshi,Male,40,Technology,BI Analyst,Kolkata,Bachelor's,Full-Time,Onsite,2016-07-26,10.1,106400,Needs Improvement,2,Dissatisfied,5,No,Frequently,38,1,8.7,3,No,36-45,100K-150K,10+ Years
EMP11179,Sneha,Das,Male,58,Technology,IT Support Specialist,Delhi NCR,Bachelor's,Full-Time,Onsite,2014-12-20,11.7,78500,Meets Expectations,1,Very Dissatisfied,3,No,None,8,2,11.7,20,Yes,56+,75K-100K,10+ Years
EMP11180,Vihaan,Singh,Male,45,Sales,Business Development Executive,Pune,Bachelor's,Full-Time,Remote,2016-03-02,10.5,82700,Meets Expectations,5,Very Satisfied,4,No,Frequently,32,0,5.1,17,No,36-45,75K-100K,10+ Years
EMP11181,Vikram,Iyer,Male,37,Marketing,Digital Marketing Analyst,Delhi NCR,Master's,Full-Time,Onsite,2024-06-20,2.2,91700,Meets Expectations,2,Dissatisfied,1,No,Rarely,31,0,3.8,13,No,36-45,75K-100K,1-3 Years
EMP11182,Pooja,Joshi,Male,38,Customer Support,Team Lead,Chennai,Master's,Full-Time,Onsite,2017-06-20,9.2,60900,Meets Expectations,5,Very Satisfied,4,No,None,33,3,3.9,2,No,36-45,50K-75K,5-10 Years
EMP11183,Sanjay,Kumar,Male,45,Marketing,Marketing Executive,Delhi NCR,Bachelor's,Full-Time,Onsite,2014-12-20,11.7,68000,Meets Expectations,2,Dissatisfied,3,No,Rarely,36,1,1.3,13,No,36-45,50K-75K,10+ Years
EMP11184,Meera,Verma,Female,52,Human Resources,HR Manager,Mumbai,Bachelor's,Full-Time,Hybrid,2013-09-01,13.0,44400,Needs Improvement,2,Dissatisfied,1,No,None,12,2,8.2,16,Yes,46-55,<50K,10+ Years
EMP11185,Aditya,Gupta,Female,32,Finance,Financial Analyst,Ahmedabad,Bachelor's,Contract,Hybrid,2022-11-14,3.8,50400,Needs Improvement,5,Very Satisfied,5,No,None,12,3,12.0,18,No,26-35,50K-75K,3-5 Years
EMP11186,Divya,Singh,Female,44,Finance,Senior Accountant,Kolkata,Bachelor's,Full-Time,Hybrid,2024-07-26,2.1,56800,Meets Expectations,2,Dissatisfied,3,No,None,18,1,10.5,21,No,36-45,50K-75K,1-3 Years
EMP11187,Pooja,Verma,Female,43,Sales,Account Manager,Ahmedabad,Bachelor's,Full-Time,Remote,2014-11-14,11.8,66900,Outstanding,4,Satisfied,5,No,Rarely,14,1,11.6,19,No,36-45,50K-75K,10+ Years
EMP11188,Vikram,Iyer,Female,21,Marketing,Content Specialist,Kolkata,Bachelor's,Contract,Hybrid,2022-09-01,4.0,85200,Meets Expectations,1,Very Dissatisfied,5,No,Frequently,5,0,2.7,2,No,21-25,75K-100K,3-5 Years
EMP11189,Priya,Verma,Female,57,Human Resources,HR Executive,Chennai,Bachelor's,Full-Time,Hybrid,2025-12-20,0.7,89800,Exceeds Expectations,5,Very Satisfied,3,No,None,13,0,1.0,7,Yes,56+,75K-100K,<1 Year
EMP11190,Aditya,Reddy,Male,43,Sales,Account Manager,Chennai,Bachelor's,Full-Time,Onsite,2014-04-08,12.4,47200,Meets Expectations,4,Satisfied,1,Yes,Rarely,15,3,3.5,2,No,36-45,<50K,10+ Years
EMP11191,Arjun,Joshi,Male,30,Finance,Senior Accountant,Pune,Bachelor's,Full-Time,Remote,2018-12-20,7.7,64900,Outstanding,4,Satisfied,1,No,Frequently,31,3,7.4,3,No,26-35,50K-75K,5-10 Years
EMP11192,Vikram,Singh,Female,46,Technology,Software Engineer,Pune,Diploma,Full-Time,Onsite,2021-09-01,5.0,62300,Exceeds Expectations,1,Very Dissatisfied,2,Yes,Rarely,0,1,8.8,22,Yes,46-55,50K-75K,3-5 Years
EMP11193,Rohit,Kumar,Male,48,Technology,Data Analyst,Bengaluru,Bachelor's,Contract,Remote,2026-04-08,0.4,127900,Exceeds Expectations,5,Very Satisfied,2,No,None,30,1,9.4,9,No,46-55,100K-150K,<1 Year
EMP11194,Priya,Kumar,Female,57,Marketing,Marketing Executive,Pune,Master's,Full-Time,Onsite,2025-12-20,0.7,84300,Meets Expectations,3,Neutral,2,No,None,31,2,0.7,22,No,56+,75K-100K,<1 Year
EMP11195,Meera,Das,Male,22,Human Resources,HR Analyst,Ahmedabad,MBA,Full-Time,Hybrid,2014-10-08,11.9,66200,Outstanding,2,Dissatisfied,5,Yes,None,5,2,7.4,22,No,21-25,50K-75K,10+ Years
EMP11196,Aarav,Iyer,Female,37,Marketing,Digital Marketing Analyst,Bengaluru,MBA,Full-Time,Remote,2019-04-09,7.4,73500,Meets Expectations,1,Very Dissatisfied,4,No,None,39,0,3.3,11,No,36-45,50K-75K,5-10 Years
EMP11197,Isha,Kumar,Female,28,Marketing,Marketing Manager,Ahmedabad,Diploma,Contract,Onsite,2024-04-08,2.4,72800,Needs Improvement,1,Very Dissatisfied,1,Yes,None,29,0,3.3,13,No,26-35,50K-75K,1-3 Years
EMP11198,Kiran,Reddy,Male,43,Customer Support,Customer Success Specialist,Hyderabad,Master's,Full-Time,Onsite,2021-03-03,5.5,42100,Needs Improvement,4,Satisfied,4,No,Frequently,28,0,9.4,3,Yes,36-45,<50K,5-10 Years
EMP11199,Kavya,Iyer,Male,41,Operations,Operations Executive,Bengaluru,Bachelor's,Contract,Onsite,2024-01-26,2.6,45800,Needs Improvement,2,Dissatisfied,1,Yes,Rarely,31,2,10.8,4,Yes,36-45,<50K,1-3 Years
EMP11200,Meera,Reddy,Male,39,Marketing,Marketing Executive,Ahmedabad,Bachelor's,Contract,Onsite,2024-10-08,1.9,59000,Exceeds Expectations,5,Very Satisfied,1,No,Rarely,33,1,7.3,14,No,36-45,50K-75K,1-3 Years
EMP11201,Neha,Verma,Female,60,Customer Support,Team Lead,Mumbai,Bachelor's,Full-Time,Hybrid,2022-05-15,4.3,41800,Meets Expectations,2,Dissatisfied,4,Yes,None,16,2,0.4,19,No,56+,<50K,3-5 Years
EMP11202,Aarav,Patel,Female,42,Human Resources,HR Manager,Pune,Master's,Full-Time,Onsite,2018-05-15,8.3,70100,Meets Expectations,1,Very Dissatisfied,2,No,None,21,0,4.1,12,No,36-45,50K-75K,5-10 Years
EMP11203,Priya,Kumar,Female,37,Customer Support,Support Executive,Bengaluru,Bachelor's,Full-Time,Onsite,2023-05-15,3.3,44200,Needs Improvement,5,Very Satisfied,3,No,Rarely,25,1,11.3,4,No,36-45,<50K,3-5 Years
EMP11204,Arjun,Gupta,Male,23,Operations,Operations Executive,Hyderabad,Bachelor's,Full-Time,Hybrid,2021-05-15,5.3,70300,Needs Improvement,4,Satisfied,5,No,None,7,0,7.5,8,No,21-25,50K-75K,5-10 Years
EMP11205,Kiran,Kumar,Female,32,Marketing,Marketing Executive,Bengaluru,Bachelor's,Full-Time,Onsite,2019-05-15,7.3,73100,Meets Expectations,3,Neutral,2,Yes,Frequently,2,1,10.0,13,No,26-35,50K-75K,5-10 Years
EMP11206,Priya,Patel,Female,56,Customer Support,Team Lead,Bengaluru,Bachelor's,Full-Time,Hybrid,2020-04-08,6.4,52800,Meets Expectations,5,Very Satisfied,1,No,None,29,0,5.8,16,Yes,56+,50K-75K,5-10 Years
EMP11207,Priya,Gupta,Male,39,Human Resources,Recruiter,Delhi NCR,Diploma,Full-Time,Onsite,2024-07-26,2.1,89900,Meets Expectations,4,Satisfied,5,No,None,10,3,5.5,2,No,36-45,75K-100K,1-3 Years
EMP11208,Divya,Patel,Female,57,Operations,Process Associate,Ahmedabad,Master's,Contract,Onsite,2025-11-13,0.8,52000,Meets Expectations,1,Very Dissatisfied,2,No,Rarely,12,2,6.7,5,No,56+,50K-75K,<1 Year
EMP11209,Kiran,Iyer,Female,42,Technology,Data Analyst,Pune,Bachelor's,Full-Time,Onsite,2025-12-20,0.7,103100,Meets Expectations,3,Neutral,4,No,Rarely,4,2,10.2,4,No,36-45,100K-150K,<1 Year
EMP11210,Meera,Verma,Female,42,Customer Support,Support Analyst,Hyderabad,MBA,Full-Time,Onsite,2021-04-08,5.4,32300,Outstanding,5,Very Satisfied,1,Yes,None,18,1,11.4,17,No,36-45,<50K,5-10 Years
EMP11211,Nikhil,Reddy,Male,38,Marketing,Marketing Executive,Ahmedabad,Master's,Full-Time,Onsite,2015-11-14,10.8,82000,Meets Expectations,4,Satisfied,1,No,Rarely,23,1,6.5,6,No,36-45,75K-100K,10+ Years
EMP11212,Kiran,Gupta,Male,43,Operations,Operations Manager,Delhi NCR,Diploma,Full-Time,Onsite,2024-07-26,2.1,60100,Exceeds Expectations,4,Satisfied,4,No,None,36,3,11.5,14,No,36-45,50K-75K,1-3 Years
EMP11213,Sneha,Gupta,Male,23,Human Resources,Recruiter,Chennai,Diploma,Full-Time,Onsite,2014-11-14,11.8,52500,Meets Expectations,1,Very Dissatisfied,5,Yes,None,20,0,9.4,2,No,21-25,50K-75K,10+ Years
EMP11214,Sneha,Verma,Male,23,Customer Support,Customer Success Specialist,Kolkata,Master's,Full-Time,Hybrid,2015-11-14,10.8,32300,Outstanding,3,Neutral,1,No,None,15,3,9.4,2,No,21-25,<50K,10+ Years
EMP11215,Pooja,Iyer,Female,40,Sales,Sales Manager,Delhi NCR,MBA,Contract,Hybrid,2026-05-15,0.3,72100,Meets Expectations,1,Very Dissatisfied,5,No,Rarely,32,3,11.3,2,No,36-45,50K-75K,<1 Year
EMP11216,Divya,Gupta,Male,44,Sales,Sales Manager,Delhi NCR,Bachelor's,Full-Time,Hybrid,2026-01-25,0.6,70000,Needs Improvement,4,Satisfied,2,No,Rarely,11,1,1.9,9,No,36-45,50K-75K,<1 Year
EMP11217,Kavya,Das,Male,43,Human Resources,HR Analyst,Bengaluru,Master's,Full-Time,Remote,2023-07-27,3.1,75500,Meets Expectations,2,Dissatisfied,5,No,None,0,0,0.8,0,Yes,36-45,75K-100K,3-5 Years
EMP11218,Sneha,Nair,Male,38,Operations,Operations Executive,Pune,Bachelor's,Full-Time,Hybrid,2025-09-01,1.0,57200,Meets Expectations,2,Dissatisfied,3,Yes,Rarely,1,3,1.6,11,Yes,36-45,50K-75K,<1 Year
EMP11219,Kiran,Patel,Male,32,Operations,Operations Executive,Mumbai,MBA,Contract,Onsite,2018-07-27,8.1,66300,Meets Expectations,3,Neutral,4,Yes,Rarely,34,3,6.9,6,No,26-35,50K-75K,5-10 Years
EMP11220,Rahul,Joshi,Male,49,Human Resources,HR Manager,Delhi NCR,Master's,Full-Time,Hybrid,2025-11-13,0.8,70800,Needs Improvement,1,Very Dissatisfied,1,Yes,None,28,0,10.3,11,No,46-55,50K-75K,<1 Year
EMP11221,Priya,Nair,Male,45,Marketing,Digital Marketing Analyst,Mumbai,Bachelor's,Full-Time,Hybrid,2014-07-27,12.1,56000,Meets Expectations,4,Satisfied,1,No,None,7,3,0.8,14,No,36-45,50K-75K,10+ Years
EMP11222,Kavya,Nair,Female,22,Human Resources,HR Analyst,Pune,Master's,Full-Time,Hybrid,2019-03-03,7.5,68100,Meets Expectations,3,Neutral,5,No,None,8,1,6.2,10,No,21-25,50K-75K,5-10 Years
EMP11223,Vikram,Sharma,Male,39,Customer Support,Support Analyst,Pune,Bachelor's,Contract,Onsite,2015-09-02,11.0,52200,Needs Improvement,3,Neutral,1,No,None,34,3,7.6,18,Yes,36-45,50K-75K,10+ Years
EMP11224,Ananya,Nair,Male,49,Marketing,Digital Marketing Analyst,Chennai,Bachelor's,Contract,Hybrid,2015-05-15,11.3,86500,Exceeds Expectations,4,Satisfied,5,No,Frequently,26,1,7.4,18,No,46-55,75K-100K,10+ Years
EMP11225,Priya,Reddy,Male,52,Finance,Accountant,Hyderabad,Master's,Full-Time,Onsite,2018-12-20,7.7,74100,Meets Expectations,4,Satisfied,1,No,Frequently,19,2,3.6,14,No,46-55,50K-75K,5-10 Years
EMP11226,Sanjay,Singh,Male,32,Customer Support,Support Analyst,Kolkata,Bachelor's,Full-Time,Onsite,2012-10-08,13.9,49100,Meets Expectations,5,Very Satisfied,4,No,None,15,3,3.1,12,No,26-35,<50K,10+ Years
EMP11227,Aarav,Verma,Male,57,Sales,Sales Manager,Delhi NCR,Master's,Full-Time,Hybrid,2011-10-08,14.9,85100,Meets Expectations,1,Very Dissatisfied,2,Yes,None,15,0,0.5,13,No,56+,75K-100K,10+ Years
EMP11228,Sanjay,Iyer,Female,47,Customer Support,Support Analyst,Mumbai,Master's,Full-Time,Remote,2021-03-03,5.5,66900,Needs Improvement,3,Neutral,3,No,None,32,1,2.1,5,No,46-55,50K-75K,5-10 Years
EMP11229,Rahul,Kumar,Male,38,Technology,Software Engineer,Kolkata,MBA,Full-Time,Remote,2024-07-26,2.1,75500,Meets Expectations,1,Very Dissatisfied,4,No,None,8,2,0.4,11,No,36-45,75K-100K,1-3 Years
EMP11230,Aditya,Das,Female,46,Finance,Accountant,Chennai,MBA,Contract,Remote,2021-01-25,5.6,102000,Meets Expectations,2,Dissatisfied,1,Yes,None,36,0,6.0,13,Yes,46-55,100K-150K,5-10 Years
EMP11231,Sanjay,Verma,Female,55,Operations,Operations Analyst,Mumbai,Bachelor's,Contract,Hybrid,2023-03-03,3.5,43700,Exceeds Expectations,3,Neutral,2,No,None,9,0,8.0,21,No,46-55,<50K,3-5 Years
EMP11232,Aisha,Verma,Female,30,Operations,Operations Manager,Delhi NCR,Bachelor's,Full-Time,Hybrid,2018-07-27,8.1,75900,Outstanding,1,Very Dissatisfied,3,No,None,9,2,7.4,6,Yes,26-35,75K-100K,5-10 Years
EMP11233,Aisha,Joshi,Female,27,Customer Support,Support Executive,Delhi NCR,Bachelor's,Full-Time,Onsite,2020-11-13,5.8,39300,Meets Expectations,3,Neutral,2,No,None,15,3,8.7,16,No,26-35,<50K,5-10 Years
EMP11234,Rohit,Rao,Female,38,Operations,Operations Executive,Delhi NCR,Bachelor's,Contract,Hybrid,2019-05-15,7.3,56700,Meets Expectations,5,Very Satisfied,2,Yes,None,32,2,1.2,4,No,36-45,50K-75K,5-10 Years
EMP11235,Priya,Reddy,Male,24,Marketing,Content Specialist,Hyderabad,Bachelor's,Full-Time,Hybrid,2015-03-03,11.5,94900,Needs Improvement,1,Very Dissatisfied,1,No,None,0,2,6.9,2,Yes,21-25,75K-100K,10+ Years
EMP11236,Arjun,Sharma,Male,54,Finance,Finance Manager,Ahmedabad,Bachelor's,Full-Time,Onsite,2022-05-15,4.3,54400,Outstanding,2,Dissatisfied,4,No,None,6,1,2.6,22,No,46-55,50K-75K,3-5 Years
EMP11237,Kiran,Singh,Female,59,Sales,Business Development Executive,Mumbai,MBA,Contract,Onsite,2018-06-20,8.2,78300,Meets Expectations,2,Dissatisfied,1,No,None,15,3,7.8,5,Yes,56+,75K-100K,5-10 Years
EMP11238,Nikhil,Iyer,Female,45,Sales,Account Manager,Kolkata,Master's,Full-Time,Remote,2021-06-20,5.2,62200,Meets Expectations,5,Very Satisfied,1,No,None,5,2,9.7,14,No,36-45,50K-75K,5-10 Years
EMP11239,Vikram,Kumar,Female,60,Finance,Senior Accountant,Hyderabad,Bachelor's,Full-Time,Onsite,2014-11-14,11.8,55200,Needs Improvement,4,Satisfied,2,No,None,15,1,7.7,5,No,56+,50K-75K,10+ Years
EMP11240,Sneha,Reddy,Male,23,Sales,Account Manager,Chennai,Bachelor's,Contract,Onsite,2016-12-20,9.7,83600,Exceeds Expectations,1,Very Dissatisfied,4,No,Frequently,17,2,4.9,7,No,21-25,75K-100K,5-10 Years
EMP11241,Neha,Sharma,Male,46,Human Resources,Recruiter,Chennai,Bachelor's,Full-Time,Remote,2026-05-15,0.3,69700,Outstanding,4,Satisfied,1,No,None,25,3,4.8,17,Yes,46-55,50K-75K,<1 Year
EMP11242,Priya,Verma,Female,38,Operations,Operations Executive,Bengaluru,Bachelor's,Contract,Onsite,2016-09-01,10.0,77100,Meets Expectations,1,Very Dissatisfied,2,Yes,Rarely,13,0,6.8,6,No,36-45,75K-100K,5-10 Years
EMP11243,Aarav,Singh,Female,32,Customer Support,Team Lead,Ahmedabad,Bachelor's,Full-Time,Hybrid,2023-12-20,2.7,65900,Meets Expectations,4,Satisfied,1,No,None,22,2,10.7,1,No,26-35,50K-75K,1-3 Years
EMP11244,Isha,Singh,Male,33,Human Resources,HR Analyst,Chennai,Master's,Full-Time,Onsite,2015-10-08,10.9,42700,Exceeds Expectations,2,Dissatisfied,3,No,None,40,0,7.9,9,Yes,26-35,<50K,10+ Years
EMP11245,Sanjay,Gupta,Male,42,Customer Support,Team Lead,Ahmedabad,MBA,Contract,Onsite,2018-01-25,8.6,42500,Exceeds Expectations,4,Satisfied,1,No,None,18,1,1.4,17,No,36-45,<50K,5-10 Years
EMP11246,Isha,Patel,Female,46,Customer Support,Customer Success Specialist,Chennai,Diploma,Full-Time,Onsite,2020-07-26,6.1,45300,Exceeds Expectations,3,Neutral,1,No,Rarely,32,2,9.5,17,No,46-55,<50K,5-10 Years
EMP11247,Kiran,Sharma,Female,27,Customer Support,Team Lead,Mumbai,MBA,Full-Time,Onsite,2016-03-02,10.5,52900,Meets Expectations,4,Satisfied,2,No,Frequently,11,3,0.8,13,No,26-35,50K-75K,10+ Years
EMP11248,Sneha,Rao,Male,45,Human Resources,HR Analyst,Mumbai,Bachelor's,Full-Time,Hybrid,2013-10-08,12.9,45600,Outstanding,2,Dissatisfied,2,No,None,36,2,4.6,17,Yes,36-45,<50K,10+ Years
EMP11249,Rahul,Nair,Female,58,Finance,Financial Analyst,Delhi NCR,Bachelor's,Full-Time,Hybrid,2014-12-20,11.7,71500,Meets Expectations,3,Neutral,1,No,None,23,3,4.7,18,No,56+,50K-75K,10+ Years
EMP11250,Priya,Verma,Male,21,Customer Support,Support Executive,Delhi NCR,Bachelor's,Full-Time,Hybrid,2018-05-15,8.3,63800,Meets Expectations,5,Very Satisfied,3,No,Rarely,5,0,7.6,12,No,21-25,50K-75K,5-10 Years
EMP11251,Isha,Iyer,Male,56,Technology,BI Analyst,Kolkata,Bachelor's,Full-Time,Hybrid,2015-10-08,10.9,70700,Meets Expectations,5,Very Satisfied,3,No,None,37,0,10.1,10,No,56+,50K-75K,10+ Years
EMP11252,Priya,Sharma,Male,45,Finance,Financial Analyst,Bengaluru,Bachelor's,Full-Time,Onsite,2020-05-14,6.3,89800,Meets Expectations,3,Neutral,3,No,None,29,1,3.5,18,No,36-45,75K-100K,5-10 Years
EMP11253,Divya,Sharma,Male,34,Sales,Account Manager,Delhi NCR,Master's,Full-Time,Hybrid,2014-10-08,11.9,60500,Meets Expectations,5,Very Satisfied,3,No,Frequently,14,2,7.7,15,No,26-35,50K-75K,10+ Years
EMP11254,Vikram,Reddy,Male,50,Operations,Operations Manager,Kolkata,Bachelor's,Full-Time,Onsite,2014-03-03,12.5,40700,Meets Expectations,1,Very Dissatisfied,5,No,None,24,0,7.0,12,No,46-55,<50K,10+ Years
EMP11255,Aditya,Sharma,Male,45,Marketing,Digital Marketing Analyst,Kolkata,MBA,Full-Time,Onsite,2024-06-20,2.2,52800,Meets Expectations,4,Satisfied,2,Yes,Rarely,38,0,7.4,2,No,36-45,50K-75K,1-3 Years
EMP11256,Sanjay,Gupta,Female,51,Sales,Sales Executive,Chennai,Bachelor's,Full-Time,Remote,2022-12-20,3.7,45600,Needs Improvement,4,Satisfied,2,No,None,4,3,0.4,18,Yes,46-55,<50K,3-5 Years
EMP11257,Isha,Gupta,Male,24,Technology,BI Analyst,Chennai,Master's,Contract,Remote,2022-06-20,4.2,102000,Meets Expectations,2,Dissatisfied,3,Yes,None,1,1,6.2,1,No,21-25,100K-150K,3-5 Years
EMP11258,Ananya,Nair,Female,23,Human Resources,Recruiter,Kolkata,Master's,Full-Time,Onsite,2023-12-20,2.7,46400,Needs Improvement,2,Dissatisfied,1,No,Frequently,32,1,11.2,18,No,21-25,<50K,1-3 Years
EMP11259,Sneha,Kumar,Male,46,Human Resources,Recruiter,Mumbai,Master's,Full-Time,Onsite,2020-09-01,6.0,83500,Meets Expectations,3,Neutral,5,Yes,None,11,3,3.1,12,No,46-55,75K-100K,5-10 Years
EMP11260,Isha,Nair,Female,33,Operations,Process Associate,Hyderabad,Bachelor's,Full-Time,Hybrid,2023-07-27,3.1,73800,Meets Expectations,4,Satisfied,3,No,None,35,2,9.5,12,No,26-35,50K-75K,3-5 Years
EMP11261,Kiran,Kumar,Female,30,Technology,Software Engineer,Kolkata,Bachelor's,Full-Time,Hybrid,2017-09-01,9.0,64100,Meets Expectations,4,Satisfied,4,No,None,31,0,8.7,22,No,26-35,50K-75K,5-10 Years
EMP11262,Neha,Iyer,Female,37,Customer Support,Customer Success Specialist,Kolkata,Bachelor's,Full-Time,Remote,2024-12-20,1.7,66600,Meets Expectations,4,Satisfied,2,No,None,37,0,11.8,4,Yes,36-45,50K-75K,1-3 Years
EMP11263,Divya,Patel,Male,50,Human Resources,HR Executive,Mumbai,Bachelor's,Contract,Hybrid,2022-06-20,4.2,90300,Outstanding,4,Satisfied,4,No,None,31,1,4.0,9,No,46-55,75K-100K,3-5 Years
EMP11264,Arjun,Sharma,Male,28,Operations,Process Associate,Mumbai,Bachelor's,Full-Time,Onsite,2016-09-01,10.0,39500,Needs Improvement,5,Very Satisfied,5,No,None,38,1,10.3,16,No,26-35,<50K,5-10 Years
EMP11265,Arjun,Kumar,Male,59,Technology,BI Analyst,Mumbai,Bachelor's,Full-Time,Hybrid,2020-07-26,6.1,125200,Outstanding,5,Very Satisfied,3,No,None,25,2,3.5,20,No,56+,100K-150K,5-10 Years
EMP11266,Divya,Verma,Female,37,Sales,Sales Executive,Chennai,Master's,Full-Time,Onsite,2020-04-08,6.4,52100,Needs Improvement,3,Neutral,2,Yes,None,4,3,5.6,19,No,36-45,50K-75K,5-10 Years
EMP11267,Divya,Nair,Female,27,Sales,Sales Manager,Delhi NCR,MBA,Full-Time,Hybrid,2014-09-01,12.0,70100,Outstanding,1,Very Dissatisfied,4,Yes,Rarely,8,1,5.9,15,No,26-35,50K-75K,10+ Years
EMP11268,Divya,Rao,Female,23,Finance,Financial Analyst,Bengaluru,Bachelor's,Full-Time,Hybrid,2011-11-14,14.8,59000,Meets Expectations,2,Dissatisfied,5,No,None,36,3,8.5,12,No,21-25,50K-75K,10+ Years
EMP11269,Pooja,Patel,Female,55,Customer Support,Customer Success Specialist,Pune,Bachelor's,Full-Time,Remote,2018-01-25,8.6,63900,Meets Expectations,1,Very Dissatisfied,4,Yes,Frequently,11,0,3.1,20,No,46-55,50K-75K,5-10 Years
EMP11270,Kiran,Kumar,Male,25,Sales,Sales Manager,Ahmedabad,Bachelor's,Full-Time,Onsite,2025-04-08,1.4,78400,Meets Expectations,3,Neutral,4,No,None,38,1,4.2,16,No,21-25,75K-100K,1-3 Years
EMP11271,Priya,Reddy,Male,37,Finance,Finance Manager,Kolkata,Bachelor's,Contract,Hybrid,2024-12-20,1.7,106000,Needs Improvement,5,Very Satisfied,3,No,None,35,1,11.7,12,No,36-45,100K-150K,1-3 Years
EMP11272,Divya,Joshi,Male,47,Sales,Business Development Executive,Hyderabad,Bachelor's,Full-Time,Onsite,2012-03-02,14.5,85500,Outstanding,3,Neutral,1,No,Frequently,28,3,7.9,11,No,46-55,75K-100K,10+ Years
EMP11273,Neha,Nair,Male,41,Customer Support,Support Analyst,Bengaluru,Master's,Full-Time,Remote,2016-05-14,10.3,35200,Needs Improvement,5,Very Satisfied,4,No,Frequently,5,3,6.7,7,Yes,36-45,<50K,10+ Years
EMP11274,Ananya,Reddy,Female,31,Marketing,Content Specialist,Hyderabad,Bachelor's,Contract,Onsite,2015-05-15,11.3,77800,Needs Improvement,3,Neutral,3,Yes,None,7,1,0.9,0,No,26-35,75K-100K,10+ Years
EMP11275,Sneha,Reddy,Female,25,Operations,Operations Manager,Ahmedabad,Bachelor's,Full-Time,Onsite,2016-06-20,10.2,49800,Needs Improvement,3,Neutral,2,Yes,None,30,3,12.0,16,Yes,21-25,<50K,10+ Years
EMP11276,Rahul,Verma,Female,49,Marketing,Marketing Executive,Kolkata,MBA,Full-Time,Onsite,2023-10-08,2.9,50100,Exceeds Expectations,1,Very Dissatisfied,3,Yes,Frequently,16,2,9.2,17,No,46-55,50K-75K,1-3 Years
EMP11277,Vikram,Singh,Male,40,Marketing,Marketing Executive,Mumbai,Master's,Full-Time,Hybrid,2019-11-14,6.8,51300,Meets Expectations,4,Satisfied,1,No,None,16,1,11.7,1,No,36-45,50K-75K,5-10 Years
EMP11278,Neha,Kumar,Male,22,Operations,Process Associate,Delhi NCR,Bachelor's,Contract,Onsite,2014-09-01,12.0,79600,Needs Improvement,2,Dissatisfied,3,No,None,3,1,4.2,10,No,21-25,75K-100K,10+ Years
EMP11279,Divya,Rao,Male,28,Sales,Sales Executive,Mumbai,Bachelor's,Full-Time,Hybrid,2013-09-01,13.0,71000,Meets Expectations,3,Neutral,3,Yes,None,18,0,1.7,7,No,26-35,50K-75K,10+ Years
EMP11280,Aarav,Rao,Male,43,Customer Support,Customer Success Specialist,Kolkata,MBA,Contract,Onsite,2022-12-20,3.7,34200,Meets Expectations,5,Very Satisfied,2,No,Frequently,0,2,9.0,22,No,36-45,<50K,3-5 Years
EMP11281,Nikhil,Verma,Male,27,Operations,Operations Executive,Ahmedabad,MBA,Full-Time,Hybrid,2017-09-01,9.0,81800,Meets Expectations,2,Dissatisfied,4,Yes,Rarely,5,1,8.9,18,No,26-35,75K-100K,5-10 Years
EMP11282,Kavya,Das,Male,36,Operations,Operations Analyst,Ahmedabad,Master's,Full-Time,Remote,2024-03-02,2.5,73900,Meets Expectations,5,Very Satisfied,3,No,None,37,2,10.5,0,No,36-45,50K-75K,1-3 Years
EMP11283,Sanjay,Patel,Female,25,Finance,Finance Manager,Pune,Bachelor's,Full-Time,Onsite,2012-04-08,14.4,66800,Outstanding,5,Very Satisfied,2,Yes,Frequently,30,1,0.3,9,No,21-25,50K-75K,10+ Years
EMP11284,Isha,Nair,Male,52,Operations,Operations Executive,Pune,Master's,Contract,Hybrid,2022-10-08,3.9,58700,Needs Improvement,1,Very Dissatisfied,4,No,None,39,0,7.1,19,No,46-55,50K-75K,3-5 Years
EMP11285,Sneha,Nair,Female,46,Finance,Accountant,Hyderabad,Bachelor's,Full-Time,Hybrid,2015-09-02,11.0,91300,Meets Expectations,2,Dissatisfied,1,No,Rarely,37,3,1.9,15,No,46-55,75K-100K,10+ Years
EMP11286,Vikram,Nair,Female,52,Sales,Business Development Executive,Kolkata,Bachelor's,Full-Time,Hybrid,2023-01-26,3.6,70600,Exceeds Expectations,5,Very Satisfied,3,No,None,37,3,5.9,3,No,46-55,50K-75K,3-5 Years
EMP11287,Aisha,Iyer,Female,23,Customer Support,Support Executive,Chennai,Bachelor's,Full-Time,Onsite,2017-05-15,9.3,50200,Exceeds Expectations,3,Neutral,1,No,Rarely,16,1,12.0,9,No,21-25,50K-75K,5-10 Years
EMP11288,Rohit,Kumar,Female,36,Technology,Software Engineer,Hyderabad,Bachelor's,Full-Time,Onsite,2016-09-01,10.0,94500,Meets Expectations,4,Satisfied,4,No,None,10,1,9.0,1,No,36-45,75K-100K,5-10 Years
EMP11289,Nikhil,Nair,Female,31,Sales,Account Manager,Kolkata,Bachelor's,Full-Time,Hybrid,2021-07-27,5.1,41000,Meets Expectations,5,Very Satisfied,1,Yes,None,28,2,3.3,5,No,26-35,<50K,5-10 Years
EMP11290,Kiran,Sharma,Female,45,Marketing,Content Specialist,Ahmedabad,Bachelor's,Full-Time,Onsite,2014-05-15,12.3,69600,Meets Expectations,1,Very Dissatisfied,5,No,None,25,3,7.6,9,No,36-45,50K-75K,10+ Years
EMP11291,Divya,Singh,Male,53,Technology,Data Analyst,Kolkata,Master's,Full-Time,Onsite,2013-05-15,13.3,82400,Exceeds Expectations,4,Satisfied,1,No,Frequently,17,1,5.9,20,No,46-55,75K-100K,10+ Years
EMP11292,Nikhil,Nair,Male,30,Customer Support,Support Analyst,Delhi NCR,MBA,Full-Time,Onsite,2013-10-08,12.9,43300,Meets Expectations,5,Very Satisfied,3,No,None,20,3,5.5,4,No,26-35,<50K,10+ Years
EMP11293,Divya,Iyer,Female,51,Human Resources,HR Executive,Kolkata,MBA,Full-Time,Hybrid,2021-07-27,5.1,55600,Exceeds Expectations,3,Neutral,4,No,None,8,2,1.0,12,No,46-55,50K-75K,5-10 Years
EMP11294,Priya,Reddy,Male,44,Sales,Sales Manager,Ahmedabad,Diploma,Contract,Remote,2015-06-21,11.2,69400,Needs Improvement,5,Very Satisfied,3,No,None,20,1,7.8,15,No,36-45,50K-75K,10+ Years
EMP11295,Aditya,Nair,Male,53,Customer Support,Support Executive,Mumbai,Bachelor's,Contract,Remote,2018-03-03,8.5,48900,Meets Expectations,4,Satisfied,2,Yes,Rarely,39,2,7.4,17,No,46-55,<50K,5-10 Years
EMP11296,Aisha,Singh,Male,24,Human Resources,Recruiter,Mumbai,Bachelor's,Contract,Hybrid,2017-09-01,9.0,63500,Meets Expectations,4,Satisfied,2,No,Rarely,17,3,1.3,13,No,21-25,50K-75K,5-10 Years
EMP11297,Arjun,Verma,Female,60,Technology,Software Engineer,Pune,Bachelor's,Contract,Remote,2019-05-15,7.3,69700,Outstanding,1,Very Dissatisfied,5,Yes,None,21,2,1.7,3,No,56+,50K-75K,5-10 Years
EMP11298,Pooja,Joshi,Female,38,Marketing,Content Specialist,Delhi NCR,Master's,Full-Time,Hybrid,2017-07-27,9.1,93700,Meets Expectations,4,Satisfied,1,No,None,38,3,5.6,19,No,36-45,75K-100K,5-10 Years
EMP11299,Divya,Joshi,Male,32,Human Resources,HR Analyst,Ahmedabad,Bachelor's,Full-Time,Hybrid,2024-06-20,2.2,53300,Needs Improvement,5,Very Satisfied,4,No,Rarely,34,3,6.6,21,No,26-35,50K-75K,1-3 Years
EMP11300,Ananya,Singh,Male,28,Sales,Sales Executive,Ahmedabad,Master's,Full-Time,Hybrid,2020-05-14,6.3,58000,Meets Expectations,2,Dissatisfied,2,No,None,32,2,2.5,19,Yes,26-35,50K-75K,5-10 Years
EMP11301,Vikram,Joshi,Male,60,Operations,Operations Analyst,Kolkata,Bachelor's,Contract,Remote,2023-11-14,2.8,46100,Meets Expectations,1,Very Dissatisfied,1,No,None,0,3,10.0,4,No,56+,<50K,1-3 Years
EMP11302,Sanjay,Rao,Non-Binary,56,Finance,Financial Analyst,Pune,Master's,Full-Time,Onsite,2022-05-15,4.3,89900,Meets Expectations,3,Neutral,3,No,None,34,0,8.6,6,No,56+,75K-100K,3-5 Years
EMP11303,Aisha,Kumar,Male,26,Marketing,Marketing Executive,Kolkata,Master's,Contract,Hybrid,2024-07-26,2.1,66300,Outstanding,5,Very Satisfied,1,No,None,3,0,2.9,1,No,26-35,50K-75K,1-3 Years
EMP11304,Vikram,Iyer,Male,38,Customer Support,Support Analyst,Pune,Bachelor's,Full-Time,Hybrid,2023-05-15,3.3,48300,Outstanding,4,Satisfied,4,No,Frequently,1,1,9.7,17,No,36-45,<50K,3-5 Years
EMP11305,Vihaan,Singh,Male,50,Marketing,Digital Marketing Analyst,Hyderabad,MBA,Contract,Onsite,2014-11-14,11.8,89200,Meets Expectations,5,Very Satisfied,4,No,Rarely,14,3,7.1,4,Yes,46-55,75K-100K,10+ Years
EMP11306,Priya,Joshi,Male,44,Marketing,Digital Marketing Analyst,Kolkata,Bachelor's,Full-Time,Hybrid,2018-05-15,8.3,83100,Needs Improvement,3,Neutral,2,No,None,16,1,3.9,21,No,36-45,75K-100K,5-10 Years
EMP11307,Neha,Iyer,Female,28,Technology,IT Support Specialist,Pune,Bachelor's,Full-Time,Hybrid,2026-03-03,0.5,95000,Meets Expectations,3,Neutral,4,No,Frequently,4,3,10.0,14,No,26-35,75K-100K,<1 Year
EMP11308,Aditya,Reddy,Male,35,Technology,Software Engineer,Ahmedabad,Master's,Contract,Hybrid,2014-10-08,11.9,91400,Meets Expectations,2,Dissatisfied,4,Yes,None,24,3,6.2,7,No,26-35,75K-100K,10+ Years
EMP11309,Vikram,Nair,Male,35,Finance,Accountant,Mumbai,Bachelor's,Full-Time,Hybrid,2012-12-20,13.7,104900,Meets Expectations,5,Very Satisfied,4,No,Frequently,37,1,5.4,10,No,26-35,100K-150K,10+ Years
EMP11310,Sanjay,Joshi,Male,32,Operations,Operations Executive,Delhi NCR,Diploma,Full-Time,Onsite,2013-06-20,13.2,80500,Meets Expectations,4,Satisfied,1,No,None,27,1,0.4,8,No,26-35,75K-100K,10+ Years
EMP11311,Sneha,Kumar,Female,59,Human Resources,HR Analyst,Mumbai,Bachelor's,Contract,Remote,2014-04-08,12.4,77500,Meets Expectations,4,Satisfied,1,No,Frequently,39,3,9.9,2,No,56+,75K-100K,10+ Years
EMP11312,Ananya,Rao,Male,29,Finance,Accountant,Chennai,Bachelor's,Contract,Onsite,2011-10-08,14.9,93200,Meets Expectations,5,Very Satisfied,1,No,Frequently,36,1,3.5,3,No,26-35,75K-100K,10+ Years
EMP11313,Aisha,Iyer,Male,49,Operations,Operations Executive,Ahmedabad,Bachelor's,Full-Time,Onsite,2017-10-08,8.9,78000,Meets Expectations,5,Very Satisfied,5,No,Frequently,33,0,3.6,12,Yes,46-55,75K-100K,5-10 Years
EMP11314,Sneha,Das,Female,57,Operations,Operations Executive,Hyderabad,Diploma,Contract,Hybrid,2012-04-08,14.4,80900,Meets Expectations,5,Very Satisfied,2,No,None,6,1,10.1,22,No,56+,75K-100K,10+ Years
EMP11315,Neha,Singh,Female,52,Customer Support,Team Lead,Bengaluru,Bachelor's,Full-Time,Hybrid,2012-06-20,14.2,35400,Meets Expectations,3,Neutral,3,No,Frequently,26,2,1.2,4,No,46-55,<50K,10+ Years
EMP11316,Vihaan,Singh,Male,52,Finance,Financial Analyst,Mumbai,Bachelor's,Full-Time,Hybrid,2021-11-13,4.8,107100,Meets Expectations,1,Very Dissatisfied,3,Yes,Rarely,3,3,11.5,21,No,46-55,100K-150K,3-5 Years
EMP11317,Meera,Reddy,Female,27,Marketing,Content Specialist,Ahmedabad,Diploma,Contract,Hybrid,2013-09-01,13.0,80200,Meets Expectations,3,Neutral,5,Yes,None,31,0,4.1,3,No,26-35,75K-100K,10+ Years
EMP11318,Nikhil,Iyer,Female,26,Marketing,Content Specialist,Kolkata,Diploma,Full-Time,Hybrid,2014-10-08,11.9,74400,Meets Expectations,3,Neutral,1,No,None,36,2,4.1,16,Yes,26-35,50K-75K,10+ Years
EMP11319,Nikhil,Joshi,Female,52,Human Resources,HR Analyst,Delhi NCR,Diploma,Full-Time,Hybrid,2014-12-20,11.7,62800,Meets Expectations,5,Very Satisfied,4,No,Rarely,4,2,8.4,21,No,46-55,50K-75K,10+ Years
EMP11320,Aisha,Das,Female,50,Finance,Accountant,Hyderabad,Bachelor's,Full-Time,Remote,2013-03-03,13.5,68400,Meets Expectations,1,Very Dissatisfied,1,No,Frequently,20,1,4.5,0,No,46-55,50K-75K,10+ Years
EMP11321,Nikhil,Singh,Female,50,Sales,Business Development Executive,Hyderabad,Master's,Full-Time,Onsite,2020-10-08,5.9,76600,Meets Expectations,5,Very Satisfied,5,Yes,Rarely,5,3,3.4,6,No,46-55,75K-100K,5-10 Years
EMP11322,Aisha,Rao,Female,37,Technology,IT Support Specialist,Pune,Bachelor's,Full-Time,Remote,2020-07-26,6.1,104400,Meets Expectations,4,Satisfied,3,No,None,22,3,2.1,11,No,36-45,100K-150K,5-10 Years
EMP11323,Isha,Singh,Female,41,Human Resources,HR Executive,Delhi NCR,Master's,Contract,Remote,2016-12-20,9.7,52100,Meets Expectations,1,Very Dissatisfied,2,No,Rarely,18,0,4.1,12,No,36-45,50K-75K,5-10 Years
EMP11324,Ananya,Singh,Female,21,Customer Support,Team Lead,Hyderabad,Bachelor's,Full-Time,Remote,2015-07-27,11.1,55900,Meets Expectations,2,Dissatisfied,3,No,None,36,1,11.7,20,No,21-25,50K-75K,10+ Years
EMP11325,Priya,Sharma,Male,32,Customer Support,Team Lead,Pune,Bachelor's,Full-Time,Hybrid,2013-06-20,13.2,37700,Meets Expectations,1,Very Dissatisfied,4,Yes,None,11,0,1.7,7,No,26-35,<50K,10+ Years
EMP11326,Pooja,Kumar,Female,42,Technology,Software Engineer,Pune,MBA,Full-Time,Remote,2013-06-20,13.2,93400,Meets Expectations,5,Very Satisfied,3,No,Rarely,30,3,11.2,2,Yes,36-45,75K-100K,10+ Years
EMP11327,Neha,Gupta,Male,26,Marketing,Marketing Executive,Bengaluru,Bachelor's,Contract,Onsite,2015-10-08,10.9,74000,Meets Expectations,4,Satisfied,1,No,Rarely,26,2,7.0,15,No,26-35,50K-75K,10+ Years
EMP11328,Aisha,Patel,Female,26,Sales,Sales Manager,Mumbai,Bachelor's,Contract,Onsite,2012-04-08,14.4,68800,Needs Improvement,4,Satisfied,2,No,Rarely,29,2,8.2,9,No,26-35,50K-75K,10+ Years
EMP11329,Kavya,Reddy,Female,22,Marketing,Marketing Executive,Bengaluru,Master's,Full-Time,Hybrid,2023-11-14,2.8,51100,Exceeds Expectations,3,Neutral,5,No,None,39,0,9.6,4,No,21-25,50K-75K,1-3 Years
EMP11330,Aisha,Rao,Female,29,Finance,Finance Manager,Bengaluru,Master's,Full-Time,Remote,2012-05-14,14.3,54300,Exceeds Expectations,3,Neutral,2,No,None,7,1,0.7,2,No,26-35,50K-75K,10+ Years
EMP11331,Aisha,Das,Male,60,Human Resources,HR Executive,Chennai,Bachelor's,Contract,Remote,2025-06-20,1.2,55000,Needs Improvement,1,Very Dissatisfied,3,Yes,Rarely,0,1,11.7,7,No,56+,50K-75K,1-3 Years
EMP11332,Aisha,Singh,Male,48,Operations,Operations Manager,Chennai,Master's,Full-Time,Hybrid,2018-04-08,8.4,64800,Meets Expectations,4,Satisfied,1,Yes,None,25,0,9.2,20,No,46-55,50K-75K,5-10 Years
EMP11333,Nikhil,Das,Male,58,Finance,Financial Analyst,Bengaluru,MBA,Full-Time,Hybrid,2025-03-03,1.5,103300,Meets Expectations,1,Very Dissatisfied,1,No,Frequently,5,1,9.7,0,No,56+,100K-150K,1-3 Years
EMP11334,Neha,Gupta,Female,31,Operations,Operations Executive,Hyderabad,Master's,Full-Time,Hybrid,2018-01-25,8.6,72600,Meets Expectations,2,Dissatisfied,2,Yes,Frequently,18,2,5.2,14,No,26-35,50K-75K,5-10 Years
EMP11335,Ananya,Patel,Male,44,Human Resources,HR Executive,Hyderabad,Bachelor's,Contract,Onsite,2020-09-01,6.0,79600,Outstanding,5,Very Satisfied,5,Yes,Frequently,21,2,7.2,5,No,36-45,75K-100K,5-10 Years
EMP11336,Pooja,Gupta,Non-Binary,56,Customer Support,Support Executive,Kolkata,Master's,Full-Time,Hybrid,2025-04-08,1.4,45000,Meets Expectations,1,Very Dissatisfied,3,No,Frequently,25,3,6.8,14,Yes,56+,<50K,1-3 Years
EMP11337,Sanjay,Verma,Female,35,Marketing,Marketing Manager,Kolkata,Bachelor's,Full-Time,Onsite,2016-11-13,9.8,49300,Meets Expectations,5,Very Satisfied,2,Yes,None,0,1,1.4,20,No,26-35,<50K,5-10 Years
EMP11338,Vihaan,Kumar,Female,47,Finance,Financial Analyst,Delhi NCR,Bachelor's,Full-Time,Hybrid,2015-09-02,11.0,100900,Meets Expectations,1,Very Dissatisfied,3,No,None,23,1,2.5,7,No,46-55,100K-150K,10+ Years
EMP11339,Isha,Rao,Male,48,Operations,Process Associate,Pune,Bachelor's,Full-Time,Onsite,2023-11-14,2.8,60000,Meets Expectations,3,Neutral,5,No,Frequently,31,0,9.3,9,No,46-55,50K-75K,1-3 Years
EMP11340,Ananya,Patel,Male,54,Finance,Finance Manager,Delhi NCR,Bachelor's,Full-Time,Onsite,2016-03-02,10.5,54600,Meets Expectations,3,Neutral,5,No,None,1,3,6.0,9,No,46-55,50K-75K,10+ Years
EMP11341,Aarav,Verma,Female,59,Human Resources,HR Analyst,Ahmedabad,Bachelor's,Full-Time,Hybrid,2023-11-14,2.8,69000,Outstanding,1,Very Dissatisfied,2,Yes,Frequently,16,0,2.4,16,Yes,56+,50K-75K,1-3 Years
EMP11342,Isha,Sharma,Male,45,Sales,Business Development Executive,Kolkata,Bachelor's,Full-Time,Hybrid,2024-06-20,2.2,70600,Meets Expectations,5,Very Satisfied,5,Yes,None,14,2,10.3,17,No,36-45,50K-75K,1-3 Years
EMP11343,Vihaan,Sharma,Female,44,Sales,Sales Manager,Delhi NCR,Bachelor's,Full-Time,Hybrid,2024-04-08,2.4,54000,Needs Improvement,5,Very Satisfied,5,No,Frequently,13,2,2.2,9,No,36-45,50K-75K,1-3 Years
EMP11344,Aditya,Singh,Female,55,Marketing,Marketing Manager,Bengaluru,Diploma,Full-Time,Hybrid,2017-07-27,9.1,44000,Outstanding,2,Dissatisfied,1,No,None,18,3,11.1,2,Yes,46-55,<50K,5-10 Years
EMP11345,Neha,Verma,Female,48,Technology,Software Engineer,Chennai,Bachelor's,Contract,Onsite,2014-12-20,11.7,102100,Meets Expectations,2,Dissatisfied,5,No,Frequently,5,0,9.1,12,No,46-55,100K-150K,10+ Years
EMP11346,Arjun,Rao,Non-Binary,35,Customer Support,Support Analyst,Ahmedabad,MBA,Full-Time,Hybrid,2017-09-01,9.0,33800,Meets Expectations,4,Satisfied,2,Yes,None,20,0,9.8,16,No,26-35,<50K,5-10 Years
EMP11347,Kiran,Sharma,Female,46,Operations,Operations Manager,Kolkata,Bachelor's,Full-Time,Onsite,2014-06-20,12.2,57000,Meets Expectations,2,Dissatisfied,4,No,Rarely,3,3,6.2,10,No,46-55,50K-75K,10+ Years
EMP11348,Nikhil,Reddy,Male,42,Marketing,Content Specialist,Hyderabad,Bachelor's,Full-Time,Hybrid,2017-09-01,9.0,86600,Needs Improvement,1,Very Dissatisfied,5,No,Frequently,4,2,6.1,11,No,36-45,75K-100K,5-10 Years
EMP11349,Divya,Reddy,Non-Binary,30,Operations,Operations Analyst,Ahmedabad,MBA,Full-Time,Hybrid,2014-09-01,12.0,82400,Meets Expectations,4,Satisfied,3,No,None,22,0,1.6,15,No,26-35,75K-100K,10+ Years
EMP11350,Priya,Reddy,Male,41,Marketing,Marketing Manager,Chennai,Bachelor's,Full-Time,Onsite,2011-12-20,14.7,62800,Meets Expectations,2,Dissatisfied,2,No,None,36,3,11.2,9,No,36-45,50K-75K,10+ Years
EMP11351,Divya,Das,Female,45,Sales,Account Manager,Bengaluru,Master's,Contract,Hybrid,2020-09-01,6.0,39900,Exceeds Expectations,3,Neutral,5,No,None,29,2,4.8,16,No,36-45,<50K,5-10 Years
EMP11352,Neha,Patel,Female,57,Finance,Financial Analyst,Hyderabad,Master's,Contract,Remote,2024-04-08,2.4,77600,Exceeds Expectations,4,Satisfied,3,No,Rarely,13,1,6.9,14,Yes,56+,75K-100K,1-3 Years
EMP11353,Kiran,Das,Male,44,Human Resources,HR Executive,Chennai,Bachelor's,Contract,Onsite,2024-06-20,2.2,55900,Meets Expectations,3,Neutral,4,No,Rarely,14,0,1.1,2,Yes,36-45,50K-75K,1-3 Years
EMP11354,Priya,Rao,Male,27,Customer Support,Team Lead,Ahmedabad,Bachelor's,Full-Time,Remote,2017-09-01,9.0,66800,Meets Expectations,5,Very Satisfied,4,Yes,Rarely,20,3,2.5,0,No,26-35,50K-75K,5-10 Years
EMP11355,Rohit,Iyer,Female,60,Technology,BI Analyst,Mumbai,Bachelor's,Contract,Hybrid,2018-05-15,8.3,108400,Needs Improvement,4,Satisfied,2,No,None,1,3,10.5,22,No,56+,100K-150K,5-10 Years
EMP11356,Rahul,Iyer,Male,44,Human Resources,HR Analyst,Chennai,Bachelor's,Full-Time,Onsite,2023-10-08,2.9,62400,Outstanding,5,Very Satisfied,3,No,None,27,2,5.3,12,No,36-45,50K-75K,1-3 Years
EMP11357,Ananya,Gupta,Female,32,Finance,Finance Manager,Mumbai,Bachelor's,Full-Time,Hybrid,2013-05-15,13.3,93300,Outstanding,5,Very Satisfied,2,Yes,Frequently,5,3,4.7,17,No,26-35,75K-100K,10+ Years
EMP11358,Isha,Joshi,Male,51,Sales,Sales Executive,Pune,Bachelor's,Full-Time,Hybrid,2012-04-08,14.4,55000,Meets Expectations,4,Satisfied,1,No,Rarely,29,1,3.3,13,No,46-55,50K-75K,10+ Years
EMP11359,Aisha,Singh,Male,36,Sales,Sales Executive,Hyderabad,Master's,Full-Time,Hybrid,2022-10-08,3.9,63400,Meets Expectations,3,Neutral,4,No,None,15,3,11.5,5,No,36-45,50K-75K,3-5 Years
EMP11360,Kiran,Singh,Female,35,Finance,Finance Manager,Chennai,Diploma,Full-Time,Onsite,2023-05-15,3.3,102700,Meets Expectations,3,Neutral,2,Yes,None,15,3,8.2,2,Yes,26-35,100K-150K,3-5 Years
EMP11361,Kiran,Reddy,Male,54,Sales,Sales Manager,Bengaluru,Bachelor's,Full-Time,Hybrid,2023-04-09,3.4,48400,Exceeds Expectations,4,Satisfied,3,No,None,18,0,6.0,19,No,46-55,<50K,3-5 Years
EMP11362,Pooja,Verma,Female,55,Sales,Business Development Executive,Ahmedabad,Master's,Full-Time,Hybrid,2020-10-08,5.9,53700,Outstanding,1,Very Dissatisfied,1,No,Frequently,5,1,11.5,2,No,46-55,50K-75K,5-10 Years
EMP11363,Sneha,Gupta,Female,41,Finance,Senior Accountant,Pune,Diploma,Contract,Hybrid,2013-11-13,12.8,100600,Needs Improvement,3,Neutral,4,No,Rarely,9,3,7.0,9,No,36-45,100K-150K,10+ Years
EMP11364,Sanjay,Verma,Female,35,Technology,Data Analyst,Bengaluru,Bachelor's,Full-Time,Hybrid,2017-09-01,9.0,90900,Meets Expectations,2,Dissatisfied,1,No,Rarely,8,1,11.2,8,Yes,26-35,75K-100K,5-10 Years
EMP11365,Isha,Kumar,Female,55,Human Resources,HR Manager,Chennai,MBA,Full-Time,Hybrid,2025-06-20,1.2,58000,Needs Improvement,3,Neutral,2,No,Rarely,34,1,2.1,3,No,46-55,50K-75K,1-3 Years
EMP11366,Aarav,Singh,Female,27,Sales,Account Manager,Pune,Bachelor's,Full-Time,Hybrid,2019-06-21,7.2,40700,Meets Expectations,5,Very Satisfied,1,No,Frequently,6,2,5.0,21,No,26-35,<50K,5-10 Years
EMP11367,Aisha,Patel,Female,50,Finance,Senior Accountant,Mumbai,Bachelor's,Contract,Hybrid,2025-03-03,1.5,73300,Needs Improvement,3,Neutral,5,No,None,5,0,6.7,12,No,46-55,50K-75K,1-3 Years
EMP11368,Sanjay,Joshi,Female,44,Human Resources,HR Executive,Hyderabad,Bachelor's,Full-Time,Onsite,2020-06-20,6.2,67200,Meets Expectations,3,Neutral,4,No,None,10,0,2.3,14,Yes,36-45,50K-75K,5-10 Years
EMP11369,Sanjay,Reddy,Male,55,Customer Support,Support Executive,Ahmedabad,MBA,Full-Time,Hybrid,2020-06-20,6.2,48000,Needs Improvement,3,Neutral,4,No,None,17,0,7.7,8,No,46-55,<50K,5-10 Years
EMP11370,Kavya,Patel,Female,37,Marketing,Marketing Executive,Bengaluru,Master's,Contract,Onsite,2016-11-13,9.8,58000,Outstanding,2,Dissatisfied,3,No,Frequently,24,3,8.9,12,Yes,36-45,50K-75K,5-10 Years
EMP11371,Rahul,Patel,Male,54,Customer Support,Team Lead,Delhi NCR,Bachelor's,Full-Time,Hybrid,2018-05-15,8.3,46500,Meets Expectations,4,Satisfied,5,No,Rarely,17,0,3.0,20,No,46-55,<50K,5-10 Years
EMP11372,Pooja,Rao,Male,21,Finance,Financial Analyst,Ahmedabad,Bachelor's,Full-Time,Onsite,2013-07-27,13.1,86300,Meets Expectations,2,Dissatisfied,1,No,None,21,0,4.8,22,No,21-25,75K-100K,10+ Years
EMP11373,Vihaan,Patel,Male,51,Human Resources,HR Manager,Hyderabad,Bachelor's,Contract,Hybrid,2026-04-08,0.4,86900,Meets Expectations,5,Very Satisfied,3,No,Frequently,21,2,11.2,6,No,46-55,75K-100K,<1 Year
EMP11374,Priya,Joshi,Male,23,Finance,Finance Manager,Chennai,Diploma,Full-Time,Onsite,2014-12-20,11.7,86800,Needs Improvement,1,Very Dissatisfied,1,Yes,None,6,3,7.2,12,No,21-25,75K-100K,10+ Years
EMP11375,Sanjay,Verma,Female,46,Customer Support,Support Executive,Mumbai,Bachelor's,Full-Time,Remote,2026-03-03,0.5,57300,Meets Expectations,2,Dissatisfied,4,Yes,None,0,0,8.4,8,No,46-55,50K-75K,<1 Year
EMP11376,Divya,Singh,Male,28,Customer Support,Team Lead,Hyderabad,Bachelor's,Contract,Hybrid,2021-12-20,4.7,63900,Outstanding,4,Satisfied,5,No,Rarely,27,2,9.6,0,Yes,26-35,50K-75K,3-5 Years
EMP11377,Kavya,Singh,Male,59,Customer Support,Support Executive,Delhi NCR,Bachelor's,Full-Time,Hybrid,2013-06-20,13.2,38600,Needs Improvement,1,Very Dissatisfied,4,No,Frequently,38,3,2.8,15,No,56+,<50K,10+ Years
EMP11378,Vikram,Verma,Male,51,Operations,Operations Executive,Kolkata,Bachelor's,Contract,Onsite,2016-04-08,10.4,51000,Meets Expectations,3,Neutral,1,No,None,2,2,8.7,19,No,46-55,50K-75K,10+ Years
EMP11379,Nikhil,Singh,Female,25,Human Resources,Recruiter,Bengaluru,Bachelor's,Full-Time,Hybrid,2023-12-20,2.7,44500,Exceeds Expectations,2,Dissatisfied,4,No,None,37,2,10.7,10,No,21-25,<50K,1-3 Years
EMP11380,Rahul,Joshi,Male,56,Human Resources,HR Analyst,Kolkata,MBA,Full-Time,Hybrid,2019-03-03,7.5,59600,Meets Expectations,5,Very Satisfied,2,Yes,Frequently,37,3,11.4,22,Yes,56+,50K-75K,5-10 Years
EMP11381,Vihaan,Reddy,Female,31,Customer Support,Customer Success Specialist,Chennai,MBA,Full-Time,Hybrid,2015-10-08,10.9,70900,Meets Expectations,1,Very Dissatisfied,2,No,Rarely,32,0,1.4,17,No,26-35,50K-75K,10+ Years
EMP11382,Nikhil,Patel,Female,42,Technology,Software Engineer,Ahmedabad,Bachelor's,Full-Time,Hybrid,2012-07-26,14.1,81600,Meets Expectations,3,Neutral,3,No,Rarely,23,3,2.7,22,No,36-45,75K-100K,10+ Years
EMP11383,Aarav,Rao,Female,24,Finance,Finance Manager,Pune,Master's,Full-Time,Hybrid,2017-01-25,9.6,99000,Meets Expectations,3,Neutral,3,No,None,13,0,0.3,0,No,21-25,75K-100K,5-10 Years
EMP11384,Kavya,Iyer,Male,25,Customer Support,Support Executive,Hyderabad,Bachelor's,Full-Time,Onsite,2026-01-25,0.6,35600,Meets Expectations,5,Very Satisfied,1,Yes,None,24,3,4.9,4,Yes,21-25,<50K,<1 Year
EMP11385,Meera,Patel,Female,30,Finance,Financial Analyst,Delhi NCR,Bachelor's,Full-Time,Onsite,2019-01-26,7.6,75600,Meets Expectations,3,Neutral,3,No,None,0,3,3.8,6,No,26-35,75K-100K,5-10 Years
EMP11386,Vihaan,Kumar,Male,42,Technology,BI Analyst,Chennai,Bachelor's,Full-Time,Hybrid,2024-03-02,2.5,83200,Meets Expectations,1,Very Dissatisfied,1,Yes,None,11,3,7.1,12,No,36-45,75K-100K,1-3 Years
EMP11387,Divya,Singh,Female,42,Human Resources,HR Analyst,Delhi NCR,Bachelor's,Full-Time,Hybrid,2025-10-08,0.9,52200,Meets Expectations,5,Very Satisfied,4,Yes,Frequently,16,1,3.1,21,No,36-45,50K-75K,<1 Year
EMP11388,Vihaan,Nair,Female,55,Finance,Finance Manager,Ahmedabad,Bachelor's,Full-Time,Hybrid,2017-07-27,9.1,70500,Meets Expectations,1,Very Dissatisfied,1,Yes,Rarely,20,2,8.5,9,Yes,46-55,50K-75K,5-10 Years
EMP11389,Sanjay,Iyer,Female,27,Customer Support,Support Executive,Kolkata,Master's,Full-Time,Hybrid,2014-12-20,11.7,57500,Needs Improvement,4,Satisfied,5,No,Frequently,11,2,11.5,5,No,26-35,50K-75K,10+ Years
EMP11390,Sneha,Sharma,Female,50,Customer Support,Support Analyst,Hyderabad,Master's,Full-Time,Hybrid,2025-12-20,0.7,51200,Meets Expectations,2,Dissatisfied,5,Yes,None,17,0,1.4,10,No,46-55,50K-75K,<1 Year
EMP11391,Sneha,Gupta,Male,21,Finance,Senior Accountant,Hyderabad,MBA,Contract,Hybrid,2014-11-14,11.8,98100,Meets Expectations,1,Very Dissatisfied,4,Yes,None,29,3,2.7,10,No,21-25,75K-100K,10+ Years
EMP11392,Vikram,Verma,Female,32,Human Resources,HR Analyst,Pune,Master's,Full-Time,Hybrid,2015-12-20,10.7,87600,Outstanding,1,Very Dissatisfied,4,Yes,Rarely,38,1,2.5,7,Yes,26-35,75K-100K,10+ Years
EMP11393,Aarav,Singh,Male,28,Customer Support,Customer Success Specialist,Bengaluru,Bachelor's,Full-Time,Remote,2015-05-15,11.3,50900,Outstanding,5,Very Satisfied,3,Yes,None,33,2,11.8,16,No,26-35,50K-75K,10+ Years
EMP11394,Aisha,Reddy,Male,25,Operations,Operations Manager,Ahmedabad,Bachelor's,Contract,Onsite,2022-11-14,3.8,81700,Exceeds Expectations,5,Very Satisfied,3,No,None,3,2,7.1,0,No,21-25,75K-100K,3-5 Years
EMP11395,Sanjay,Gupta,Female,44,Technology,BI Analyst,Mumbai,MBA,Contract,Onsite,2020-09-01,6.0,63600,Needs Improvement,4,Satisfied,3,Yes,None,24,0,3.9,7,No,36-45,50K-75K,5-10 Years
EMP11396,Kiran,Gupta,Female,57,Marketing,Marketing Executive,Hyderabad,Bachelor's,Full-Time,Onsite,2024-09-01,2.0,57900,Meets Expectations,5,Very Satisfied,5,No,None,18,0,4.7,4,No,56+,50K-75K,1-3 Years
EMP11397,Sanjay,Reddy,Female,47,Marketing,Marketing Manager,Mumbai,Bachelor's,Contract,Onsite,2022-12-20,3.7,65300,Needs Improvement,5,Very Satisfied,1,Yes,None,21,3,9.8,1,No,46-55,50K-75K,3-5 Years
EMP11398,Nikhil,Gupta,Female,55,Marketing,Marketing Executive,Delhi NCR,Master's,Full-Time,Hybrid,2021-12-20,4.7,73900,Meets Expectations,2,Dissatisfied,3,Yes,None,32,2,9.1,2,No,46-55,50K-75K,3-5 Years
EMP11399,Priya,Verma,Female,44,Sales,Sales Manager,Kolkata,MBA,Contract,Hybrid,2021-10-08,4.9,64500,Meets Expectations,4,Satisfied,3,Yes,Frequently,13,1,5.1,19,Yes,36-45,50K-75K,3-5 Years
EMP11400,Ananya,Singh,Female,23,Finance,Senior Accountant,Ahmedabad,Bachelor's,Full-Time,Hybrid,2023-11-14,2.8,82000,Outstanding,3,Neutral,2,No,None,22,2,3.6,11,No,21-25,75K-100K,1-3 Years
EMP11401,Priya,Verma,Female,34,Operations,Operations Manager,Mumbai,MBA,Full-Time,Remote,2023-09-02,3.0,77800,Meets Expectations,1,Very Dissatisfied,3,Yes,Rarely,36,2,11.5,22,No,26-35,75K-100K,1-3 Years
EMP11402,Meera,Iyer,Male,53,Technology,IT Support Specialist,Mumbai,Bachelor's,Contract,Onsite,2013-03-03,13.5,78000,Meets Expectations,3,Neutral,3,Yes,Rarely,23,2,10.1,4,No,46-55,75K-100K,10+ Years
EMP11403,Meera,Rao,Male,22,Finance,Accountant,Hyderabad,Master's,Full-Time,Onsite,2014-11-14,11.8,96500,Outstanding,1,Very Dissatisfied,1,No,None,22,3,0.3,21,No,21-25,75K-100K,10+ Years
EMP11404,Aarav,Joshi,Male,24,Finance,Senior Accountant,Ahmedabad,Master's,Full-Time,Onsite,2021-05-15,5.3,81400,Meets Expectations,4,Satisfied,3,No,None,37,2,6.2,11,No,21-25,75K-100K,5-10 Years
EMP11405,Sneha,Sharma,Male,54,Technology,IT Support Specialist,Kolkata,Bachelor's,Full-Time,Hybrid,2012-06-20,14.2,92900,Exceeds Expectations,2,Dissatisfied,1,Yes,None,1,0,0.7,2,No,46-55,75K-100K,10+ Years
EMP11406,Rahul,Nair,Female,23,Technology,IT Support Specialist,Kolkata,MBA,Full-Time,Hybrid,2022-12-20,3.7,79500,Meets Expectations,1,Very Dissatisfied,2,Yes,None,15,3,6.7,4,Yes,21-25,75K-100K,3-5 Years
EMP11407,Vihaan,Nair,Female,59,Finance,Finance Manager,Ahmedabad,Bachelor's,Contract,Onsite,2020-06-20,6.2,66500,Needs Improvement,4,Satisfied,2,No,None,20,0,11.3,11,No,56+,50K-75K,5-10 Years
EMP11408,Vihaan,Nair,Female,51,Customer Support,Support Analyst,Kolkata,Master's,Contract,Onsite,2014-06-20,12.2,47300,Meets Expectations,2,Dissatisfied,4,No,Frequently,0,1,0.4,15,No,46-55,<50K,10+ Years
EMP11409,Sneha,Singh,Male,47,Sales,Sales Manager,Chennai,Bachelor's,Full-Time,Remote,2019-11-14,6.8,74700,Meets Expectations,3,Neutral,5,No,None,19,0,3.8,18,No,46-55,50K-75K,5-10 Years
EMP11410,Divya,Sharma,Female,42,Technology,IT Support Specialist,Delhi NCR,Master's,Full-Time,Onsite,2022-12-20,3.7,92000,Meets Expectations,1,Very Dissatisfied,1,No,None,37,2,6.1,21,No,36-45,75K-100K,3-5 Years
EMP11411,Aisha,Sharma,Female,24,Sales,Business Development Executive,Ahmedabad,Diploma,Contract,Onsite,2020-12-20,5.7,46200,Meets Expectations,1,Very Dissatisfied,2,No,Frequently,32,3,3.2,20,Yes,21-25,<50K,5-10 Years
EMP11412,Aditya,Patel,Male,37,Human Resources,HR Analyst,Hyderabad,Bachelor's,Full-Time,Hybrid,2019-01-26,7.6,80300,Meets Expectations,5,Very Satisfied,1,No,Rarely,1,2,1.6,13,Yes,36-45,75K-100K,5-10 Years
EMP11413,Rahul,Reddy,Male,53,Technology,Software Engineer,Bengaluru,Bachelor's,Full-Time,Hybrid,2017-04-08,9.4,105100,Exceeds Expectations,3,Neutral,3,Yes,Rarely,35,0,3.4,0,No,46-55,100K-150K,5-10 Years
EMP11414,Isha,Kumar,Female,57,Operations,Operations Executive,Chennai,Master's,Full-Time,Hybrid,2020-06-20,6.2,80200,Meets Expectations,3,Neutral,2,Yes,None,32,1,4.8,2,No,56+,75K-100K,5-10 Years
EMP11415,Sneha,Sharma,Male,38,Marketing,Marketing Executive,Delhi NCR,Bachelor's,Full-Time,Hybrid,2020-01-26,6.6,71100,Needs Improvement,4,Satisfied,3,No,Frequently,35,0,3.9,22,No,36-45,50K-75K,5-10 Years
EMP11416,Ananya,Singh,Female,54,Operations,Operations Executive,Kolkata,Bachelor's,Full-Time,Hybrid,2022-07-27,4.1,66900,Needs Improvement,4,Satisfied,1,Yes,Rarely,5,2,11.9,3,No,46-55,50K-75K,3-5 Years
EMP11417,Arjun,Joshi,Female,52,Marketing,Marketing Executive,Pune,Bachelor's,Full-Time,Hybrid,2018-07-27,8.1,68500,Meets Expectations,1,Very Dissatisfied,5,No,Rarely,36,1,11.5,2,Yes,46-55,50K-75K,5-10 Years
EMP11418,Aisha,Reddy,Male,23,Human Resources,HR Executive,Bengaluru,Bachelor's,Contract,Hybrid,2023-04-09,3.4,76300,Meets Expectations,5,Very Satisfied,5,No,Rarely,0,1,7.7,18,No,21-25,75K-100K,3-5 Years
EMP11419,Isha,Singh,Male,45,Customer Support,Team Lead,Bengaluru,Diploma,Contract,Remote,2013-09-01,13.0,49100,Meets Expectations,4,Satisfied,5,Yes,None,1,3,0.8,12,No,36-45,<50K,10+ Years
EMP11420,Rohit,Patel,Female,45,Human Resources,HR Executive,Pune,Bachelor's,Full-Time,Hybrid,2015-05-15,11.3,48900,Exceeds Expectations,2,Dissatisfied,3,No,Frequently,14,3,1.1,9,No,36-45,<50K,10+ Years
EMP11421,Divya,Rao,Male,42,Customer Support,Support Analyst,Hyderabad,Bachelor's,Full-Time,Remote,2020-05-14,6.3,70400,Meets Expectations,2,Dissatisfied,4,No,Frequently,33,2,8.5,10,No,36-45,50K-75K,5-10 Years
EMP11422,Sanjay,Verma,Female,51,Customer Support,Customer Success Specialist,Mumbai,Master's,Full-Time,Hybrid,2015-05-15,11.3,60100,Meets Expectations,1,Very Dissatisfied,1,Yes,Rarely,35,3,8.1,15,Yes,46-55,50K-75K,10+ Years
EMP11423,Aarav,Iyer,Male,56,Marketing,Marketing Executive,Kolkata,Bachelor's,Full-Time,Onsite,2026-05-15,0.3,75300,Meets Expectations,2,Dissatisfied,4,No,None,25,2,2.3,22,No,56+,75K-100K,<1 Year
EMP11424,Divya,Reddy,Male,43,Marketing,Marketing Manager,Chennai,Master's,Full-Time,Hybrid,2021-05-15,5.3,68600,Exceeds Expectations,2,Dissatisfied,4,No,Rarely,1,1,10.6,15,No,36-45,50K-75K,5-10 Years
EMP11425,Arjun,Patel,Female,33,Technology,IT Support Specialist,Chennai,Bachelor's,Full-Time,Remote,2019-12-20,6.7,108400,Outstanding,2,Dissatisfied,4,No,None,35,1,8.7,13,No,26-35,100K-150K,5-10 Years
EMP11426,Vihaan,Reddy,Female,60,Operations,Process Associate,Kolkata,Master's,Full-Time,Remote,2019-06-21,7.2,43200,Meets Expectations,4,Satisfied,4,No,Rarely,10,2,2.6,4,No,56+,<50K,5-10 Years
EMP11427,Sanjay,Sharma,Male,59,Marketing,Content Specialist,Hyderabad,Bachelor's,Full-Time,Onsite,2015-05-15,11.3,60500,Exceeds Expectations,2,Dissatisfied,1,No,None,30,1,10.9,7,No,56+,50K-75K,10+ Years
EMP11428,Sneha,Nair,Male,48,Customer Support,Support Analyst,Ahmedabad,Master's,Full-Time,Hybrid,2012-04-08,14.4,37100,Meets Expectations,3,Neutral,3,No,Frequently,11,3,8.9,6,No,46-55,<50K,10+ Years
EMP11429,Sneha,Patel,Male,46,Technology,BI Analyst,Bengaluru,Bachelor's,Contract,Remote,2020-11-13,5.8,67300,Needs Improvement,3,Neutral,3,No,Frequently,23,1,10.9,16,Yes,46-55,50K-75K,5-10 Years
EMP11430,Divya,Kumar,Male,25,Operations,Operations Executive,Hyderabad,MBA,Full-Time,Hybrid,2021-04-08,5.4,38500,Needs Improvement,1,Very Dissatisfied,3,No,None,3,2,10.7,16,No,21-25,<50K,5-10 Years
EMP11431,Sanjay,Rao,Male,37,Human Resources,HR Manager,Mumbai,Bachelor's,Contract,Hybrid,2017-06-20,9.2,80100,Meets Expectations,1,Very Dissatisfied,3,No,Rarely,40,0,0.2,0,No,36-45,75K-100K,5-10 Years
EMP11432,Aditya,Rao,Male,28,Technology,BI Analyst,Hyderabad,Bachelor's,Contract,Remote,2022-04-08,4.4,74500,Meets Expectations,1,Very Dissatisfied,4,Yes,Frequently,3,1,6.6,0,Yes,26-35,50K-75K,3-5 Years
EMP11433,Sanjay,Rao,Female,41,Technology,Data Analyst,Chennai,Bachelor's,Contract,Hybrid,2024-05-14,2.3,116900,Meets Expectations,4,Satisfied,3,No,None,39,1,1.4,21,No,36-45,100K-150K,1-3 Years
EMP11434,Isha,Joshi,Female,54,Human Resources,HR Analyst,Kolkata,Bachelor's,Full-Time,Onsite,2012-04-08,14.4,87600,Exceeds Expectations,4,Satisfied,2,Yes,None,37,2,4.2,11,Yes,46-55,75K-100K,10+ Years
EMP11435,Aarav,Nair,Female,29,Finance,Finance Manager,Delhi NCR,Bachelor's,Full-Time,Onsite,2014-06-20,12.2,58600,Meets Expectations,1,Very Dissatisfied,4,Yes,None,6,3,3.7,21,Yes,26-35,50K-75K,10+ Years
EMP11436,Kiran,Singh,Female,60,Sales,Sales Executive,Hyderabad,Bachelor's,Contract,Hybrid,2012-04-08,14.4,72200,Meets Expectations,4,Satisfied,3,No,Frequently,28,1,6.2,3,No,56+,50K-75K,10+ Years
EMP11437,Kavya,Kumar,Female,26,Finance,Senior Accountant,Delhi NCR,Bachelor's,Full-Time,Hybrid,2023-04-09,3.4,75700,Meets Expectations,5,Very Satisfied,1,No,None,14,0,10.2,8,No,26-35,75K-100K,3-5 Years
EMP11438,Rahul,Reddy,Female,24,Marketing,Digital Marketing Analyst,Bengaluru,Master's,Full-Time,Remote,2026-03-03,0.5,91500,Meets Expectations,1,Very Dissatisfied,4,No,None,12,1,1.9,11,No,21-25,75K-100K,<1 Year
EMP11439,Sanjay,Nair,Female,59,Finance,Financial Analyst,Bengaluru,Bachelor's,Full-Time,Hybrid,2019-12-20,6.7,77100,Outstanding,1,Very Dissatisfied,3,Yes,None,13,1,5.7,4,Yes,56+,75K-100K,5-10 Years
EMP11440,Arjun,Das,Female,25,Customer Support,Customer Success Specialist,Pune,Bachelor's,Contract,Onsite,2012-09-01,14.0,46900,Meets Expectations,4,Satisfied,5,No,None,9,3,10.3,11,No,21-25,<50K,10+ Years
EMP11441,Aditya,Nair,Male,50,Operations,Process Associate,Chennai,Bachelor's,Full-Time,Hybrid,2024-06-20,2.2,50800,Needs Improvement,2,Dissatisfied,2,No,None,39,0,5.7,5,No,46-55,50K-75K,1-3 Years
EMP11442,Neha,Nair,Female,51,Human Resources,HR Analyst,Pune,Bachelor's,Full-Time,Onsite,2024-10-08,1.9,87500,Outstanding,2,Dissatisfied,5,No,Rarely,1,1,3.4,12,No,46-55,75K-100K,1-3 Years
EMP11443,Aisha,Gupta,Female,34,Customer Support,Support Analyst,Mumbai,Bachelor's,Full-Time,Onsite,2025-06-20,1.2,41000,Meets Expectations,3,Neutral,3,Yes,None,14,0,6.8,9,No,26-35,<50K,1-3 Years
EMP11444,Aarav,Gupta,Male,23,Human Resources,HR Manager,Delhi NCR,Bachelor's,Contract,Hybrid,2015-03-03,11.5,83700,Meets Expectations,1,Very Dissatisfied,5,No,Rarely,14,3,0.4,8,No,21-25,75K-100K,10+ Years
EMP11445,Ananya,Iyer,Male,33,Sales,Sales Executive,Hyderabad,Bachelor's,Contract,Hybrid,2014-11-14,11.8,48100,Needs Improvement,3,Neutral,1,No,Rarely,17,3,5.6,17,Yes,26-35,<50K,10+ Years
EMP11446,Nikhil,Verma,Male,23,Sales,Business Development Executive,Pune,Master's,Contract,Onsite,2016-03-02,10.5,69100,Meets Expectations,2,Dissatisfied,1,No,Frequently,12,2,6.4,5,No,21-25,50K-75K,10+ Years
EMP11447,Vikram,Joshi,Female,47,Customer Support,Customer Success Specialist,Pune,Bachelor's,Full-Time,Hybrid,2025-09-01,1.0,49700,Outstanding,5,Very Satisfied,2,Yes,None,27,2,2.8,6,Yes,46-55,<50K,<1 Year
EMP11448,Kavya,Das,Female,56,Customer Support,Support Analyst,Mumbai,Master's,Full-Time,Remote,2015-10-08,10.9,36300,Meets Expectations,4,Satisfied,5,No,Rarely,37,1,3.2,10,No,56+,<50K,10+ Years
EMP11449,Sneha,Rao,Male,60,Operations,Operations Executive,Pune,Master's,Full-Time,Hybrid,2019-11-14,6.8,43200,Outstanding,2,Dissatisfied,3,No,Rarely,27,3,1.4,6,No,56+,<50K,5-10 Years
EMP11450,Aditya,Singh,Male,53,Sales,Sales Executive,Delhi NCR,Master's,Full-Time,Onsite,2024-03-02,2.5,52200,Meets Expectations,4,Satisfied,4,Yes,None,9,3,10.7,10,No,46-55,50K-75K,1-3 Years
EMP11451,Divya,Reddy,Male,51,Finance,Senior Accountant,Delhi NCR,Bachelor's,Contract,Remote,2022-01-25,4.6,93600,Needs Improvement,3,Neutral,1,No,None,40,0,0.8,3,No,46-55,75K-100K,3-5 Years
EMP11452,Rahul,Patel,Female,56,Sales,Business Development Executive,Hyderabad,Bachelor's,Full-Time,Onsite,2019-01-26,7.6,73100,Meets Expectations,3,Neutral,2,Yes,None,16,0,10.7,10,No,56+,50K-75K,5-10 Years
EMP11453,Ananya,Verma,Male,51,Sales,Business Development Executive,Delhi NCR,MBA,Contract,Onsite,2021-07-27,5.1,48600,Exceeds Expectations,4,Satisfied,2,No,Rarely,12,2,11.5,11,No,46-55,<50K,5-10 Years
EMP11454,Arjun,Gupta,Female,47,Technology,BI Analyst,Pune,Master's,Full-Time,Onsite,2012-01-26,14.6,91900,Exceeds Expectations,2,Dissatisfied,5,No,None,27,3,7.0,12,No,46-55,75K-100K,10+ Years
EMP11455,Sneha,Joshi,Male,60,Marketing,Digital Marketing Analyst,Pune,Bachelor's,Full-Time,Onsite,2019-06-21,7.2,48600,Meets Expectations,3,Neutral,1,No,Frequently,39,2,10.7,12,No,56+,<50K,5-10 Years
EMP11456,Aarav,Reddy,Male,33,Sales,Sales Executive,Hyderabad,Master's,Full-Time,Onsite,2020-12-20,5.7,72500,Meets Expectations,3,Neutral,5,No,Frequently,13,2,6.3,11,No,26-35,50K-75K,5-10 Years
EMP11457,Kiran,Reddy,Male,37,Customer Support,Customer Success Specialist,Chennai,Master's,Full-Time,Onsite,2016-06-20,10.2,63000,Meets Expectations,4,Satisfied,2,Yes,Rarely,8,1,0.6,8,No,36-45,50K-75K,10+ Years
EMP11458,Sanjay,Gupta,Male,57,Human Resources,Recruiter,Kolkata,MBA,Full-Time,Hybrid,2016-11-13,9.8,87000,Meets Expectations,2,Dissatisfied,4,No,Frequently,32,2,3.1,7,No,56+,75K-100K,5-10 Years
EMP11459,Vihaan,Sharma,Non-Binary,33,Technology,Data Analyst,Bengaluru,Bachelor's,Full-Time,Onsite,2026-06-20,0.2,120700,Meets Expectations,5,Very Satisfied,2,No,Rarely,19,0,11.7,12,No,26-35,100K-150K,<1 Year
EMP11460,Sanjay,Joshi,Male,32,Human Resources,HR Analyst,Hyderabad,Master's,Full-Time,Onsite,2017-04-08,9.4,59000,Meets Expectations,2,Dissatisfied,1,Yes,None,29,1,9.8,6,Yes,26-35,50K-75K,5-10 Years
EMP11461,Priya,Kumar,Female,27,Operations,Operations Executive,Bengaluru,Bachelor's,Contract,Hybrid,2022-11-14,3.8,49000,Meets Expectations,1,Very Dissatisfied,4,No,None,18,3,11.8,7,Yes,26-35,<50K,3-5 Years
EMP11462,Meera,Verma,Female,32,Finance,Accountant,Kolkata,Bachelor's,Full-Time,Hybrid,2020-11-13,5.8,101200,Needs Improvement,3,Neutral,1,No,Frequently,1,3,5.3,16,No,26-35,100K-150K,5-10 Years
EMP11463,Vikram,Sharma,Female,44,Sales,Sales Executive,Bengaluru,Bachelor's,Contract,Hybrid,2015-12-20,10.7,45800,Needs Improvement,2,Dissatisfied,1,No,None,14,2,2.9,17,No,36-45,<50K,10+ Years
EMP11464,Neha,Sharma,Female,56,Sales,Sales Executive,Kolkata,Diploma,Contract,Onsite,2018-04-08,8.4,41800,Meets Expectations,3,Neutral,5,Yes,Frequently,35,3,3.3,12,Yes,56+,<50K,5-10 Years
EMP11465,Kiran,Joshi,Male,26,Operations,Operations Executive,Bengaluru,Master's,Contract,Hybrid,2020-12-20,5.7,51600,Needs Improvement,5,Very Satisfied,2,No,None,38,1,9.9,17,No,26-35,50K-75K,5-10 Years
EMP11466,Divya,Gupta,Female,48,Sales,Sales Manager,Mumbai,Master's,Full-Time,Remote,2023-12-20,2.7,74600,Needs Improvement,1,Very Dissatisfied,5,Yes,None,14,2,2.6,2,No,46-55,50K-75K,1-3 Years
EMP11467,Divya,Iyer,Female,51,Marketing,Digital Marketing Analyst,Chennai,Master's,Full-Time,Onsite,2018-12-20,7.7,79700,Meets Expectations,1,Very Dissatisfied,2,Yes,Rarely,28,1,7.4,19,No,46-55,75K-100K,5-10 Years
EMP11468,Aisha,Joshi,Female,56,Finance,Financial Analyst,Ahmedabad,Bachelor's,Full-Time,Hybrid,2021-10-08,4.9,106500,Meets Expectations,2,Dissatisfied,2,No,Frequently,3,3,10.8,4,No,56+,100K-150K,3-5 Years
EMP11469,Rahul,Iyer,Female,51,Operations,Operations Manager,Pune,Bachelor's,Full-Time,Hybrid,2012-12-20,13.7,53700,Exceeds Expectations,3,Neutral,3,No,Frequently,8,0,9.8,9,No,46-55,50K-75K,10+ Years
EMP11470,Divya,Kumar,Female,27,Sales,Sales Executive,Pune,Bachelor's,Contract,Hybrid,2018-07-27,8.1,51900,Meets Expectations,1,Very Dissatisfied,2,No,None,28,2,5.2,10,No,26-35,50K-75K,5-10 Years
EMP11471,Vikram,Nair,Male,40,Customer Support,Support Executive,Chennai,Bachelor's,Contract,Onsite,2013-09-01,13.0,46900,Outstanding,4,Satisfied,5,No,None,1,1,4.8,8,No,36-45,<50K,10+ Years
EMP11472,Rahul,Gupta,Female,59,Marketing,Marketing Executive,Pune,Diploma,Full-Time,Onsite,2020-09-01,6.0,84300,Exceeds Expectations,4,Satisfied,4,Yes,Rarely,30,2,7.2,0,No,56+,75K-100K,5-10 Years
EMP11473,Nikhil,Kumar,Female,57,Human Resources,HR Analyst,Bengaluru,Master's,Contract,Hybrid,2014-04-08,12.4,52800,Meets Expectations,4,Satisfied,4,No,Frequently,39,2,5.4,17,No,56+,50K-75K,10+ Years
EMP11474,Arjun,Kumar,Male,45,Technology,IT Support Specialist,Hyderabad,Bachelor's,Full-Time,Hybrid,2025-09-01,1.0,125000,Meets Expectations,3,Neutral,1,No,None,2,2,3.4,2,No,36-45,100K-150K,<1 Year
EMP11475,Vikram,Singh,Male,59,Customer Support,Support Executive,Mumbai,Bachelor's,Contract,Hybrid,2022-01-25,4.6,52100,Meets Expectations,5,Very Satisfied,2,No,Rarely,23,2,1.5,20,No,56+,50K-75K,3-5 Years
EMP11476,Vikram,Das,Male,47,Finance,Accountant,Delhi NCR,Bachelor's,Full-Time,Onsite,2025-04-08,1.4,94600,Needs Improvement,4,Satisfied,3,No,None,14,0,3.9,3,No,46-55,75K-100K,1-3 Years
EMP11477,Divya,Rao,Female,23,Human Resources,HR Executive,Bengaluru,Master's,Full-Time,Onsite,2025-12-20,0.7,83700,Needs Improvement,5,Very Satisfied,3,No,Rarely,26,3,1.9,14,No,21-25,75K-100K,<1 Year
EMP11478,Sanjay,Patel,Male,57,Finance,Accountant,Chennai,Master's,Full-Time,Hybrid,2012-11-13,13.8,76800,Outstanding,1,Very Dissatisfied,5,Yes,None,36,0,0.9,19,No,56+,75K-100K,10+ Years
EMP11479,Neha,Verma,Male,27,Technology,BI Analyst,Delhi NCR,Master's,Contract,Hybrid,2015-11-14,10.8,110500,Meets Expectations,4,Satisfied,4,Yes,Frequently,3,2,10.8,15,Yes,26-35,100K-150K,10+ Years
EMP11480,Isha,Gupta,Female,36,Finance,Accountant,Ahmedabad,Diploma,Full-Time,Hybrid,2017-03-03,9.5,70100,Meets Expectations,2,Dissatisfied,2,Yes,None,27,2,8.0,8,No,36-45,50K-75K,5-10 Years
EMP11481,Meera,Gupta,Male,30,Technology,BI Analyst,Bengaluru,Bachelor's,Full-Time,Onsite,2018-07-27,8.1,115400,Outstanding,1,Very Dissatisfied,3,No,Rarely,7,0,11.6,14,No,26-35,100K-150K,5-10 Years
EMP11482,Ananya,Gupta,Female,49,Sales,Business Development Executive,Kolkata,Diploma,Full-Time,Hybrid,2018-01-25,8.6,77600,Needs Improvement,1,Very Dissatisfied,4,No,Rarely,21,1,9.0,19,Yes,46-55,75K-100K,5-10 Years
EMP11483,Priya,Singh,Female,22,Finance,Senior Accountant,Chennai,Bachelor's,Contract,Hybrid,2016-12-20,9.7,81900,Outstanding,1,Very Dissatisfied,3,Yes,None,18,0,8.8,14,No,21-25,75K-100K,5-10 Years
EMP11484,Divya,Singh,Male,46,Sales,Sales Manager,Mumbai,Diploma,Contract,Remote,2014-04-08,12.4,49200,Meets Expectations,1,Very Dissatisfied,3,No,None,20,3,5.8,8,No,46-55,<50K,10+ Years
EMP11485,Kavya,Singh,Male,55,Finance,Finance Manager,Hyderabad,Bachelor's,Full-Time,Remote,2017-09-01,9.0,105500,Meets Expectations,3,Neutral,4,No,Rarely,31,1,7.5,5,Yes,46-55,100K-150K,5-10 Years
EMP11486,Kiran,Joshi,Male,52,Customer Support,Team Lead,Chennai,Master's,Full-Time,Hybrid,2015-05-15,11.3,68900,Meets Expectations,4,Satisfied,2,No,Rarely,24,2,1.3,16,No,46-55,50K-75K,10+ Years
EMP11487,Priya,Rao,Male,33,Technology,IT Support Specialist,Pune,Master's,Full-Time,Remote,2022-04-08,4.4,102000,Needs Improvement,3,Neutral,1,Yes,Rarely,14,1,8.0,4,No,26-35,100K-150K,3-5 Years
EMP11488,Priya,Joshi,Male,56,Sales,Account Manager,Bengaluru,Bachelor's,Contract,Hybrid,2011-12-20,14.7,85000,Exceeds Expectations,1,Very Dissatisfied,3,No,Rarely,26,0,7.8,12,No,56+,75K-100K,10+ Years
EMP11489,Priya,Patel,Female,35,Sales,Sales Executive,Kolkata,Bachelor's,Full-Time,Onsite,2025-12-20,0.7,62500,Needs Improvement,4,Satisfied,2,No,None,24,0,6.0,3,No,26-35,50K-75K,<1 Year
EMP11490,Kavya,Singh,Male,48,Human Resources,HR Executive,Bengaluru,Master's,Full-Time,Remote,2020-10-08,5.9,60900,Meets Expectations,1,Very Dissatisfied,3,No,Frequently,2,3,7.9,5,Yes,46-55,50K-75K,5-10 Years
EMP11491,Nikhil,Singh,Non-Binary,41,Technology,IT Support Specialist,Bengaluru,Bachelor's,Full-Time,Onsite,2013-05-15,13.3,90800,Needs Improvement,5,Very Satisfied,5,No,None,25,1,9.7,20,No,36-45,75K-100K,10+ Years
EMP11492,Arjun,Singh,Female,23,Human Resources,Recruiter,Bengaluru,Bachelor's,Full-Time,Onsite,2023-10-08,2.9,44300,Needs Improvement,2,Dissatisfied,4,No,Rarely,13,2,5.1,20,No,21-25,<50K,1-3 Years
EMP11493,Vikram,Patel,Male,21,Sales,Account Manager,Kolkata,Master's,Full-Time,Onsite,2024-05-14,2.3,64700,Meets Expectations,1,Very Dissatisfied,4,No,Frequently,5,3,4.1,18,No,21-25,50K-75K,1-3 Years
EMP11494,Aisha,Gupta,Female,28,Finance,Accountant,Mumbai,Master's,Contract,Hybrid,2021-01-25,5.6,87700,Meets Expectations,2,Dissatisfied,3,Yes,Frequently,21,2,3.7,20,No,26-35,75K-100K,5-10 Years
EMP11495,Divya,Iyer,Male,58,Finance,Accountant,Chennai,Bachelor's,Full-Time,Hybrid,2020-03-02,6.5,55200,Meets Expectations,5,Very Satisfied,5,Yes,None,21,0,10.5,17,No,56+,50K-75K,5-10 Years
EMP11496,Sneha,Patel,Male,59,Human Resources,HR Manager,Bengaluru,Bachelor's,Contract,Hybrid,2012-09-01,14.0,54900,Outstanding,5,Very Satisfied,5,Yes,None,29,3,11.6,17,No,56+,50K-75K,10+ Years
EMP11497,Aisha,Patel,Male,37,Human Resources,Recruiter,Chennai,Diploma,Contract,Onsite,2014-01-25,12.6,78300,Exceeds Expectations,3,Neutral,4,Yes,Rarely,17,2,9.7,18,No,36-45,75K-100K,10+ Years
EMP11498,Arjun,Patel,Male,59,Operations,Process Associate,Ahmedabad,Bachelor's,Full-Time,Onsite,2019-07-27,7.1,73200,Meets Expectations,5,Very Satisfied,1,Yes,None,30,2,8.4,15,No,56+,50K-75K,5-10 Years
EMP11499,Aisha,Kumar,Female,22,Human Resources,HR Analyst,Chennai,Bachelor's,Contract,Onsite,2012-01-26,14.6,91700,Needs Improvement,2,Dissatisfied,2,Yes,Rarely,11,3,10.1,17,No,21-25,75K-100K,10+ Years
EMP11500,Nikhil,Sharma,Male,59,Operations,Operations Analyst,Ahmedabad,Master's,Full-Time,Onsite,2016-12-20,9.7,48900,Exceeds Expectations,3,Neutral,5,No,None,24,3,9.2,10,Yes,56+,<50K,5-10 Years
EMP11501,Neha,Sharma,Male,30,Human Resources,HR Executive,Hyderabad,Bachelor's,Full-Time,Onsite,2013-07-27,13.1,84400,Exceeds Expectations,3,Neutral,1,Yes,None,39,1,3.7,16,No,26-35,75K-100K,10+ Years
EMP11502,Sneha,Reddy,Female,22,Technology,IT Support Specialist,Pune,MBA,Full-Time,Onsite,2022-11-14,3.8,70600,Needs Improvement,2,Dissatisfied,3,No,None,24,2,3.3,3,No,21-25,50K-75K,3-5 Years
EMP11503,Aisha,Reddy,Male,51,Technology,BI Analyst,Bengaluru,Bachelor's,Full-Time,Remote,2019-04-09,7.4,67700,Needs Improvement,2,Dissatisfied,4,No,Rarely,27,0,10.5,9,No,46-55,50K-75K,5-10 Years
EMP11504,Neha,Gupta,Male,36,Finance,Finance Manager,Delhi NCR,Master's,Contract,Hybrid,2026-01-25,0.6,91400,Meets Expectations,3,Neutral,2,No,Rarely,15,3,10.3,9,No,36-45,75K-100K,<1 Year
EMP11505,Sneha,Reddy,Male,32,Marketing,Digital Marketing Analyst,Hyderabad,Master's,Full-Time,Hybrid,2026-05-15,0.3,66800,Outstanding,4,Satisfied,4,No,None,27,0,3.6,13,No,26-35,50K-75K,<1 Year
EMP11506,Nikhil,Patel,Female,51,Technology,Data Analyst,Chennai,Master's,Contract,Hybrid,2016-01-26,10.6,114200,Needs Improvement,3,Neutral,1,Yes,None,34,1,3.4,16,Yes,46-55,100K-150K,10+ Years
EMP11507,Isha,Rao,Female,34,Customer Support,Team Lead,Hyderabad,Diploma,Contract,Remote,2024-09-01,2.0,43200,Exceeds Expectations,1,Very Dissatisfied,2,No,None,35,1,11.6,22,No,26-35,<50K,1-3 Years
EMP11508,Neha,Sharma,Male,51,Human Resources,HR Analyst,Mumbai,Bachelor's,Full-Time,Hybrid,2018-05-15,8.3,52700,Meets Expectations,3,Neutral,2,No,Rarely,37,1,7.0,11,No,46-55,50K-75K,5-10 Years
EMP11509,Aditya,Rao,Male,28,Customer Support,Support Analyst,Bengaluru,MBA,Full-Time,Hybrid,2016-03-02,10.5,53500,Needs Improvement,5,Very Satisfied,1,No,Rarely,12,3,9.1,18,No,26-35,50K-75K,10+ Years
EMP11510,Kiran,Iyer,Female,24,Marketing,Marketing Executive,Kolkata,Master's,Contract,Remote,2025-12-20,0.7,49500,Meets Expectations,1,Very Dissatisfied,3,Yes,Frequently,34,2,0.7,22,Yes,21-25,<50K,<1 Year
EMP11511,Kiran,Sharma,Male,33,Finance,Accountant,Chennai,MBA,Full-Time,Onsite,2019-11-14,6.8,65100,Meets Expectations,5,Very Satisfied,3,Yes,Frequently,14,3,6.2,5,No,26-35,50K-75K,5-10 Years
EMP11512,Rohit,Patel,Male,45,Technology,IT Support Specialist,Mumbai,Bachelor's,Full-Time,Onsite,2016-05-14,10.3,70200,Meets Expectations,1,Very Dissatisfied,5,No,None,35,3,5.0,14,No,36-45,50K-75K,10+ Years
EMP11513,Neha,Reddy,Female,29,Operations,Operations Executive,Bengaluru,Diploma,Full-Time,Onsite,2013-04-08,13.4,51900,Meets Expectations,1,Very Dissatisfied,3,No,Frequently,0,2,3.3,2,No,26-35,50K-75K,10+ Years
EMP11514,Aarav,Kumar,Male,26,Finance,Financial Analyst,Delhi NCR,Master's,Full-Time,Hybrid,2022-01-25,4.6,93500,Meets Expectations,1,Very Dissatisfied,4,No,None,37,0,4.0,3,Yes,26-35,75K-100K,3-5 Years
EMP11515,Kiran,Joshi,Male,50,Technology,IT Support Specialist,Hyderabad,MBA,Full-Time,Remote,2012-01-26,14.6,67000,Meets Expectations,2,Dissatisfied,1,Yes,Rarely,8,0,10.3,11,Yes,46-55,50K-75K,10+ Years
EMP11516,Sanjay,Verma,Female,40,Customer Support,Customer Success Specialist,Bengaluru,Bachelor's,Contract,Onsite,2013-12-20,12.7,55900,Needs Improvement,2,Dissatisfied,1,No,None,8,1,0.4,1,Yes,36-45,50K-75K,10+ Years
EMP11517,Arjun,Singh,Male,38,Human Resources,HR Analyst,Kolkata,Master's,Contract,Remote,2016-11-13,9.8,71500,Meets Expectations,5,Very Satisfied,2,Yes,Rarely,22,3,8.4,12,No,36-45,50K-75K,5-10 Years
EMP11518,Arjun,Das,Male,30,Sales,Sales Manager,Bengaluru,Bachelor's,Full-Time,Hybrid,2020-09-01,6.0,64200,Meets Expectations,3,Neutral,2,No,Rarely,21,0,6.2,4,Yes,26-35,50K-75K,5-10 Years
EMP11519,Nikhil,Iyer,Female,21,Human Resources,HR Executive,Delhi NCR,Master's,Contract,Hybrid,2015-12-20,10.7,66400,Exceeds Expectations,4,Satisfied,5,Yes,None,6,3,4.6,15,No,21-25,50K-75K,10+ Years
EMP11520,Sneha,Joshi,Male,23,Human Resources,HR Executive,Kolkata,Master's,Full-Time,Hybrid,2014-05-15,12.3,75500,Needs Improvement,5,Very Satisfied,3,No,Frequently,21,2,10.8,12,No,21-25,75K-100K,10+ Years
EMP11521,Rohit,Verma,Female,48,Customer Support,Support Executive,Bengaluru,MBA,Contract,Hybrid,2021-12-20,4.7,65200,Meets Expectations,1,Very Dissatisfied,3,Yes,Frequently,32,2,9.2,18,No,46-55,50K-75K,3-5 Years
EMP11522,Divya,Patel,Male,24,Marketing,Marketing Executive,Ahmedabad,Bachelor's,Full-Time,Hybrid,2011-10-08,14.9,52000,Meets Expectations,2,Dissatisfied,5,Yes,Frequently,19,1,7.3,22,Yes,21-25,50K-75K,10+ Years
EMP11523,Nikhil,Verma,Female,30,Technology,Software Engineer,Kolkata,Master's,Contract,Hybrid,2013-01-25,13.6,115700,Meets Expectations,5,Very Satisfied,5,Yes,None,23,1,5.1,19,No,26-35,100K-150K,10+ Years
EMP11524,Divya,Nair,Female,57,Technology,BI Analyst,Mumbai,Diploma,Contract,Hybrid,2019-04-09,7.4,62800,Meets Expectations,4,Satisfied,4,Yes,Frequently,34,0,11.0,22,No,56+,50K-75K,5-10 Years
EMP11525,Priya,Rao,Male,34,Marketing,Digital Marketing Analyst,Pune,Bachelor's,Full-Time,Onsite,2015-10-08,10.9,68700,Needs Improvement,1,Very Dissatisfied,3,No,Rarely,7,1,11.3,11,No,26-35,50K-75K,10+ Years
EMP11526,Vikram,Verma,Male,50,Sales,Sales Executive,Bengaluru,Bachelor's,Contract,Hybrid,2018-09-01,8.0,62900,Meets Expectations,2,Dissatisfied,2,No,Rarely,13,1,8.9,17,No,46-55,50K-75K,5-10 Years
EMP11527,Aditya,Das,Female,34,Finance,Financial Analyst,Bengaluru,Bachelor's,Contract,Hybrid,2015-03-03,11.5,60300,Meets Expectations,2,Dissatisfied,1,No,None,36,1,5.2,21,No,26-35,50K-75K,10+ Years
EMP11528,Neha,Gupta,Non-Binary,58,Sales,Account Manager,Mumbai,Master's,Full-Time,Remote,2014-04-08,12.4,43200,Needs Improvement,1,Very Dissatisfied,1,No,Frequently,6,1,11.8,5,Yes,56+,<50K,10+ Years
EMP11529,Ananya,Das,Female,53,Sales,Business Development Executive,Bengaluru,MBA,Full-Time,Onsite,2026-03-03,0.5,42500,Meets Expectations,3,Neutral,5,No,Rarely,10,2,0.7,19,No,46-55,<50K,<1 Year
EMP11530,Divya,Rao,Female,39,Customer Support,Customer Success Specialist,Chennai,Bachelor's,Full-Time,Onsite,2025-04-08,1.4,33700,Meets Expectations,4,Satisfied,1,No,Rarely,11,3,10.2,22,No,36-45,<50K,1-3 Years
EMP11531,Divya,Das,Non-Binary,48,Sales,Sales Executive,Mumbai,Bachelor's,Full-Time,Hybrid,2021-06-20,5.2,65800,Meets Expectations,2,Dissatisfied,3,Yes,Frequently,33,0,3.7,7,No,46-55,50K-75K,5-10 Years
EMP11532,Ananya,Kumar,Male,37,Sales,Sales Executive,Delhi NCR,Bachelor's,Full-Time,Hybrid,2012-11-13,13.8,46300,Needs Improvement,2,Dissatisfied,3,No,None,5,1,6.0,21,Yes,36-45,<50K,10+ Years
EMP11533,Rahul,Nair,Male,58,Customer Support,Customer Success Specialist,Hyderabad,Bachelor's,Full-Time,Hybrid,2020-07-26,6.1,63500,Outstanding,3,Neutral,3,No,Rarely,15,1,1.2,9,Yes,56+,50K-75K,5-10 Years
EMP11534,Rohit,Das,Female,35,Technology,Software Engineer,Pune,Bachelor's,Full-Time,Onsite,2013-05-15,13.3,121600,Meets Expectations,5,Very Satisfied,1,No,None,16,0,5.7,14,No,26-35,100K-150K,10+ Years
EMP11535,Vihaan,Rao,Female,54,Operations,Process Associate,Bengaluru,Master's,Full-Time,Hybrid,2019-09-02,7.0,50700,Exceeds Expectations,4,Satisfied,3,Yes,None,3,3,2.9,1,No,46-55,50K-75K,5-10 Years
EMP11536,Arjun,Verma,Male,45,Sales,Business Development Executive,Ahmedabad,Bachelor's,Full-Time,Hybrid,2022-03-03,4.5,46700,Exceeds Expectations,5,Very Satisfied,2,No,None,4,1,3.9,0,Yes,36-45,<50K,3-5 Years
EMP11537,Nikhil,Gupta,Male,46,Technology,Data Analyst,Kolkata,Bachelor's,Full-Time,Hybrid,2013-03-03,13.5,87300,Meets Expectations,3,Neutral,2,Yes,None,15,2,6.9,18,No,46-55,75K-100K,10+ Years
EMP11538,Arjun,Singh,Male,35,Sales,Business Development Executive,Ahmedabad,Diploma,Full-Time,Hybrid,2018-03-03,8.5,80300,Meets Expectations,1,Very Dissatisfied,5,No,None,3,2,11.7,5,No,26-35,75K-100K,5-10 Years
EMP11539,Pooja,Rao,Female,54,Marketing,Digital Marketing Analyst,Ahmedabad,MBA,Full-Time,Hybrid,2021-03-03,5.5,64400,Meets Expectations,1,Very Dissatisfied,3,No,None,40,0,2.9,18,No,46-55,50K-75K,5-10 Years
EMP11540,Pooja,Nair,Female,50,Marketing,Marketing Executive,Ahmedabad,Bachelor's,Full-Time,Onsite,2025-10-08,0.9,49200,Meets Expectations,1,Very Dissatisfied,3,No,None,18,3,4.2,11,No,46-55,<50K,<1 Year
EMP11541,Arjun,Nair,Female,53,Human Resources,HR Manager,Pune,Bachelor's,Full-Time,Onsite,2024-11-13,1.8,91600,Meets Expectations,3,Neutral,1,Yes,Rarely,0,3,3.0,2,No,46-55,75K-100K,1-3 Years
EMP11542,Kiran,Rao,Female,53,Technology,IT Support Specialist,Ahmedabad,Bachelor's,Contract,Hybrid,2024-05-14,2.3,93600,Meets Expectations,2,Dissatisfied,5,Yes,None,24,3,6.2,6,Yes,46-55,75K-100K,1-3 Years
EMP11543,Isha,Joshi,Male,27,Sales,Account Manager,Hyderabad,MBA,Full-Time,Onsite,2021-01-25,5.6,55000,Outstanding,2,Dissatisfied,3,No,None,30,1,3.4,4,No,26-35,50K-75K,5-10 Years
EMP11544,Kiran,Joshi,Female,56,Human Resources,Recruiter,Bengaluru,MBA,Full-Time,Onsite,2017-06-20,9.2,87000,Meets Expectations,5,Very Satisfied,4,No,None,24,1,2.5,14,Yes,56+,75K-100K,5-10 Years
EMP11545,Kiran,Nair,Male,54,Technology,Software Engineer,Pune,Bachelor's,Full-Time,Hybrid,2021-11-13,4.8,123600,Outstanding,1,Very Dissatisfied,3,No,None,23,1,7.9,2,No,46-55,100K-150K,3-5 Years
EMP11546,Neha,Reddy,Male,30,Marketing,Marketing Manager,Pune,MBA,Contract,Hybrid,2025-06-20,1.2,69400,Meets Expectations,1,Very Dissatisfied,2,No,None,3,2,2.3,13,Yes,26-35,50K-75K,1-3 Years
EMP11547,Nikhil,Singh,Female,60,Marketing,Marketing Manager,Kolkata,Bachelor's,Full-Time,Hybrid,2022-07-27,4.1,59500,Exceeds Expectations,2,Dissatisfied,2,No,Frequently,29,1,6.8,18,No,56+,50K-75K,3-5 Years
EMP11548,Isha,Sharma,Female,42,Operations,Operations Manager,Kolkata,Diploma,Full-Time,Hybrid,2020-06-20,6.2,59200,Meets Expectations,4,Satisfied,1,No,Rarely,39,3,0.8,22,No,36-45,50K-75K,5-10 Years
EMP11549,Ananya,Iyer,Female,33,Human Resources,Recruiter,Bengaluru,MBA,Contract,Onsite,2011-10-08,14.9,53100,Outstanding,5,Very Satisfied,5,No,None,14,0,8.7,15,No,26-35,50K-75K,10+ Years
EMP11550,Rahul,Verma,Female,29,Sales,Sales Manager,Chennai,Bachelor's,Full-Time,Onsite,2020-09-01,6.0,61400,Needs Improvement,2,Dissatisfied,3,Yes,None,4,0,0.2,10,No,26-35,50K-75K,5-10 Years
EMP11551,Arjun,Patel,Male,35,Technology,BI Analyst,Hyderabad,Bachelor's,Full-Time,Remote,2025-03-03,1.5,74600,Meets Expectations,2,Dissatisfied,2,No,None,8,1,8.2,11,No,26-35,50K-75K,1-3 Years
EMP11552,Kavya,Patel,Male,22,Operations,Process Associate,Ahmedabad,Bachelor's,Full-Time,Onsite,2017-11-13,8.8,65500,Exceeds Expectations,3,Neutral,4,No,Rarely,27,3,1.9,0,No,21-25,50K-75K,5-10 Years
EMP11553,Nikhil,Nair,Male,48,Human Resources,HR Executive,Delhi NCR,Bachelor's,Full-Time,Hybrid,2012-11-13,13.8,80300,Meets Expectations,5,Very Satisfied,1,Yes,Frequently,26,0,8.5,20,No,46-55,75K-100K,10+ Years
EMP11554,Nikhil,Reddy,Male,49,Marketing,Digital Marketing Analyst,Bengaluru,MBA,Contract,Onsite,2014-11-14,11.8,94100,Exceeds Expectations,1,Very Dissatisfied,3,No,None,36,3,1.2,1,No,46-55,75K-100K,10+ Years
EMP11555,Kavya,Singh,Female,47,Human Resources,HR Analyst,Kolkata,Bachelor's,Full-Time,Hybrid,2014-01-25,12.6,84500,Meets Expectations,5,Very Satisfied,3,No,None,16,3,4.0,22,No,46-55,75K-100K,10+ Years
EMP11556,Kiran,Sharma,Female,42,Technology,BI Analyst,Pune,Diploma,Full-Time,Hybrid,2012-10-08,13.9,64500,Outstanding,5,Very Satisfied,5,No,Rarely,36,3,8.6,3,No,36-45,50K-75K,10+ Years
EMP11557,Divya,Nair,Male,35,Customer Support,Support Executive,Bengaluru,Bachelor's,Full-Time,Hybrid,2017-01-25,9.6,40400,Meets Expectations,2,Dissatisfied,4,No,None,11,2,7.5,21,Yes,26-35,<50K,5-10 Years
EMP11558,Ananya,Das,Female,49,Operations,Operations Analyst,Delhi NCR,MBA,Full-Time,Hybrid,2011-10-08,14.9,61400,Needs Improvement,4,Satisfied,4,Yes,None,20,3,3.6,5,Yes,46-55,50K-75K,10+ Years
EMP11559,Pooja,Nair,Female,55,Customer Support,Team Lead,Bengaluru,Master's,Contract,Onsite,2025-12-20,0.7,42200,Meets Expectations,4,Satisfied,2,Yes,Rarely,26,1,5.6,0,Yes,46-55,<50K,<1 Year
EMP11560,Aisha,Iyer,Male,24,Operations,Operations Executive,Chennai,Bachelor's,Contract,Onsite,2014-01-25,12.6,38100,Meets Expectations,1,Very Dissatisfied,3,No,Rarely,11,0,4.1,15,Yes,21-25,<50K,10+ Years
EMP11561,Sneha,Rao,Female,36,Finance,Finance Manager,Ahmedabad,Bachelor's,Full-Time,Hybrid,2013-10-08,12.9,92900,Meets Expectations,3,Neutral,5,Yes,None,15,0,0.3,22,No,36-45,75K-100K,10+ Years
EMP11562,Vihaan,Gupta,Female,60,Technology,BI Analyst,Pune,Bachelor's,Contract,Hybrid,2012-11-13,13.8,83600,Needs Improvement,2,Dissatisfied,1,No,Frequently,33,2,6.8,15,No,56+,75K-100K,10+ Years
EMP11563,Neha,Joshi,Female,55,Technology,Data Analyst,Bengaluru,Master's,Full-Time,Hybrid,2019-05-15,7.3,63100,Meets Expectations,1,Very Dissatisfied,4,No,None,23,0,11.9,7,No,46-55,50K-75K,5-10 Years
EMP11564,Vihaan,Das,Male,60,Customer Support,Support Executive,Mumbai,Diploma,Contract,Hybrid,2014-10-08,11.9,51900,Meets Expectations,3,Neutral,2,No,None,25,0,6.3,19,Yes,56+,50K-75K,10+ Years
EMP11565,Neha,Rao,Female,28,Human Resources,HR Executive,Bengaluru,Master's,Full-Time,Remote,2023-07-27,3.1,91300,Meets Expectations,4,Satisfied,4,No,Rarely,25,3,4.6,13,No,26-35,75K-100K,3-5 Years
EMP11566,Meera,Joshi,Male,39,Human Resources,HR Analyst,Kolkata,Bachelor's,Full-Time,Hybrid,2017-07-27,9.1,76200,Meets Expectations,3,Neutral,3,No,Rarely,32,1,6.0,0,Yes,36-45,75K-100K,5-10 Years
EMP11567,Ananya,Das,Female,26,Customer Support,Support Executive,Delhi NCR,Master's,Full-Time,Hybrid,2021-03-03,5.5,38400,Meets Expectations,1,Very Dissatisfied,4,No,Rarely,39,0,8.6,4,No,26-35,<50K,5-10 Years
EMP11568,Divya,Das,Male,55,Marketing,Marketing Executive,Chennai,MBA,Full-Time,Onsite,2017-09-01,9.0,70300,Meets Expectations,5,Very Satisfied,2,Yes,Rarely,16,3,1.4,15,No,46-55,50K-75K,5-10 Years
EMP11569,Sneha,Rao,Male,41,Customer Support,Support Executive,Mumbai,Bachelor's,Full-Time,Hybrid,2016-06-20,10.2,67100,Needs Improvement,1,Very Dissatisfied,5,No,Rarely,14,1,5.5,1,No,36-45,50K-75K,10+ Years
EMP11570,Ananya,Patel,Male,30,Customer Support,Support Executive,Hyderabad,Master's,Full-Time,Onsite,2021-05-15,5.3,34300,Needs Improvement,2,Dissatisfied,5,No,Frequently,37,3,2.2,12,Yes,26-35,<50K,5-10 Years
EMP11571,Ananya,Das,Female,24,Sales,Business Development Executive,Delhi NCR,Bachelor's,Full-Time,Onsite,2023-04-09,3.4,68900,Needs Improvement,3,Neutral,4,No,Rarely,19,1,7.8,6,Yes,21-25,50K-75K,3-5 Years
EMP11572,Aditya,Sharma,Male,50,Finance,Finance Manager,Kolkata,Bachelor's,Full-Time,Onsite,2021-09-01,5.0,90900,Needs Improvement,5,Very Satisfied,3,No,None,38,1,11.4,5,No,46-55,75K-100K,3-5 Years
EMP11573,Vihaan,Joshi,Male,53,Operations,Operations Executive,Ahmedabad,Bachelor's,Contract,Onsite,2016-09-01,10.0,69200,Meets Expectations,4,Satisfied,1,No,Rarely,36,0,2.9,11,No,46-55,50K-75K,5-10 Years
EMP11574,Vihaan,Gupta,Female,56,Operations,Operations Manager,Delhi NCR,MBA,Full-Time,Hybrid,2016-06-20,10.2,44300,Meets Expectations,1,Very Dissatisfied,2,No,None,30,2,4.8,13,Yes,56+,<50K,10+ Years
EMP11575,Pooja,Das,Female,59,Technology,Software Engineer,Pune,Master's,Full-Time,Onsite,2015-06-21,11.2,122200,Meets Expectations,3,Neutral,2,No,Rarely,29,3,3.4,12,No,56+,100K-150K,10+ Years
EMP11576,Arjun,Iyer,Female,53,Finance,Accountant,Mumbai,MBA,Contract,Hybrid,2024-07-26,2.1,67600,Exceeds Expectations,5,Very Satisfied,4,Yes,None,38,0,4.8,3,No,46-55,50K-75K,1-3 Years
EMP11577,Sneha,Nair,Female,52,Human Resources,HR Executive,Pune,Bachelor's,Full-Time,Hybrid,2014-05-15,12.3,44600,Needs Improvement,2,Dissatisfied,5,No,None,11,2,5.6,15,No,46-55,<50K,10+ Years
EMP11578,Kiran,Joshi,Female,53,Operations,Operations Executive,Mumbai,Bachelor's,Contract,Onsite,2016-04-08,10.4,41200,Needs Improvement,5,Very Satisfied,4,Yes,Rarely,18,1,9.4,0,No,46-55,<50K,10+ Years
EMP11579,Vikram,Gupta,Non-Binary,60,Sales,Sales Executive,Kolkata,Bachelor's,Full-Time,Onsite,2025-12-20,0.7,60400,Meets Expectations,3,Neutral,5,Yes,Rarely,22,3,6.8,9,No,56+,50K-75K,<1 Year
EMP11580,Kavya,Sharma,Male,39,Marketing,Digital Marketing Analyst,Pune,Bachelor's,Full-Time,Onsite,2021-06-20,5.2,45600,Meets Expectations,4,Satisfied,1,Yes,None,7,0,6.1,10,Yes,36-45,<50K,5-10 Years
EMP11581,Pooja,Singh,Male,51,Finance,Accountant,Kolkata,MBA,Full-Time,Hybrid,2019-07-27,7.1,94400,Meets Expectations,4,Satisfied,4,Yes,None,21,3,0.6,12,Yes,46-55,75K-100K,5-10 Years
EMP11582,Aditya,Joshi,Male,53,Technology,Data Analyst,Hyderabad,Bachelor's,Full-Time,Hybrid,2021-03-03,5.5,119300,Exceeds Expectations,5,Very Satisfied,3,No,Frequently,26,3,0.7,14,Yes,46-55,100K-150K,5-10 Years
EMP11583,Ananya,Kumar,Female,25,Human Resources,Recruiter,Delhi NCR,MBA,Contract,Onsite,2024-10-08,1.9,42700,Meets Expectations,4,Satisfied,1,No,Frequently,20,2,10.4,19,Yes,21-25,<50K,1-3 Years
EMP11584,Aditya,Sharma,Female,48,Finance,Finance Manager,Kolkata,Bachelor's,Full-Time,Onsite,2023-05-15,3.3,96100,Outstanding,3,Neutral,4,No,None,26,1,10.0,12,No,46-55,75K-100K,3-5 Years
EMP11585,Rahul,Rao,Male,34,Marketing,Marketing Manager,Kolkata,Bachelor's,Full-Time,Onsite,2026-01-25,0.6,94700,Exceeds Expectations,3,Neutral,5,No,None,4,1,1.8,16,Yes,26-35,75K-100K,<1 Year
EMP11586,Neha,Verma,Female,26,Finance,Finance Manager,Chennai,Bachelor's,Full-Time,Remote,2025-01-25,1.6,50500,Outstanding,4,Satisfied,3,Yes,None,20,0,10.6,18,No,26-35,50K-75K,1-3 Years
EMP11587,Aarav,Rao,Male,27,Operations,Operations Manager,Delhi NCR,Bachelor's,Full-Time,Remote,2022-07-27,4.1,70100,Meets Expectations,3,Neutral,2,No,None,38,0,11.8,9,No,26-35,50K-75K,3-5 Years
EMP11588,Kiran,Joshi,Female,25,Sales,Account Manager,Ahmedabad,Master's,Full-Time,Hybrid,2014-05-15,12.3,85800,Meets Expectations,1,Very Dissatisfied,2,No,None,10,1,8.6,5,No,21-25,75K-100K,10+ Years
EMP11589,Priya,Kumar,Male,56,Customer Support,Support Executive,Hyderabad,MBA,Full-Time,Remote,2018-09-01,8.0,63100,Meets Expectations,5,Very Satisfied,4,No,Frequently,18,2,5.7,15,No,56+,50K-75K,5-10 Years
EMP11590,Rahul,Singh,Female,51,Sales,Account Manager,Ahmedabad,MBA,Full-Time,Onsite,2020-03-02,6.5,62700,Exceeds Expectations,2,Dissatisfied,4,Yes,None,25,1,2.8,7,No,46-55,50K-75K,5-10 Years
EMP11591,Vikram,Gupta,Female,25,Operations,Operations Executive,Pune,Bachelor's,Full-Time,Hybrid,2016-09-01,10.0,77300,Meets Expectations,4,Satisfied,2,No,None,25,0,10.7,3,No,21-25,75K-100K,5-10 Years
EMP11592,Priya,Nair,Male,46,Finance,Senior Accountant,Pune,Bachelor's,Contract,Hybrid,2018-06-20,8.2,90200,Meets Expectations,3,Neutral,4,No,None,7,2,4.4,13,No,46-55,75K-100K,5-10 Years
EMP11593,Meera,Joshi,Female,47,Finance,Accountant,Hyderabad,Bachelor's,Full-Time,Hybrid,2024-07-26,2.1,65900,Meets Expectations,1,Very Dissatisfied,4,Yes,None,4,0,3.0,6,Yes,46-55,50K-75K,1-3 Years
EMP11594,Vihaan,Kumar,Male,41,Sales,Business Development Executive,Bengaluru,Bachelor's,Full-Time,Hybrid,2023-03-03,3.5,49500,Meets Expectations,5,Very Satisfied,1,Yes,None,30,1,7.0,8,No,36-45,<50K,3-5 Years
EMP11595,Ananya,Joshi,Female,45,Marketing,Content Specialist,Mumbai,Bachelor's,Contract,Hybrid,2023-03-03,3.5,70300,Exceeds Expectations,1,Very Dissatisfied,2,No,None,21,3,10.9,10,No,36-45,50K-75K,3-5 Years
EMP11596,Sneha,Iyer,Male,57,Technology,Data Analyst,Kolkata,Bachelor's,Contract,Remote,2017-07-27,9.1,84700,Meets Expectations,5,Very Satisfied,2,No,None,37,1,10.5,17,No,56+,75K-100K,5-10 Years
EMP11597,Sanjay,Iyer,Male,41,Marketing,Content Specialist,Delhi NCR,Bachelor's,Full-Time,Onsite,2019-09-02,7.0,60700,Needs Improvement,5,Very Satisfied,4,No,Rarely,40,1,9.8,14,No,36-45,50K-75K,5-10 Years
EMP11598,Aarav,Sharma,Male,47,Operations,Operations Analyst,Kolkata,MBA,Contract,Onsite,2020-10-08,5.9,45500,Meets Expectations,3,Neutral,4,No,None,6,0,3.9,0,No,46-55,<50K,5-10 Years
EMP11599,Aisha,Singh,Female,43,Operations,Operations Executive,Delhi NCR,Master's,Full-Time,Hybrid,2018-04-08,8.4,75500,Meets Expectations,5,Very Satisfied,3,Yes,Rarely,14,0,9.2,2,No,36-45,75K-100K,5-10 Years
EMP11600,Rahul,Gupta,Female,36,Marketing,Marketing Executive,Hyderabad,Master's,Contract,Onsite,2012-01-26,14.6,80300,Needs Improvement,5,Very Satisfied,2,Yes,Frequently,33,3,10.8,17,No,36-45,75K-100K,10+ Years
EMP11601,Vihaan,Patel,Male,56,Finance,Financial Analyst,Chennai,Bachelor's,Full-Time,Onsite,2021-10-08,4.9,68100,Meets Expectations,5,Very Satisfied,3,No,None,12,0,10.1,21,No,56+,50K-75K,3-5 Years
EMP11602,Sanjay,Sharma,Female,37,Operations,Process Associate,Mumbai,Bachelor's,Full-Time,Onsite,2018-10-08,7.9,48200,Needs Improvement,4,Satisfied,5,No,None,8,0,7.4,18,No,36-45,<50K,5-10 Years
EMP11603,Arjun,Patel,Male,52,Operations,Operations Analyst,Hyderabad,Bachelor's,Full-Time,Hybrid,2019-05-15,7.3,43300,Meets Expectations,5,Very Satisfied,5,Yes,Frequently,6,3,6.9,4,No,46-55,<50K,5-10 Years
EMP11604,Sneha,Sharma,Female,45,Finance,Accountant,Pune,Bachelor's,Full-Time,Hybrid,2015-11-14,10.8,55300,Needs Improvement,4,Satisfied,1,No,None,20,1,10.2,16,No,36-45,50K-75K,10+ Years
EMP11605,Ananya,Nair,Female,48,Sales,Account Manager,Pune,MBA,Full-Time,Hybrid,2015-09-02,11.0,68300,Exceeds Expectations,5,Very Satisfied,3,No,None,15,0,6.4,2,No,46-55,50K-75K,10+ Years
EMP11606,Rahul,Patel,Female,51,Customer Support,Customer Success Specialist,Hyderabad,Master's,Full-Time,Hybrid,2015-09-02,11.0,36500,Needs Improvement,1,Very Dissatisfied,4,Yes,Frequently,38,0,3.1,12,Yes,46-55,<50K,10+ Years
EMP11607,Meera,Gupta,Female,50,Technology,IT Support Specialist,Chennai,Bachelor's,Full-Time,Onsite,2023-06-21,3.2,125900,Needs Improvement,3,Neutral,2,No,Rarely,39,0,5.5,6,No,46-55,100K-150K,3-5 Years
EMP11608,Pooja,Sharma,Male,43,Marketing,Content Specialist,Chennai,Master's,Full-Time,Hybrid,2019-11-14,6.8,58100,Meets Expectations,3,Neutral,5,No,Frequently,3,3,10.2,5,No,36-45,50K-75K,5-10 Years
EMP11609,Rohit,Das,Female,45,Technology,Software Engineer,Mumbai,MBA,Full-Time,Onsite,2014-06-20,12.2,60300,Meets Expectations,5,Very Satisfied,3,No,None,37,3,0.4,7,No,36-45,50K-75K,10+ Years
EMP11610,Meera,Kumar,Female,41,Sales,Sales Manager,Bengaluru,Bachelor's,Full-Time,Onsite,2020-11-13,5.8,79000,Needs Improvement,3,Neutral,2,No,None,3,2,5.1,3,No,36-45,75K-100K,5-10 Years
EMP11611,Rohit,Kumar,Female,34,Operations,Operations Analyst,Ahmedabad,Diploma,Full-Time,Hybrid,2011-11-14,14.8,54000,Meets Expectations,3,Neutral,5,No,None,29,2,10.3,21,No,26-35,50K-75K,10+ Years
EMP11612,Sanjay,Reddy,Female,50,Technology,Software Engineer,Pune,Bachelor's,Full-Time,Onsite,2021-01-25,5.6,82600,Meets Expectations,4,Satisfied,4,Yes,None,39,0,6.6,20,No,46-55,75K-100K,5-10 Years
EMP11613,Priya,Sharma,Female,56,Marketing,Content Specialist,Mumbai,Bachelor's,Full-Time,Onsite,2019-01-26,7.6,49700,Exceeds Expectations,4,Satisfied,1,No,None,14,1,4.8,20,No,56+,<50K,5-10 Years
EMP11614,Kiran,Joshi,Female,49,Marketing,Marketing Executive,Mumbai,MBA,Contract,Remote,2019-06-21,7.2,78000,Meets Expectations,3,Neutral,1,No,None,6,2,8.6,22,No,46-55,75K-100K,5-10 Years
EMP11615,Sneha,Iyer,Female,51,Sales,Sales Executive,Hyderabad,Bachelor's,Full-Time,Hybrid,2020-01-26,6.6,55800,Needs Improvement,5,Very Satisfied,5,No,None,2,3,7.4,19,No,46-55,50K-75K,5-10 Years
EMP11616,Aditya,Sharma,Female,54,Technology,Software Engineer,Bengaluru,Master's,Full-Time,Remote,2013-12-20,12.7,116300,Meets Expectations,5,Very Satisfied,4,No,None,14,3,6.8,3,No,46-55,100K-150K,10+ Years
EMP11617,Sneha,Patel,Female,35,Operations,Operations Analyst,Delhi NCR,Bachelor's,Full-Time,Hybrid,2024-03-02,2.5,65900,Exceeds Expectations,4,Satisfied,5,No,None,39,3,2.9,10,No,26-35,50K-75K,1-3 Years
EMP11618,Meera,Gupta,Male,23,Human Resources,Recruiter,Pune,Bachelor's,Full-Time,Onsite,2018-01-25,8.6,86300,Meets Expectations,5,Very Satisfied,5,Yes,None,18,2,11.1,8,No,21-25,75K-100K,5-10 Years
EMP11619,Rohit,Verma,Female,34,Sales,Account Manager,Pune,MBA,Full-Time,Hybrid,2017-04-08,9.4,68100,Needs Improvement,1,Very Dissatisfied,4,Yes,Rarely,17,0,1.2,0,No,26-35,50K-75K,5-10 Years
EMP11620,Aditya,Nair,Female,51,Customer Support,Support Executive,Delhi NCR,Bachelor's,Full-Time,Remote,2013-11-13,12.8,62400,Meets Expectations,3,Neutral,5,No,None,0,2,8.4,5,No,46-55,50K-75K,10+ Years
EMP11621,Priya,Joshi,Female,53,Technology,Software Engineer,Kolkata,Bachelor's,Full-Time,Remote,2017-06-20,9.2,107400,Meets Expectations,1,Very Dissatisfied,5,No,Rarely,27,2,8.1,16,No,46-55,100K-150K,5-10 Years
EMP11622,Kiran,Das,Male,41,Sales,Business Development Executive,Kolkata,Bachelor's,Full-Time,Hybrid,2012-04-08,14.4,60600,Meets Expectations,4,Satisfied,3,Yes,None,7,1,1.7,4,No,36-45,50K-75K,10+ Years
EMP11623,Neha,Patel,Male,52,Customer Support,Team Lead,Chennai,MBA,Full-Time,Onsite,2013-07-27,13.1,58900,Meets Expectations,1,Very Dissatisfied,4,Yes,None,28,2,1.4,13,Yes,46-55,50K-75K,10+ Years
EMP11624,Rohit,Singh,Female,23,Sales,Business Development Executive,Chennai,MBA,Full-Time,Hybrid,2021-04-08,5.4,70100,Exceeds Expectations,3,Neutral,5,Yes,Frequently,33,2,4.2,16,No,21-25,50K-75K,5-10 Years
EMP11625,Vihaan,Singh,Female,46,Human Resources,Recruiter,Delhi NCR,Bachelor's,Full-Time,Onsite,2013-10-08,12.9,42300,Meets Expectations,4,Satisfied,5,No,Frequently,31,3,1.2,0,No,46-55,<50K,10+ Years
EMP11626,Kiran,Kumar,Female,48,Customer Support,Support Analyst,Mumbai,Bachelor's,Full-Time,Onsite,2012-04-08,14.4,59300,Meets Expectations,4,Satisfied,5,No,None,21,0,11.5,21,No,46-55,50K-75K,10+ Years
EMP11627,Isha,Verma,Male,41,Marketing,Content Specialist,Pune,Master's,Full-Time,Onsite,2022-09-01,4.0,57200,Outstanding,1,Very Dissatisfied,5,No,None,26,0,10.3,10,No,36-45,50K-75K,3-5 Years
EMP11628,Aarav,Reddy,Male,49,Marketing,Marketing Manager,Pune,MBA,Full-Time,Onsite,2017-06-20,9.2,71800,Needs Improvement,3,Neutral,2,No,Frequently,16,0,11.4,9,No,46-55,50K-75K,5-10 Years
EMP11629,Pooja,Reddy,Female,40,Finance,Accountant,Ahmedabad,Master's,Full-Time,Hybrid,2022-04-08,4.4,55300,Needs Improvement,4,Satisfied,3,No,None,29,0,11.9,0,No,36-45,50K-75K,3-5 Years
EMP11630,Rahul,Reddy,Female,41,Sales,Account Manager,Ahmedabad,Diploma,Full-Time,Remote,2016-11-13,9.8,40100,Needs Improvement,5,Very Satisfied,5,Yes,None,27,3,2.8,19,Yes,36-45,<50K,5-10 Years
EMP11631,Kiran,Nair,Male,45,Marketing,Digital Marketing Analyst,Pune,Bachelor's,Contract,Hybrid,2025-01-25,1.6,44300,Exceeds Expectations,5,Very Satisfied,1,No,None,7,1,9.3,20,No,36-45,<50K,1-3 Years
EMP11632,Neha,Verma,Male,52,Customer Support,Support Executive,Hyderabad,Bachelor's,Full-Time,Hybrid,2015-07-27,11.1,38400,Needs Improvement,5,Very Satisfied,1,No,None,13,2,5.6,20,Yes,46-55,<50K,10+ Years
EMP11633,Meera,Patel,Female,30,Sales,Sales Executive,Ahmedabad,Master's,Contract,Hybrid,2020-04-08,6.4,39900,Meets Expectations,2,Dissatisfied,4,Yes,Rarely,31,3,0.7,13,Yes,26-35,<50K,5-10 Years
EMP11634,Rahul,Gupta,Male,33,Customer Support,Support Analyst,Hyderabad,Bachelor's,Contract,Onsite,2017-10-08,8.9,37400,Needs Improvement,4,Satisfied,5,Yes,Rarely,17,0,6.3,15,No,26-35,<50K,5-10 Years
EMP11635,Meera,Nair,Male,37,Finance,Senior Accountant,Bengaluru,Bachelor's,Contract,Hybrid,2026-01-25,0.6,81500,Outstanding,1,Very Dissatisfied,3,No,None,9,3,1.2,19,No,36-45,75K-100K,<1 Year
EMP11636,Aisha,Das,Non-Binary,29,Human Resources,HR Executive,Hyderabad,MBA,Full-Time,Hybrid,2016-03-02,10.5,62200,Meets Expectations,2,Dissatisfied,5,No,None,40,2,11.8,17,No,26-35,50K-75K,10+ Years
EMP11637,Aarav,Rao,Female,34,Technology,Software Engineer,Kolkata,Master's,Full-Time,Onsite,2019-03-03,7.5,127300,Meets Expectations,2,Dissatisfied,2,Yes,None,35,3,10.0,11,Yes,26-35,100K-150K,5-10 Years
EMP11638,Nikhil,Das,Male,35,Marketing,Marketing Executive,Hyderabad,Bachelor's,Contract,Hybrid,2017-03-03,9.5,85700,Meets Expectations,3,Neutral,3,Yes,Rarely,31,3,9.9,2,No,26-35,75K-100K,5-10 Years
EMP11639,Kiran,Patel,Female,33,Technology,IT Support Specialist,Pune,Bachelor's,Full-Time,Hybrid,2021-10-08,4.9,68800,Outstanding,5,Very Satisfied,5,No,Frequently,17,1,1.1,9,No,26-35,50K-75K,3-5 Years
EMP11640,Vihaan,Joshi,Female,37,Technology,Data Analyst,Delhi NCR,Bachelor's,Full-Time,Hybrid,2024-04-08,2.4,87800,Meets Expectations,5,Very Satisfied,2,No,None,22,2,0.3,18,No,36-45,75K-100K,1-3 Years
EMP11641,Meera,Kumar,Female,41,Operations,Operations Analyst,Hyderabad,Bachelor's,Full-Time,Hybrid,2020-01-26,6.6,56900,Meets Expectations,5,Very Satisfied,5,No,Rarely,38,0,3.4,22,No,36-45,50K-75K,5-10 Years
EMP11642,Isha,Reddy,Male,48,Sales,Sales Executive,Ahmedabad,Bachelor's,Full-Time,Hybrid,2012-06-20,14.2,55900,Needs Improvement,5,Very Satisfied,5,Yes,None,21,2,10.0,3,No,46-55,50K-75K,10+ Years
EMP11643,Pooja,Das,Female,33,Human Resources,HR Manager,Kolkata,Bachelor's,Full-Time,Hybrid,2023-01-26,3.6,67000,Exceeds Expectations,1,Very Dissatisfied,4,No,Rarely,33,3,7.0,19,No,26-35,50K-75K,3-5 Years
EMP11644,Sneha,Nair,Male,54,Marketing,Digital Marketing Analyst,Mumbai,MBA,Full-Time,Remote,2016-06-20,10.2,78500,Meets Expectations,5,Very Satisfied,1,No,None,34,1,7.9,16,No,46-55,75K-100K,10+ Years
EMP11645,Neha,Joshi,Male,40,Sales,Business Development Executive,Mumbai,Bachelor's,Full-Time,Hybrid,2025-10-08,0.9,69000,Meets Expectations,5,Very Satisfied,5,Yes,None,32,3,1.7,8,No,36-45,50K-75K,<1 Year
EMP11646,Sneha,Sharma,Female,49,Finance,Finance Manager,Pune,Bachelor's,Full-Time,Onsite,2015-11-14,10.8,69600,Meets Expectations,4,Satisfied,3,No,None,24,2,5.6,21,No,46-55,50K-75K,10+ Years
EMP11647,Aarav,Joshi,Male,25,Finance,Financial Analyst,Mumbai,Bachelor's,Full-Time,Hybrid,2022-12-20,3.7,90000,Meets Expectations,1,Very Dissatisfied,2,No,Frequently,14,3,5.7,1,Yes,21-25,75K-100K,3-5 Years
EMP11648,Arjun,Joshi,Male,27,Marketing,Content Specialist,Kolkata,Bachelor's,Full-Time,Remote,2019-10-08,6.9,58600,Exceeds Expectations,4,Satisfied,3,Yes,None,13,3,11.8,6,No,26-35,50K-75K,5-10 Years
EMP11649,Pooja,Verma,Female,39,Customer Support,Support Analyst,Mumbai,Diploma,Full-Time,Hybrid,2021-01-25,5.6,64600,Meets Expectations,4,Satisfied,3,No,None,33,0,9.3,1,No,36-45,50K-75K,5-10 Years
EMP11650,Sneha,Verma,Male,35,Operations,Operations Manager,Pune,Master's,Full-Time,Hybrid,2024-10-08,1.9,80900,Meets Expectations,1,Very Dissatisfied,2,No,Frequently,17,1,1.8,11,Yes,26-35,75K-100K,1-3 Years
EMP11651,Rohit,Reddy,Non-Binary,40,Technology,Software Engineer,Pune,Bachelor's,Full-Time,Hybrid,2021-05-15,5.3,79200,Outstanding,2,Dissatisfied,4,No,Rarely,10,0,5.6,17,No,36-45,75K-100K,5-10 Years
EMP11652,Aisha,Gupta,Female,27,Sales,Business Development Executive,Mumbai,Master's,Full-Time,Hybrid,2021-04-08,5.4,75700,Needs Improvement,4,Satisfied,1,No,None,7,3,9.3,10,No,26-35,75K-100K,5-10 Years
EMP11653,Ananya,Das,Male,39,Sales,Business Development Executive,Ahmedabad,Bachelor's,Full-Time,Hybrid,2018-10-08,7.9,77100,Meets Expectations,1,Very Dissatisfied,4,Yes,None,25,2,9.5,9,No,36-45,75K-100K,5-10 Years
EMP11654,Divya,Gupta,Female,48,Marketing,Digital Marketing Analyst,Chennai,Bachelor's,Full-Time,Hybrid,2012-01-26,14.6,69100,Meets Expectations,2,Dissatisfied,2,No,Frequently,39,2,5.6,4,No,46-55,50K-75K,10+ Years
EMP11655,Sanjay,Kumar,Non-Binary,50,Technology,Software Engineer,Delhi NCR,Bachelor's,Full-Time,Onsite,2019-06-21,7.2,64700,Outstanding,4,Satisfied,4,Yes,None,15,0,9.9,7,No,46-55,50K-75K,5-10 Years
EMP11656,Kavya,Verma,Male,30,Technology,IT Support Specialist,Mumbai,Bachelor's,Contract,Hybrid,2012-12-20,13.7,113700,Meets Expectations,5,Very Satisfied,5,No,None,26,0,5.8,0,No,26-35,100K-150K,10+ Years
EMP11657,Divya,Reddy,Female,34,Operations,Process Associate,Chennai,Bachelor's,Full-Time,Hybrid,2019-09-02,7.0,55800,Outstanding,2,Dissatisfied,3,Yes,None,12,3,0.6,13,No,26-35,50K-75K,5-10 Years
EMP11658,Nikhil,Verma,Male,42,Customer Support,Support Analyst,Hyderabad,Bachelor's,Full-Time,Remote,2024-11-13,1.8,40300,Outstanding,1,Very Dissatisfied,5,Yes,None,16,0,9.8,17,No,36-45,<50K,1-3 Years
EMP11659,Meera,Joshi,Female,41,Operations,Operations Manager,Pune,Master's,Contract,Onsite,2023-01-26,3.6,65700,Outstanding,5,Very Satisfied,2,Yes,Rarely,16,2,11.9,16,No,36-45,50K-75K,3-5 Years
EMP11660,Isha,Iyer,Male,52,Technology,Software Engineer,Ahmedabad,Bachelor's,Contract,Hybrid,2020-06-20,6.2,89200,Meets Expectations,5,Very Satisfied,5,Yes,Frequently,14,3,3.5,20,No,46-55,75K-100K,5-10 Years
EMP11661,Aarav,Nair,Female,36,Marketing,Marketing Executive,Ahmedabad,Bachelor's,Full-Time,Onsite,2021-09-01,5.0,48100,Meets Expectations,5,Very Satisfied,3,No,None,34,1,8.1,10,No,36-45,<50K,3-5 Years
EMP11662,Vihaan,Singh,Male,47,Marketing,Content Specialist,Pune,Bachelor's,Full-Time,Hybrid,2013-09-01,13.0,94800,Meets Expectations,3,Neutral,3,No,Frequently,37,1,5.0,6,No,46-55,75K-100K,10+ Years
EMP11663,Vihaan,Singh,Female,56,Technology,Data Analyst,Mumbai,Bachelor's,Contract,Remote,2016-06-20,10.2,75700,Meets Expectations,4,Satisfied,1,No,Rarely,11,0,5.0,11,No,56+,75K-100K,10+ Years
EMP11664,Nikhil,Das,Female,32,Human Resources,HR Analyst,Mumbai,Bachelor's,Full-Time,Hybrid,2017-11-13,8.8,67800,Meets Expectations,1,Very Dissatisfied,4,No,Rarely,14,1,11.0,15,No,26-35,50K-75K,5-10 Years
EMP11665,Isha,Sharma,Male,53,Human Resources,Recruiter,Ahmedabad,Bachelor's,Full-Time,Hybrid,2019-03-03,7.5,75600,Meets Expectations,4,Satisfied,4,No,None,0,2,11.5,16,No,46-55,75K-100K,5-10 Years
EMP11666,Neha,Singh,Female,34,Finance,Financial Analyst,Hyderabad,MBA,Full-Time,Onsite,2020-07-26,6.1,55500,Needs Improvement,4,Satisfied,3,No,None,31,1,1.5,14,No,26-35,50K-75K,5-10 Years
EMP11667,Neha,Verma,Male,34,Operations,Operations Executive,Pune,Bachelor's,Contract,Remote,2017-05-15,9.3,70800,Meets Expectations,4,Satisfied,1,No,Rarely,29,0,8.8,3,No,26-35,50K-75K,5-10 Years
EMP11668,Vikram,Sharma,Male,47,Marketing,Marketing Executive,Chennai,Bachelor's,Full-Time,Onsite,2024-09-01,2.0,77300,Meets Expectations,4,Satisfied,4,Yes,Rarely,34,2,2.3,7,No,46-55,75K-100K,1-3 Years
EMP11669,Aarav,Das,Female,45,Human Resources,HR Analyst,Mumbai,Master's,Full-Time,Onsite,2024-01-26,2.6,66900,Meets Expectations,5,Very Satisfied,4,No,None,22,0,6.5,2,Yes,36-45,50K-75K,1-3 Years
EMP11670,Vihaan,Singh,Male,42,Operations,Operations Analyst,Kolkata,MBA,Full-Time,Onsite,2021-12-20,4.7,61300,Exceeds Expectations,4,Satisfied,5,No,None,37,0,9.7,6,No,36-45,50K-75K,3-5 Years
EMP11671,Aditya,Joshi,Male,30,Operations,Operations Executive,Pune,Bachelor's,Full-Time,Hybrid,2023-12-20,2.7,80500,Needs Improvement,1,Very Dissatisfied,5,No,None,5,2,2.8,9,No,26-35,75K-100K,1-3 Years
EMP11672,Aditya,Reddy,Male,24,Human Resources,HR Analyst,Mumbai,Bachelor's,Full-Time,Hybrid,2016-06-20,10.2,87900,Needs Improvement,4,Satisfied,2,No,None,15,1,4.0,20,No,21-25,75K-100K,10+ Years
EMP11673,Meera,Sharma,Male,57,Technology,Data Analyst,Kolkata,Bachelor's,Full-Time,Hybrid,2026-01-25,0.6,66400,Needs Improvement,4,Satisfied,2,Yes,None,18,3,11.3,8,Yes,56+,50K-75K,<1 Year
EMP11674,Arjun,Rao,Female,55,Operations,Operations Manager,Pune,Master's,Full-Time,Hybrid,2024-01-26,2.6,54100,Needs Improvement,3,Neutral,5,No,None,31,1,5.1,9,No,46-55,50K-75K,1-3 Years
EMP11675,Rohit,Iyer,Female,56,Operations,Operations Manager,Mumbai,Bachelor's,Full-Time,Hybrid,2013-01-25,13.6,60800,Meets Expectations,4,Satisfied,1,Yes,None,8,1,1.1,14,No,56+,50K-75K,10+ Years
EMP11676,Isha,Sharma,Male,41,Customer Support,Team Lead,Delhi NCR,Bachelor's,Full-Time,Remote,2011-09-02,15.0,67900,Needs Improvement,1,Very Dissatisfied,5,No,Frequently,13,3,5.1,22,No,36-45,50K-75K,10+ Years
EMP11677,Rahul,Reddy,Female,56,Technology,IT Support Specialist,Kolkata,MBA,Full-Time,Hybrid,2019-04-09,7.4,115800,Meets Expectations,2,Dissatisfied,1,No,Frequently,3,0,5.5,6,Yes,56+,100K-150K,5-10 Years
EMP11678,Neha,Das,Female,39,Finance,Accountant,Kolkata,Bachelor's,Full-Time,Hybrid,2019-03-03,7.5,71400,Needs Improvement,5,Very Satisfied,3,Yes,None,38,0,9.4,19,No,36-45,50K-75K,5-10 Years
EMP11679,Sanjay,Reddy,Female,24,Customer Support,Team Lead,Chennai,Bachelor's,Full-Time,Remote,2015-01-26,11.6,66500,Exceeds Expectations,1,Very Dissatisfied,1,No,None,18,3,4.3,21,No,21-25,50K-75K,10+ Years
EMP11680,Aisha,Gupta,Female,28,Human Resources,Recruiter,Bengaluru,MBA,Full-Time,Remote,2025-12-20,0.7,61100,Needs Improvement,5,Very Satisfied,5,Yes,None,0,1,1.7,19,No,26-35,50K-75K,<1 Year
EMP11681,Rohit,Sharma,Male,31,Customer Support,Support Executive,Hyderabad,Bachelor's,Full-Time,Hybrid,2020-03-02,6.5,42700,Exceeds Expectations,2,Dissatisfied,3,Yes,None,9,1,9.4,3,Yes,26-35,<50K,5-10 Years
EMP11682,Meera,Sharma,Non-Binary,36,Sales,Account Manager,Hyderabad,Diploma,Full-Time,Hybrid,2024-12-20,1.7,67500,Exceeds Expectations,4,Satisfied,5,No,Frequently,23,2,4.6,5,No,36-45,50K-75K,1-3 Years
EMP11683,Neha,Singh,Male,58,Sales,Sales Manager,Chennai,Bachelor's,Full-Time,Remote,2020-07-26,6.1,55700,Meets Expectations,2,Dissatisfied,1,Yes,None,20,2,0.6,17,No,56+,50K-75K,5-10 Years
EMP11684,Rohit,Gupta,Female,34,Operations,Process Associate,Chennai,Bachelor's,Full-Time,Hybrid,2011-11-14,14.8,65500,Exceeds Expectations,1,Very Dissatisfied,1,No,Frequently,20,3,10.0,9,No,26-35,50K-75K,10+ Years
EMP11685,Kavya,Gupta,Male,45,Finance,Accountant,Bengaluru,Bachelor's,Full-Time,Onsite,2015-04-09,11.4,72700,Meets Expectations,4,Satisfied,3,No,None,2,2,11.6,10,No,36-45,50K-75K,10+ Years
EMP11686,Neha,Iyer,Male,31,Human Resources,HR Executive,Chennai,Master's,Full-Time,Remote,2011-11-14,14.8,82100,Needs Improvement,4,Satisfied,1,No,Frequently,35,2,11.6,2,No,26-35,75K-100K,10+ Years
EMP11687,Divya,Sharma,Male,46,Finance,Financial Analyst,Delhi NCR,MBA,Contract,Hybrid,2015-06-21,11.2,104600,Meets Expectations,1,Very Dissatisfied,3,No,Rarely,34,3,7.5,3,No,46-55,100K-150K,10+ Years
EMP11688,Vikram,Sharma,Female,43,Finance,Financial Analyst,Hyderabad,MBA,Full-Time,Hybrid,2017-06-20,9.2,64600,Needs Improvement,2,Dissatisfied,4,Yes,Rarely,8,0,3.3,8,No,36-45,50K-75K,5-10 Years
EMP11689,Divya,Das,Male,27,Customer Support,Support Analyst,Pune,Master's,Full-Time,Hybrid,2015-04-09,11.4,52000,Needs Improvement,2,Dissatisfied,3,No,Frequently,15,2,10.4,16,No,26-35,50K-75K,10+ Years
EMP11690,Aisha,Singh,Female,39,Sales,Sales Manager,Delhi NCR,Master's,Contract,Onsite,2016-09-01,10.0,72900,Meets Expectations,5,Very Satisfied,4,No,None,3,1,2.3,22,No,36-45,50K-75K,5-10 Years
EMP11691,Nikhil,Kumar,Female,25,Operations,Operations Analyst,Bengaluru,Bachelor's,Full-Time,Onsite,2019-07-27,7.1,44600,Outstanding,2,Dissatisfied,1,No,None,5,1,9.0,1,No,21-25,<50K,5-10 Years
EMP11692,Kavya,Joshi,Male,56,Customer Support,Support Analyst,Mumbai,Bachelor's,Contract,Onsite,2022-03-03,4.5,63100,Meets Expectations,1,Very Dissatisfied,2,No,None,34,0,10.5,14,No,56+,50K-75K,3-5 Years
EMP11693,Priya,Patel,Male,49,Marketing,Content Specialist,Kolkata,Bachelor's,Full-Time,Hybrid,2018-10-08,7.9,73900,Exceeds Expectations,5,Very Satisfied,1,No,Frequently,4,2,11.1,21,No,46-55,50K-75K,5-10 Years
EMP11694,Divya,Sharma,Female,58,Finance,Senior Accountant,Pune,Bachelor's,Contract,Hybrid,2022-09-01,4.0,57500,Meets Expectations,1,Very Dissatisfied,3,Yes,Frequently,14,0,6.9,7,Yes,56+,50K-75K,3-5 Years
EMP11695,Vihaan,Sharma,Female,56,Technology,Software Engineer,Hyderabad,MBA,Contract,Hybrid,2019-04-09,7.4,119400,Needs Improvement,3,Neutral,2,No,None,40,0,11.5,20,No,56+,100K-150K,5-10 Years
EMP11696,Aisha,Iyer,Female,29,Marketing,Marketing Manager,Pune,Master's,Full-Time,Hybrid,2024-04-08,2.4,65800,Exceeds Expectations,1,Very Dissatisfied,3,Yes,Rarely,13,1,0.6,6,Yes,26-35,50K-75K,1-3 Years
EMP11697,Isha,Reddy,Female,49,Human Resources,HR Manager,Delhi NCR,Bachelor's,Full-Time,Onsite,2018-01-25,8.6,50900,Meets Expectations,2,Dissatisfied,1,No,None,28,3,0.6,12,No,46-55,50K-75K,5-10 Years
EMP11698,Aarav,Iyer,Female,25,Technology,IT Support Specialist,Pune,Bachelor's,Full-Time,Hybrid,2022-11-14,3.8,72200,Meets Expectations,4,Satisfied,3,No,None,4,2,9.2,4,No,21-25,50K-75K,3-5 Years
EMP11699,Ananya,Kumar,Male,59,Finance,Accountant,Ahmedabad,Bachelor's,Full-Time,Hybrid,2022-03-03,4.5,94700,Needs Improvement,1,Very Dissatisfied,4,No,Rarely,35,1,12.0,19,No,56+,75K-100K,3-5 Years
EMP11700,Kavya,Singh,Female,52,Customer Support,Customer Success Specialist,Hyderabad,Bachelor's,Full-Time,Hybrid,2019-01-26,7.6,68500,Needs Improvement,4,Satisfied,1,Yes,None,37,3,1.9,2,No,46-55,50K-75K,5-10 Years
EMP11701,Isha,Sharma,Female,48,Technology,IT Support Specialist,Chennai,MBA,Full-Time,Onsite,2024-01-26,2.6,85100,Meets Expectations,3,Neutral,4,No,None,37,0,4.6,13,No,46-55,75K-100K,1-3 Years
EMP11702,Aditya,Rao,Female,60,Technology,Software Engineer,Ahmedabad,Master's,Full-Time,Onsite,2012-04-08,14.4,64000,Meets Expectations,4,Satisfied,2,No,Rarely,25,3,11.8,3,No,56+,50K-75K,10+ Years
EMP11703,Kiran,Iyer,Female,54,Marketing,Marketing Manager,Delhi NCR,Bachelor's,Full-Time,Hybrid,2019-11-14,6.8,48800,Needs Improvement,1,Very Dissatisfied,5,Yes,None,39,1,10.5,4,No,46-55,<50K,5-10 Years
EMP11704,Ananya,Iyer,Male,55,Technology,Software Engineer,Hyderabad,Bachelor's,Full-Time,Hybrid,2021-04-08,5.4,104400,Needs Improvement,2,Dissatisfied,5,No,None,28,1,5.0,8,No,46-55,100K-150K,5-10 Years
EMP11705,Sneha,Singh,Female,25,Customer Support,Team Lead,Pune,Bachelor's,Full-Time,Hybrid,2026-01-25,0.6,46600,Meets Expectations,1,Very Dissatisfied,3,No,None,15,3,10.7,2,No,21-25,<50K,<1 Year
EMP11706,Arjun,Sharma,Female,21,Customer Support,Support Executive,Hyderabad,Bachelor's,Full-Time,Remote,2013-12-20,12.7,48700,Needs Improvement,5,Very Satisfied,1,Yes,None,36,0,5.5,9,Yes,21-25,<50K,10+ Years
EMP11707,Isha,Nair,Male,59,Customer Support,Support Executive,Ahmedabad,Bachelor's,Contract,Hybrid,2017-03-03,9.5,45300,Meets Expectations,5,Very Satisfied,2,No,Rarely,11,0,4.2,7,No,56+,<50K,5-10 Years
EMP11708,Sanjay,Patel,Female,31,Customer Support,Customer Success Specialist,Kolkata,Bachelor's,Full-Time,Hybrid,2020-04-08,6.4,50300,Meets Expectations,3,Neutral,4,No,Frequently,34,2,7.1,8,No,26-35,50K-75K,5-10 Years
EMP11709,Nikhil,Joshi,Female,38,Technology,Software Engineer,Bengaluru,Bachelor's,Full-Time,Onsite,2022-11-14,3.8,103700,Meets Expectations,3,Neutral,2,Yes,None,38,0,3.5,3,No,36-45,100K-150K,3-5 Years
EMP11710,Aisha,Sharma,Non-Binary,22,Technology,Data Analyst,Chennai,Bachelor's,Full-Time,Hybrid,2015-06-21,11.2,96500,Needs Improvement,1,Very Dissatisfied,4,Yes,Frequently,18,2,8.0,3,No,21-25,75K-100K,10+ Years
EMP11711,Ananya,Reddy,Female,45,Finance,Accountant,Chennai,Bachelor's,Contract,Onsite,2012-06-20,14.2,58400,Needs Improvement,5,Very Satisfied,5,No,Rarely,9,2,3.6,16,No,36-45,50K-75K,10+ Years
EMP11712,Kiran,Nair,Male,53,Human Resources,HR Analyst,Kolkata,Bachelor's,Full-Time,Onsite,2020-11-13,5.8,66800,Meets Expectations,4,Satisfied,5,Yes,Frequently,6,2,6.2,6,No,46-55,50K-75K,5-10 Years
EMP11713,Nikhil,Gupta,Non-Binary,54,Customer Support,Support Analyst,Hyderabad,Bachelor's,Contract,Onsite,2024-06-20,2.2,50100,Needs Improvement,1,Very Dissatisfied,2,No,Rarely,22,1,9.3,13,No,46-55,50K-75K,1-3 Years
EMP11714,Arjun,Gupta,Male,44,Operations,Operations Manager,Mumbai,Master's,Full-Time,Onsite,2024-11-13,1.8,62100,Meets Expectations,3,Neutral,5,Yes,None,27,3,10.4,10,No,36-45,50K-75K,1-3 Years
EMP11715,Isha,Verma,Female,47,Marketing,Content Specialist,Delhi NCR,Master's,Full-Time,Onsite,2026-05-15,0.3,49300,Meets Expectations,1,Very Dissatisfied,2,No,Rarely,24,3,0.7,7,No,46-55,<50K,<1 Year
EMP11716,Rohit,Joshi,Female,41,Customer Support,Customer Success Specialist,Ahmedabad,Bachelor's,Full-Time,Hybrid,2015-06-21,11.2,38200,Needs Improvement,3,Neutral,5,No,None,26,1,8.8,1,No,36-45,<50K,10+ Years
EMP11717,Rohit,Nair,Male,38,Marketing,Marketing Manager,Pune,MBA,Full-Time,Hybrid,2011-12-20,14.7,71200,Exceeds Expectations,4,Satisfied,1,Yes,None,1,0,10.7,11,No,36-45,50K-75K,10+ Years
EMP11718,Arjun,Kumar,Male,43,Finance,Finance Manager,Pune,Master's,Contract,Hybrid,2011-10-08,14.9,64900,Outstanding,2,Dissatisfied,3,No,None,1,1,8.9,1,No,36-45,50K-75K,10+ Years
EMP11719,Vikram,Das,Female,58,Finance,Financial Analyst,Delhi NCR,Master's,Full-Time,Onsite,2014-11-14,11.8,85500,Needs Improvement,3,Neutral,4,Yes,None,10,0,2.9,6,Yes,56+,75K-100K,10+ Years
EMP11720,Arjun,Verma,Female,31,Human Resources,Recruiter,Mumbai,Bachelor's,Full-Time,Hybrid,2024-01-26,2.6,60800,Needs Improvement,4,Satisfied,1,Yes,None,36,2,9.0,18,Yes,26-35,50K-75K,1-3 Years
EMP11721,Aarav,Kumar,Female,39,Sales,Business Development Executive,Ahmedabad,MBA,Full-Time,Remote,2011-12-20,14.7,49300,Meets Expectations,1,Very Dissatisfied,3,Yes,Frequently,20,3,9.7,3,No,36-45,<50K,10+ Years
EMP11722,Kavya,Nair,Non-Binary,45,Operations,Operations Analyst,Bengaluru,Bachelor's,Full-Time,Onsite,2021-07-27,5.1,67000,Needs Improvement,1,Very Dissatisfied,2,No,None,13,2,2.3,4,No,36-45,50K-75K,5-10 Years
EMP11723,Vikram,Nair,Male,43,Marketing,Marketing Executive,Chennai,Master's,Full-Time,Hybrid,2021-07-27,5.1,64100,Exceeds Expectations,3,Neutral,5,No,None,27,3,11.0,19,No,36-45,50K-75K,5-10 Years
EMP11724,Neha,Patel,Male,22,Operations,Operations Analyst,Chennai,Bachelor's,Full-Time,Remote,2016-04-08,10.4,44600,Meets Expectations,3,Neutral,3,No,Frequently,17,1,3.4,6,No,21-25,<50K,10+ Years
EMP11725,Rahul,Kumar,Male,32,Human Resources,HR Analyst,Mumbai,Diploma,Full-Time,Hybrid,2025-10-08,0.9,82800,Meets Expectations,2,Dissatisfied,1,No,None,5,3,11.4,11,Yes,26-35,75K-100K,<1 Year
EMP11726,Ananya,Joshi,Female,46,Operations,Operations Manager,Bengaluru,Master's,Full-Time,Hybrid,2014-04-08,12.4,56900,Meets Expectations,3,Neutral,1,No,None,21,1,6.1,2,No,46-55,50K-75K,10+ Years
EMP11727,Rahul,Joshi,Male,48,Customer Support,Team Lead,Bengaluru,Diploma,Full-Time,Onsite,2011-09-02,15.0,67700,Needs Improvement,1,Very Dissatisfied,1,No,Frequently,28,2,1.7,10,No,46-55,50K-75K,10+ Years
EMP11728,Kiran,Kumar,Female,50,Human Resources,Recruiter,Chennai,Bachelor's,Full-Time,Onsite,2014-12-20,11.7,51700,Meets Expectations,4,Satisfied,1,No,Frequently,37,3,8.5,4,No,46-55,50K-75K,10+ Years
EMP11729,Divya,Nair,Female,60,Human Resources,HR Executive,Hyderabad,Bachelor's,Full-Time,Hybrid,2014-11-14,11.8,86200,Meets Expectations,4,Satisfied,3,Yes,Rarely,15,0,6.9,9,No,56+,75K-100K,10+ Years
EMP11730,Ananya,Reddy,Female,47,Sales,Account Manager,Chennai,Bachelor's,Full-Time,Remote,2020-09-01,6.0,77200,Meets Expectations,2,Dissatisfied,2,No,None,6,2,9.2,19,No,46-55,75K-100K,5-10 Years
EMP11731,Aarav,Joshi,Male,44,Operations,Operations Manager,Bengaluru,Bachelor's,Contract,Hybrid,2025-06-20,1.2,42200,Outstanding,4,Satisfied,2,No,None,35,1,3.7,12,No,36-45,<50K,1-3 Years
EMP11732,Meera,Patel,Male,34,Customer Support,Customer Success Specialist,Hyderabad,Bachelor's,Full-Time,Onsite,2014-10-08,11.9,52800,Meets Expectations,2,Dissatisfied,2,No,Frequently,15,2,0.9,21,No,26-35,50K-75K,10+ Years
EMP11733,Isha,Kumar,Female,35,Marketing,Marketing Manager,Chennai,Diploma,Full-Time,Onsite,2017-09-01,9.0,77600,Meets Expectations,2,Dissatisfied,3,No,Frequently,6,3,2.2,22,Yes,26-35,75K-100K,5-10 Years
EMP11734,Vikram,Das,Male,54,Customer Support,Support Analyst,Hyderabad,Bachelor's,Contract,Hybrid,2012-12-20,13.7,51400,Outstanding,2,Dissatisfied,3,Yes,None,20,1,5.8,9,No,46-55,50K-75K,10+ Years
EMP11735,Rahul,Iyer,Male,39,Customer Support,Customer Success Specialist,Delhi NCR,Bachelor's,Contract,Remote,2024-10-08,1.9,47400,Needs Improvement,5,Very Satisfied,3,No,Frequently,2,3,0.7,6,No,36-45,<50K,1-3 Years
EMP11736,Nikhil,Nair,Male,49,Operations,Operations Manager,Mumbai,Bachelor's,Contract,Onsite,2021-12-20,4.7,80000,Needs Improvement,3,Neutral,5,No,Rarely,40,3,8.0,4,Yes,46-55,75K-100K,3-5 Years
EMP11737,Aisha,Joshi,Female,25,Human Resources,HR Analyst,Bengaluru,Bachelor's,Contract,Onsite,2021-03-03,5.5,77300,Meets Expectations,4,Satisfied,2,No,None,31,2,6.2,14,No,21-25,75K-100K,5-10 Years
EMP11738,Sanjay,Joshi,Female,26,Sales,Sales Executive,Delhi NCR,MBA,Full-Time,Hybrid,2016-05-14,10.3,84200,Meets Expectations,2,Dissatisfied,2,Yes,None,18,2,2.7,15,No,26-35,75K-100K,10+ Years
EMP11739,Arjun,Patel,Female,29,Sales,Account Manager,Pune,MBA,Full-Time,Onsite,2014-10-08,11.9,78600,Meets Expectations,5,Very Satisfied,3,Yes,None,22,2,9.6,17,Yes,26-35,75K-100K,10+ Years
EMP11740,Arjun,Gupta,Male,28,Technology,Data Analyst,Delhi NCR,Master's,Full-Time,Onsite,2012-04-08,14.4,115900,Needs Improvement,4,Satisfied,1,No,Frequently,16,1,7.9,4,No,26-35,100K-150K,10+ Years
EMP11741,Divya,Nair,Male,45,Human Resources,HR Executive,Ahmedabad,Bachelor's,Full-Time,Onsite,2022-01-25,4.6,78600,Meets Expectations,1,Very Dissatisfied,4,No,None,19,1,6.7,15,No,36-45,75K-100K,3-5 Years
EMP11742,Rahul,Iyer,Male,46,Operations,Process Associate,Delhi NCR,Bachelor's,Contract,Hybrid,2019-03-03,7.5,66600,Needs Improvement,2,Dissatisfied,3,Yes,Rarely,38,1,8.7,15,Yes,46-55,50K-75K,5-10 Years
EMP11743,Priya,Verma,Female,43,Human Resources,Recruiter,Pune,Bachelor's,Contract,Onsite,2026-01-25,0.6,86700,Needs Improvement,3,Neutral,2,No,None,29,0,7.2,11,No,36-45,75K-100K,<1 Year
EMP11744,Kavya,Verma,Male,32,Sales,Sales Executive,Chennai,Bachelor's,Full-Time,Onsite,2022-10-08,3.9,67700,Meets Expectations,3,Neutral,2,No,Rarely,27,1,0.3,15,No,26-35,50K-75K,3-5 Years
EMP11745,Arjun,Das,Male,44,Technology,IT Support Specialist,Pune,Bachelor's,Full-Time,Hybrid,2020-12-20,5.7,63800,Meets Expectations,5,Very Satisfied,3,No,None,40,3,6.7,11,No,36-45,50K-75K,5-10 Years
EMP11746,Arjun,Iyer,Female,25,Customer Support,Team Lead,Pune,Bachelor's,Full-Time,Hybrid,2017-09-01,9.0,54800,Exceeds Expectations,3,Neutral,5,No,Frequently,6,0,3.2,18,No,21-25,50K-75K,5-10 Years
EMP11747,Rohit,Sharma,Female,39,Customer Support,Support Executive,Ahmedabad,Bachelor's,Full-Time,Hybrid,2019-06-21,7.2,36200,Needs Improvement,3,Neutral,2,No,None,37,3,9.3,7,Yes,36-45,<50K,5-10 Years
EMP11748,Sneha,Joshi,Male,27,Finance,Financial Analyst,Delhi NCR,Bachelor's,Contract,Hybrid,2021-01-25,5.6,104300,Meets Expectations,2,Dissatisfied,3,Yes,Rarely,7,1,8.1,5,No,26-35,100K-150K,5-10 Years
EMP11749,Isha,Singh,Female,24,Operations,Operations Analyst,Mumbai,Master's,Contract,Hybrid,2017-04-08,9.4,66600,Exceeds Expectations,5,Very Satisfied,1,No,Rarely,10,1,7.2,14,No,21-25,50K-75K,5-10 Years
EMP11750,Vikram,Rao,Non-Binary,27,Operations,Operations Manager,Pune,MBA,Full-Time,Hybrid,2014-03-03,12.5,62500,Meets Expectations,4,Satisfied,2,No,None,26,1,6.5,7,No,26-35,50K-75K,10+ Years
EMP11751,Kiran,Rao,Male,25,Customer Support,Support Analyst,Mumbai,Bachelor's,Full-Time,Onsite,2022-11-14,3.8,39900,Meets Expectations,4,Satisfied,4,Yes,Frequently,5,0,3.2,11,No,21-25,<50K,3-5 Years
EMP11752,Rohit,Sharma,Female,40,Customer Support,Customer Success Specialist,Delhi NCR,Bachelor's,Full-Time,Onsite,2021-05-15,5.3,52200,Meets Expectations,4,Satisfied,4,Yes,None,19,1,7.9,5,No,36-45,50K-75K,5-10 Years
EMP11753,Aisha,Verma,Male,42,Marketing,Marketing Manager,Delhi NCR,Bachelor's,Contract,Hybrid,2016-01-26,10.6,61400,Meets Expectations,4,Satisfied,5,No,Frequently,13,1,9.6,5,No,36-45,50K-75K,10+ Years
EMP11754,Ananya,Iyer,Female,45,Finance,Financial Analyst,Hyderabad,Bachelor's,Full-Time,Onsite,2014-12-20,11.7,88300,Meets Expectations,4,Satisfied,3,No,None,0,2,4.8,14,No,36-45,75K-100K,10+ Years
EMP11755,Sneha,Nair,Male,38,Marketing,Marketing Manager,Kolkata,Master's,Full-Time,Onsite,2014-04-08,12.4,75100,Meets Expectations,2,Dissatisfied,5,No,Rarely,7,3,4.3,6,Yes,36-45,75K-100K,10+ Years
EMP11756,Rahul,Rao,Male,28,Finance,Senior Accountant,Mumbai,Bachelor's,Full-Time,Onsite,2023-05-15,3.3,78000,Meets Expectations,3,Neutral,3,Yes,Frequently,18,1,11.3,22,Yes,26-35,75K-100K,3-5 Years
EMP11757,Sneha,Sharma,Female,21,Finance,Finance Manager,Pune,Master's,Full-Time,Remote,2018-06-20,8.2,63500,Needs Improvement,1,Very Dissatisfied,1,No,Frequently,3,3,9.7,18,No,21-25,50K-75K,5-10 Years
EMP11758,Rohit,Nair,Male,49,Marketing,Digital Marketing Analyst,Delhi NCR,Bachelor's,Full-Time,Hybrid,2013-03-03,13.5,70900,Exceeds Expectations,2,Dissatisfied,1,Yes,None,38,0,0.9,9,No,46-55,50K-75K,10+ Years
EMP11759,Pooja,Nair,Female,60,Human Resources,HR Analyst,Mumbai,Bachelor's,Full-Time,Onsite,2020-09-01,6.0,65300,Meets Expectations,2,Dissatisfied,3,Yes,None,17,0,3.5,5,No,56+,50K-75K,5-10 Years
EMP11760,Ananya,Rao,Male,32,Marketing,Content Specialist,Pune,Diploma,Full-Time,Onsite,2020-01-26,6.6,87900,Meets Expectations,2,Dissatisfied,2,No,Frequently,30,3,10.3,7,No,26-35,75K-100K,5-10 Years
EMP11761,Arjun,Singh,Female,29,Finance,Financial Analyst,Ahmedabad,MBA,Contract,Onsite,2011-11-14,14.8,101100,Meets Expectations,3,Neutral,1,No,None,8,3,9.1,10,No,26-35,100K-150K,10+ Years
EMP11762,Kavya,Singh,Male,33,Finance,Accountant,Ahmedabad,Master's,Full-Time,Onsite,2024-10-08,1.9,93200,Meets Expectations,3,Neutral,1,Yes,Frequently,22,0,2.5,13,Yes,26-35,75K-100K,1-3 Years
EMP11763,Aarav,Kumar,Female,29,Sales,Sales Executive,Ahmedabad,MBA,Full-Time,Onsite,2016-01-26,10.6,54000,Meets Expectations,3,Neutral,4,Yes,None,4,1,6.0,8,No,26-35,50K-75K,10+ Years
EMP11764,Isha,Singh,Male,29,Marketing,Content Specialist,Hyderabad,Diploma,Full-Time,Onsite,2013-11-13,12.8,45500,Meets Expectations,5,Very Satisfied,4,No,None,8,1,2.4,8,No,26-35,<50K,10+ Years
EMP11765,Nikhil,Reddy,Female,40,Marketing,Digital Marketing Analyst,Ahmedabad,Bachelor's,Contract,Hybrid,2024-04-08,2.4,91800,Outstanding,2,Dissatisfied,2,No,Rarely,28,0,7.2,11,No,36-45,75K-100K,1-3 Years
EMP11766,Isha,Singh,Male,52,Customer Support,Team Lead,Pune,Diploma,Contract,Remote,2015-11-14,10.8,70600,Needs Improvement,1,Very Dissatisfied,2,No,None,13,2,1.2,2,No,46-55,50K-75K,10+ Years
EMP11767,Meera,Iyer,Male,49,Human Resources,Recruiter,Pune,Master's,Full-Time,Onsite,2019-06-21,7.2,48400,Meets Expectations,4,Satisfied,3,No,None,40,1,3.3,0,No,46-55,<50K,5-10 Years
EMP11768,Sanjay,Verma,Male,59,Human Resources,Recruiter,Delhi NCR,Bachelor's,Contract,Onsite,2013-11-13,12.8,76600,Meets Expectations,2,Dissatisfied,1,No,None,40,3,1.2,11,No,56+,75K-100K,10+ Years
EMP11769,Aditya,Verma,Female,35,Sales,Sales Manager,Chennai,Bachelor's,Full-Time,Hybrid,2013-01-25,13.6,58900,Meets Expectations,5,Very Satisfied,5,No,Frequently,5,1,11.1,16,No,26-35,50K-75K,10+ Years
EMP11770,Vihaan,Das,Male,40,Technology,Software Engineer,Kolkata,Master's,Full-Time,Onsite,2013-07-27,13.1,68900,Meets Expectations,4,Satisfied,3,Yes,Rarely,27,2,2.3,13,No,36-45,50K-75K,10+ Years
EMP11771,Rohit,Joshi,Female,36,Finance,Finance Manager,Delhi NCR,Bachelor's,Full-Time,Onsite,2025-06-20,1.2,107100,Meets Expectations,2,Dissatisfied,2,No,Frequently,32,3,6.4,1,No,36-45,100K-150K,1-3 Years
EMP11772,Arjun,Verma,Male,22,Finance,Finance Manager,Hyderabad,Master's,Full-Time,Onsite,2015-04-09,11.4,103300,Outstanding,3,Neutral,3,No,None,11,0,2.3,9,Yes,21-25,100K-150K,10+ Years
EMP11773,Neha,Singh,Non-Binary,36,Finance,Senior Accountant,Bengaluru,Bachelor's,Full-Time,Hybrid,2012-11-13,13.8,106200,Meets Expectations,5,Very Satisfied,1,No,None,34,1,1.7,12,Yes,36-45,100K-150K,10+ Years
EMP11774,Aarav,Verma,Male,31,Finance,Finance Manager,Hyderabad,Bachelor's,Full-Time,Onsite,2017-04-08,9.4,57200,Needs Improvement,5,Very Satisfied,2,No,None,30,2,0.2,17,Yes,26-35,50K-75K,5-10 Years
EMP11775,Neha,Joshi,Male,40,Operations,Process Associate,Pune,Bachelor's,Full-Time,Onsite,2017-07-27,9.1,59600,Meets Expectations,2,Dissatisfied,3,No,None,13,2,1.2,15,No,36-45,50K-75K,5-10 Years
EMP11776,Arjun,Patel,Female,27,Sales,Business Development Executive,Chennai,MBA,Full-Time,Hybrid,2025-10-08,0.9,80900,Needs Improvement,1,Very Dissatisfied,5,No,None,3,1,6.4,15,No,26-35,75K-100K,<1 Year
EMP11777,Aditya,Iyer,Male,50,Finance,Finance Manager,Ahmedabad,MBA,Full-Time,Onsite,2013-10-08,12.9,88200,Meets Expectations,1,Very Dissatisfied,5,No,None,18,0,6.4,0,No,46-55,75K-100K,10+ Years
EMP11778,Aarav,Rao,Female,54,Technology,Data Analyst,Pune,MBA,Full-Time,Remote,2025-10-08,0.9,89000,Exceeds Expectations,5,Very Satisfied,4,No,None,15,2,3.2,10,No,46-55,75K-100K,<1 Year
EMP11779,Isha,Nair,Female,59,Finance,Financial Analyst,Hyderabad,Master's,Contract,Hybrid,2021-11-13,4.8,79000,Meets Expectations,4,Satisfied,2,No,Rarely,21,2,11.2,21,Yes,56+,75K-100K,3-5 Years
EMP11780,Neha,Kumar,Female,24,Marketing,Digital Marketing Analyst,Mumbai,Diploma,Contract,Onsite,2012-10-08,13.9,45500,Meets Expectations,4,Satisfied,5,No,None,9,1,5.4,21,No,21-25,<50K,10+ Years
EMP11781,Pooja,Iyer,Male,25,Sales,Business Development Executive,Chennai,Bachelor's,Contract,Onsite,2012-05-14,14.3,67600,Exceeds Expectations,4,Satisfied,1,No,None,12,3,9.7,17,No,21-25,50K-75K,10+ Years
EMP11782,Ananya,Nair,Male,59,Finance,Financial Analyst,Kolkata,Bachelor's,Full-Time,Remote,2011-10-08,14.9,99000,Meets Expectations,4,Satisfied,2,No,None,36,0,6.2,13,No,56+,75K-100K,10+ Years
EMP11783,Priya,Joshi,Male,54,Sales,Account Manager,Hyderabad,Bachelor's,Contract,Onsite,2019-05-15,7.3,39100,Needs Improvement,3,Neutral,3,No,None,34,2,3.1,18,Yes,46-55,<50K,5-10 Years
EMP11784,Aarav,Das,Male,44,Customer Support,Support Analyst,Pune,Bachelor's,Full-Time,Onsite,2023-11-14,2.8,38400,Needs Improvement,2,Dissatisfied,3,Yes,Rarely,30,2,2.1,8,No,36-45,<50K,1-3 Years
EMP11785,Aarav,Rao,Female,33,Operations,Operations Executive,Delhi NCR,Master's,Full-Time,Onsite,2019-04-09,7.4,60800,Meets Expectations,2,Dissatisfied,4,No,Frequently,14,0,2.3,10,No,26-35,50K-75K,5-10 Years
EMP11786,Sneha,Kumar,Female,41,Technology,IT Support Specialist,Hyderabad,Bachelor's,Contract,Remote,2024-12-20,1.7,97900,Meets Expectations,2,Dissatisfied,3,No,Frequently,20,0,8.2,8,No,36-45,75K-100K,1-3 Years
EMP11787,Ananya,Das,Female,42,Technology,BI Analyst,Mumbai,Diploma,Contract,Remote,2013-07-27,13.1,82600,Needs Improvement,4,Satisfied,5,No,None,12,3,9.0,2,Yes,36-45,75K-100K,10+ Years
EMP11788,Isha,Verma,Female,54,Sales,Sales Executive,Delhi NCR,MBA,Contract,Hybrid,2018-03-03,8.5,40300,Outstanding,1,Very Dissatisfied,3,No,None,16,2,2.2,0,No,46-55,<50K,5-10 Years
EMP11789,Priya,Kumar,Female,42,Human Resources,HR Executive,Hyderabad,Bachelor's,Contract,Onsite,2020-06-20,6.2,79500,Exceeds Expectations,1,Very Dissatisfied,4,No,Frequently,21,3,11.9,7,No,36-45,75K-100K,5-10 Years
EMP11790,Aarav,Patel,Female,22,Operations,Operations Manager,Mumbai,Bachelor's,Full-Time,Onsite,2025-04-08,1.4,48400,Exceeds Expectations,4,Satisfied,1,No,Frequently,35,1,11.0,15,No,21-25,<50K,1-3 Years
EMP11791,Sneha,Kumar,Male,48,Marketing,Content Specialist,Ahmedabad,Master's,Contract,Onsite,2020-06-20,6.2,77100,Exceeds Expectations,4,Satisfied,1,No,None,32,2,3.1,16,No,46-55,75K-100K,5-10 Years
EMP11792,Aditya,Iyer,Male,52,Customer Support,Team Lead,Mumbai,Diploma,Full-Time,Onsite,2013-09-01,13.0,53900,Meets Expectations,1,Very Dissatisfied,2,Yes,None,8,3,3.9,17,Yes,46-55,50K-75K,10+ Years
EMP11793,Pooja,Nair,Male,32,Finance,Senior Accountant,Bengaluru,Master's,Full-Time,Remote,2016-01-26,10.6,74000,Needs Improvement,1,Very Dissatisfied,1,No,Rarely,38,1,11.7,12,No,26-35,50K-75K,10+ Years
EMP11794,Sanjay,Patel,Male,25,Technology,Software Engineer,Kolkata,Master's,Full-Time,Hybrid,2025-04-08,1.4,99900,Exceeds Expectations,2,Dissatisfied,5,No,Frequently,3,2,12.0,5,Yes,21-25,75K-100K,1-3 Years
EMP11795,Nikhil,Kumar,Female,26,Human Resources,Recruiter,Hyderabad,Master's,Full-Time,Onsite,2024-01-26,2.6,77000,Needs Improvement,1,Very Dissatisfied,4,No,None,1,3,5.0,19,No,26-35,75K-100K,1-3 Years
EMP11796,Aarav,Joshi,Female,54,Technology,Software Engineer,Kolkata,Diploma,Full-Time,Hybrid,2020-09-01,6.0,98700,Meets Expectations,2,Dissatisfied,5,Yes,None,34,0,10.1,17,No,46-55,75K-100K,5-10 Years
EMP11797,Rohit,Nair,Male,38,Customer Support,Support Executive,Ahmedabad,Bachelor's,Full-Time,Onsite,2024-12-20,1.7,53800,Exceeds Expectations,5,Very Satisfied,2,No,Frequently,11,2,11.1,4,No,36-45,50K-75K,1-3 Years
EMP11798,Aarav,Nair,Male,42,Technology,BI Analyst,Bengaluru,MBA,Contract,Hybrid,2012-09-01,14.0,89100,Meets Expectations,5,Very Satisfied,1,No,Rarely,35,2,10.6,15,No,36-45,75K-100K,10+ Years
EMP11799,Aditya,Sharma,Female,59,Human Resources,HR Analyst,Pune,Master's,Contract,Onsite,2016-10-08,9.9,63700,Meets Expectations,2,Dissatisfied,2,No,None,2,3,8.1,5,No,56+,50K-75K,5-10 Years
EMP11800,Priya,Iyer,Female,23,Human Resources,Recruiter,Kolkata,Bachelor's,Full-Time,Hybrid,2025-01-25,1.6,66700,Meets Expectations,2,Dissatisfied,1,Yes,None,9,3,5.1,1,Yes,21-25,50K-75K,1-3 Years
EMP11801,Sanjay,Rao,Male,29,Sales,Business Development Executive,Delhi NCR,Bachelor's,Full-Time,Onsite,2014-10-08,11.9,60200,Meets Expectations,5,Very Satisfied,2,Yes,Rarely,33,0,6.2,1,No,26-35,50K-75K,10+ Years
EMP11802,Priya,Nair,Female,54,Human Resources,HR Executive,Mumbai,MBA,Contract,Onsite,2020-12-20,5.7,64100,Meets Expectations,3,Neutral,1,No,Rarely,8,0,8.6,6,No,46-55,50K-75K,5-10 Years
EMP11803,Isha,Kumar,Female,42,Human Resources,Recruiter,Delhi NCR,Bachelor's,Contract,Remote,2022-11-14,3.8,52600,Outstanding,2,Dissatisfied,2,No,Rarely,21,0,3.3,5,No,36-45,50K-75K,3-5 Years
EMP11804,Isha,Gupta,Male,22,Technology,IT Support Specialist,Kolkata,Master's,Full-Time,Remote,2018-01-25,8.6,109400,Needs Improvement,4,Satisfied,4,Yes,None,29,2,8.6,22,No,21-25,100K-150K,5-10 Years
EMP11805,Pooja,Reddy,Female,49,Sales,Account Manager,Delhi NCR,Bachelor's,Full-Time,Hybrid,2026-04-08,0.4,45200,Meets Expectations,3,Neutral,5,No,None,14,0,6.4,21,Yes,46-55,<50K,<1 Year
EMP11806,Vihaan,Rao,Female,26,Sales,Sales Manager,Mumbai,Bachelor's,Full-Time,Hybrid,2019-07-27,7.1,81500,Outstanding,5,Very Satisfied,2,No,Rarely,5,3,7.1,0,No,26-35,75K-100K,5-10 Years
EMP11807,Vihaan,Kumar,Female,52,Sales,Account Manager,Chennai,Bachelor's,Full-Time,Onsite,2013-12-20,12.7,68200,Meets Expectations,5,Very Satisfied,5,No,None,34,3,10.1,22,Yes,46-55,50K-75K,10+ Years
EMP11808,Pooja,Rao,Female,52,Human Resources,HR Manager,Ahmedabad,Bachelor's,Full-Time,Hybrid,2012-10-08,13.9,44500,Exceeds Expectations,4,Satisfied,4,No,None,25,2,11.3,21,No,46-55,<50K,10+ Years
EMP11809,Pooja,Joshi,Male,53,Sales,Sales Executive,Mumbai,Bachelor's,Full-Time,Onsite,2021-05-15,5.3,69800,Meets Expectations,5,Very Satisfied,1,No,None,37,0,3.8,21,Yes,46-55,50K-75K,5-10 Years
EMP11810,Aarav,Sharma,Female,39,Customer Support,Team Lead,Kolkata,Bachelor's,Full-Time,Onsite,2016-12-20,9.7,46200,Outstanding,3,Neutral,1,No,None,28,1,9.2,18,No,36-45,<50K,5-10 Years
EMP11811,Aarav,Rao,Female,31,Technology,IT Support Specialist,Kolkata,Bachelor's,Full-Time,Hybrid,2023-01-26,3.6,123800,Meets Expectations,3,Neutral,1,Yes,Rarely,30,1,7.3,2,No,26-35,100K-150K,3-5 Years
EMP11812,Rohit,Iyer,Male,56,Marketing,Content Specialist,Pune,Bachelor's,Full-Time,Hybrid,2018-03-03,8.5,92400,Outstanding,1,Very Dissatisfied,4,No,None,25,2,3.6,16,Yes,56+,75K-100K,5-10 Years
EMP11813,Ananya,Iyer,Male,43,Marketing,Digital Marketing Analyst,Delhi NCR,Bachelor's,Full-Time,Hybrid,2022-09-01,4.0,87700,Meets Expectations,1,Very Dissatisfied,4,No,Rarely,27,1,7.8,17,No,36-45,75K-100K,3-5 Years
EMP11814,Aarav,Verma,Female,46,Human Resources,Recruiter,Delhi NCR,Master's,Full-Time,Hybrid,2017-12-20,8.7,70600,Outstanding,1,Very Dissatisfied,5,No,Rarely,17,1,7.9,12,Yes,46-55,50K-75K,5-10 Years
EMP11815,Nikhil,Gupta,Female,26,Customer Support,Customer Success Specialist,Bengaluru,Master's,Full-Time,Hybrid,2023-12-20,2.7,67800,Needs Improvement,5,Very Satisfied,3,Yes,None,37,2,9.9,2,No,26-35,50K-75K,1-3 Years
EMP11816,Rahul,Gupta,Female,45,Sales,Account Manager,Mumbai,Bachelor's,Full-Time,Hybrid,2012-07-26,14.1,69400,Needs Improvement,2,Dissatisfied,1,No,Frequently,33,1,5.0,5,No,36-45,50K-75K,10+ Years
EMP11817,Meera,Rao,Female,44,Technology,IT Support Specialist,Ahmedabad,Master's,Full-Time,Remote,2013-05-15,13.3,119900,Outstanding,4,Satisfied,5,No,None,9,3,9.8,11,No,36-45,100K-150K,10+ Years
EMP11818,Isha,Kumar,Female,32,Technology,BI Analyst,Mumbai,Master's,Full-Time,Onsite,2021-06-20,5.2,69700,Meets Expectations,3,Neutral,5,No,Frequently,38,0,3.1,3,No,26-35,50K-75K,5-10 Years
EMP11819,Ananya,Das,Non-Binary,51,Sales,Sales Manager,Delhi NCR,Master's,Full-Time,Hybrid,2014-12-20,11.7,81300,Meets Expectations,4,Satisfied,4,No,None,9,2,5.6,22,No,46-55,75K-100K,10+ Years
EMP11820,Aditya,Rao,Female,26,Finance,Financial Analyst,Hyderabad,MBA,Full-Time,Remote,2025-01-25,1.6,87500,Meets Expectations,2,Dissatisfied,5,No,Frequently,28,1,7.5,1,No,26-35,75K-100K,1-3 Years
EMP11821,Kiran,Joshi,Male,49,Finance,Senior Accountant,Chennai,MBA,Contract,Hybrid,2015-06-21,11.2,66500,Needs Improvement,5,Very Satisfied,2,No,None,37,2,7.3,12,No,46-55,50K-75K,10+ Years
EMP11822,Rahul,Kumar,Male,59,Operations,Operations Manager,Hyderabad,Diploma,Full-Time,Hybrid,2022-04-08,4.4,82400,Meets Expectations,3,Neutral,3,No,Rarely,17,3,0.8,12,No,56+,75K-100K,3-5 Years
EMP11823,Pooja,Kumar,Male,43,Finance,Senior Accountant,Pune,Master's,Full-Time,Hybrid,2024-06-20,2.2,88900,Meets Expectations,2,Dissatisfied,3,No,None,7,3,4.4,10,Yes,36-45,75K-100K,1-3 Years
EMP11824,Sneha,Kumar,Male,25,Customer Support,Support Executive,Pune,Bachelor's,Full-Time,Remote,2016-06-20,10.2,67400,Meets Expectations,3,Neutral,2,Yes,None,40,0,4.0,20,No,21-25,50K-75K,10+ Years
EMP11825,Rohit,Gupta,Male,43,Operations,Operations Manager,Bengaluru,Bachelor's,Contract,Remote,2019-06-21,7.2,37800,Meets Expectations,2,Dissatisfied,5,No,None,32,1,11.6,2,No,36-45,<50K,5-10 Years
EMP11826,Aarav,Verma,Male,42,Customer Support,Support Analyst,Chennai,Master's,Full-Time,Hybrid,2018-09-01,8.0,53600,Meets Expectations,4,Satisfied,3,No,None,18,0,11.6,3,No,36-45,50K-75K,5-10 Years
EMP11827,Isha,Gupta,Non-Binary,43,Sales,Sales Manager,Mumbai,Master's,Full-Time,Onsite,2018-10-08,7.9,72300,Exceeds Expectations,2,Dissatisfied,5,Yes,None,40,1,4.5,1,No,36-45,50K-75K,5-10 Years
EMP11828,Sneha,Kumar,Female,31,Customer Support,Support Executive,Mumbai,Bachelor's,Full-Time,Hybrid,2025-07-27,1.1,32800,Outstanding,1,Very Dissatisfied,2,Yes,None,4,0,9.5,5,No,26-35,<50K,1-3 Years
EMP11829,Rahul,Singh,Female,46,Marketing,Digital Marketing Analyst,Chennai,Master's,Full-Time,Onsite,2025-09-01,1.0,83300,Meets Expectations,4,Satisfied,3,No,Rarely,21,2,6.7,0,No,46-55,75K-100K,<1 Year
EMP11830,Pooja,Gupta,Male,31,Customer Support,Customer Success Specialist,Mumbai,Master's,Full-Time,Onsite,2017-07-27,9.1,57500,Outstanding,5,Very Satisfied,5,No,None,7,1,4.9,3,No,26-35,50K-75K,5-10 Years
EMP11831,Aisha,Verma,Male,43,Finance,Finance Manager,Mumbai,Bachelor's,Full-Time,Hybrid,2017-04-08,9.4,64800,Meets Expectations,2,Dissatisfied,1,No,None,7,1,9.4,14,No,36-45,50K-75K,5-10 Years
EMP11832,Vihaan,Singh,Male,44,Customer Support,Support Executive,Bengaluru,MBA,Full-Time,Hybrid,2025-10-08,0.9,58900,Meets Expectations,5,Very Satisfied,3,No,Frequently,14,2,11.4,14,Yes,36-45,50K-75K,<1 Year
EMP11833,Aarav,Patel,Male,46,Marketing,Digital Marketing Analyst,Chennai,MBA,Full-Time,Remote,2020-11-13,5.8,50300,Outstanding,1,Very Dissatisfied,4,No,Rarely,23,0,4.4,17,No,46-55,50K-75K,5-10 Years
EMP11834,Aarav,Singh,Male,52,Sales,Sales Manager,Kolkata,Bachelor's,Full-Time,Onsite,2017-05-15,9.3,77600,Needs Improvement,2,Dissatisfied,4,No,None,7,3,2.2,17,No,46-55,75K-100K,5-10 Years
EMP11835,Kiran,Patel,Male,56,Finance,Financial Analyst,Delhi NCR,Master's,Full-Time,Onsite,2016-10-08,9.9,99400,Exceeds Expectations,1,Very Dissatisfied,4,No,None,21,1,11.4,17,No,56+,75K-100K,5-10 Years
EMP11836,Nikhil,Nair,Male,52,Sales,Business Development Executive,Delhi NCR,MBA,Full-Time,Hybrid,2014-03-03,12.5,61700,Needs Improvement,2,Dissatisfied,4,No,None,31,0,8.6,19,Yes,46-55,50K-75K,10+ Years
EMP11837,Meera,Reddy,Female,52,Customer Support,Support Analyst,Pune,Master's,Contract,Hybrid,2020-04-08,6.4,51900,Meets Expectations,4,Satisfied,1,No,Rarely,6,0,2.7,17,No,46-55,50K-75K,5-10 Years
EMP11838,Isha,Nair,Female,55,Finance,Financial Analyst,Kolkata,Bachelor's,Full-Time,Onsite,2018-05-15,8.3,72300,Meets Expectations,5,Very Satisfied,2,Yes,Frequently,0,3,0.3,5,No,46-55,50K-75K,5-10 Years
EMP11839,Divya,Sharma,Male,30,Technology,Software Engineer,Chennai,MBA,Full-Time,Onsite,2017-11-13,8.8,82700,Needs Improvement,5,Very Satisfied,4,No,Rarely,30,3,8.0,22,No,26-35,75K-100K,5-10 Years
EMP11840,Meera,Singh,Male,32,Human Resources,HR Manager,Ahmedabad,Master's,Full-Time,Onsite,2021-11-13,4.8,86000,Needs Improvement,5,Very Satisfied,3,No,Frequently,16,2,7.5,16,No,26-35,75K-100K,3-5 Years
EMP11841,Aarav,Rao,Male,42,Finance,Accountant,Bengaluru,Master's,Full-Time,Remote,2025-09-01,1.0,66600,Meets Expectations,4,Satisfied,2,No,Rarely,7,1,2.8,2,Yes,36-45,50K-75K,<1 Year
EMP11842,Isha,Iyer,Female,39,Sales,Business Development Executive,Kolkata,Bachelor's,Full-Time,Onsite,2026-05-15,0.3,57900,Exceeds Expectations,2,Dissatisfied,5,No,Frequently,36,1,7.8,10,No,36-45,50K-75K,<1 Year
EMP11843,Meera,Gupta,Male,49,Operations,Operations Analyst,Pune,Master's,Full-Time,Hybrid,2014-01-25,12.6,51000,Meets Expectations,5,Very Satisfied,2,Yes,Rarely,17,1,2.0,20,No,46-55,50K-75K,10+ Years
EMP11844,Sneha,Patel,Male,21,Operations,Operations Analyst,Delhi NCR,Diploma,Full-Time,Remote,2023-06-21,3.2,67100,Meets Expectations,1,Very Dissatisfied,2,Yes,Rarely,4,0,5.0,22,Yes,21-25,50K-75K,3-5 Years
EMP11845,Divya,Singh,Male,26,Operations,Operations Analyst,Hyderabad,Bachelor's,Contract,Onsite,2017-03-03,9.5,74100,Meets Expectations,5,Very Satisfied,3,No,Rarely,12,3,3.9,22,No,26-35,50K-75K,5-10 Years
EMP11846,Nikhil,Nair,Male,50,Marketing,Marketing Manager,Chennai,Master's,Full-Time,Remote,2017-12-20,8.7,52100,Exceeds Expectations,5,Very Satisfied,2,No,Rarely,23,0,10.4,16,Yes,46-55,50K-75K,5-10 Years
EMP11847,Aisha,Joshi,Male,53,Finance,Financial Analyst,Kolkata,Master's,Contract,Hybrid,2020-07-26,6.1,63700,Needs Improvement,1,Very Dissatisfied,3,No,None,11,1,3.6,13,No,46-55,50K-75K,5-10 Years
EMP11848,Aisha,Das,Female,33,Human Resources,HR Analyst,Delhi NCR,Bachelor's,Full-Time,Hybrid,2014-03-03,12.5,47200,Outstanding,4,Satisfied,5,Yes,None,38,0,3.5,2,No,26-35,<50K,10+ Years
EMP11849,Rahul,Joshi,Female,33,Human Resources,HR Analyst,Pune,Diploma,Full-Time,Remote,2016-03-02,10.5,50100,Outstanding,5,Very Satisfied,5,No,None,25,1,9.1,13,No,26-35,50K-75K,10+ Years
EMP11850,Aisha,Kumar,Female,43,Technology,Software Engineer,Bengaluru,Diploma,Full-Time,Onsite,2026-03-03,0.5,87100,Needs Improvement,4,Satisfied,2,No,None,2,1,0.4,6,No,36-45,75K-100K,<1 Year
EMP11851,Sanjay,Rao,Male,40,Sales,Account Manager,Bengaluru,Bachelor's,Full-Time,Remote,2014-12-20,11.7,75300,Meets Expectations,5,Very Satisfied,2,No,Frequently,14,1,8.7,6,No,36-45,75K-100K,10+ Years
EMP11852,Arjun,Rao,Female,27,Technology,BI Analyst,Ahmedabad,Master's,Full-Time,Onsite,2018-12-20,7.7,96500,Meets Expectations,2,Dissatisfied,5,No,Rarely,14,2,0.8,15,Yes,26-35,75K-100K,5-10 Years
EMP11853,Aditya,Rao,Male,41,Human Resources,Recruiter,Pune,Bachelor's,Full-Time,Hybrid,2021-05-15,5.3,44700,Outstanding,4,Satisfied,3,No,None,5,1,0.9,5,Yes,36-45,<50K,5-10 Years
EMP11854,Neha,Sharma,Male,53,Technology,Software Engineer,Delhi NCR,Bachelor's,Full-Time,Onsite,2015-09-02,11.0,102400,Exceeds Expectations,5,Very Satisfied,1,Yes,None,1,1,6.0,16,No,46-55,100K-150K,10+ Years
EMP11855,Isha,Kumar,Male,50,Sales,Business Development Executive,Hyderabad,Bachelor's,Contract,Hybrid,2016-04-08,10.4,76200,Meets Expectations,1,Very Dissatisfied,3,No,None,4,1,11.5,9,No,46-55,75K-100K,10+ Years
EMP11856,Aisha,Patel,Male,53,Operations,Process Associate,Mumbai,Master's,Contract,Onsite,2021-11-13,4.8,55200,Meets Expectations,3,Neutral,4,No,Frequently,27,2,2.1,9,No,46-55,50K-75K,3-5 Years
EMP11857,Divya,Singh,Female,46,Finance,Finance Manager,Delhi NCR,MBA,Full-Time,Onsite,2011-12-20,14.7,63100,Meets Expectations,5,Very Satisfied,3,No,Frequently,10,2,3.8,6,No,46-55,50K-75K,10+ Years
EMP11858,Meera,Patel,Female,56,Marketing,Content Specialist,Mumbai,Bachelor's,Full-Time,Onsite,2016-11-13,9.8,83400,Outstanding,3,Neutral,4,No,None,17,3,8.2,6,No,56+,75K-100K,5-10 Years
EMP11859,Arjun,Singh,Male,30,Human Resources,HR Analyst,Kolkata,Bachelor's,Contract,Onsite,2017-06-20,9.2,43200,Meets Expectations,5,Very Satisfied,4,Yes,None,5,3,10.7,18,No,26-35,<50K,5-10 Years
EMP11860,Neha,Das,Female,22,Operations,Process Associate,Delhi NCR,Bachelor's,Contract,Onsite,2025-06-20,1.2,74200,Meets Expectations,4,Satisfied,1,No,Frequently,38,0,6.0,5,No,21-25,50K-75K,1-3 Years
EMP11861,Rahul,Patel,Male,25,Operations,Operations Manager,Bengaluru,Bachelor's,Full-Time,Hybrid,2022-05-15,4.3,73700,Meets Expectations,2,Dissatisfied,5,Yes,Rarely,40,2,6.1,14,Yes,21-25,50K-75K,3-5 Years
EMP11862,Neha,Kumar,Female,60,Finance,Finance Manager,Delhi NCR,Bachelor's,Full-Time,Hybrid,2019-11-14,6.8,100700,Needs Improvement,2,Dissatisfied,1,Yes,Frequently,28,3,3.9,7,Yes,56+,100K-150K,5-10 Years
EMP11863,Nikhil,Rao,Male,46,Operations,Operations Executive,Bengaluru,Bachelor's,Full-Time,Hybrid,2017-03-03,9.5,41500,Meets Expectations,3,Neutral,1,No,None,13,0,4.7,15,No,46-55,<50K,5-10 Years
EMP11864,Meera,Sharma,Male,30,Finance,Finance Manager,Hyderabad,MBA,Contract,Hybrid,2018-11-14,7.8,55100,Meets Expectations,3,Neutral,2,No,None,24,0,1.9,2,No,26-35,50K-75K,5-10 Years
EMP11865,Aditya,Kumar,Female,55,Operations,Process Associate,Ahmedabad,MBA,Contract,Onsite,2015-03-03,11.5,76800,Outstanding,3,Neutral,1,No,Rarely,15,0,1.6,21,No,46-55,75K-100K,10+ Years
EMP11866,Arjun,Sharma,Male,33,Finance,Senior Accountant,Chennai,Bachelor's,Full-Time,Onsite,2022-07-27,4.1,76600,Outstanding,4,Satisfied,4,No,None,37,1,8.9,8,No,26-35,75K-100K,3-5 Years
EMP11867,Sneha,Sharma,Male,44,Sales,Account Manager,Chennai,Bachelor's,Full-Time,Hybrid,2016-01-26,10.6,57400,Meets Expectations,3,Neutral,3,No,Frequently,24,3,5.9,3,No,36-45,50K-75K,10+ Years
EMP11868,Priya,Das,Female,30,Operations,Operations Executive,Ahmedabad,Master's,Contract,Hybrid,2014-05-15,12.3,63300,Exceeds Expectations,4,Satisfied,2,No,Rarely,5,2,9.4,3,Yes,26-35,50K-75K,10+ Years
EMP11869,Pooja,Sharma,Male,24,Sales,Sales Manager,Mumbai,Master's,Full-Time,Hybrid,2015-03-03,11.5,41700,Outstanding,4,Satisfied,5,No,None,3,2,7.9,17,No,21-25,<50K,10+ Years
EMP11870,Pooja,Reddy,Male,31,Operations,Operations Executive,Kolkata,Bachelor's,Full-Time,Onsite,2015-01-26,11.6,66500,Outstanding,5,Very Satisfied,2,No,None,32,2,0.2,5,No,26-35,50K-75K,10+ Years
EMP11871,Kiran,Kumar,Male,30,Sales,Sales Executive,Ahmedabad,MBA,Full-Time,Hybrid,2013-05-15,13.3,83200,Exceeds Expectations,5,Very Satisfied,5,No,Rarely,29,3,6.1,6,No,26-35,75K-100K,10+ Years
EMP11872,Sneha,Gupta,Female,43,Technology,BI Analyst,Bengaluru,Master's,Full-Time,Hybrid,2025-04-08,1.4,105900,Exceeds Expectations,3,Neutral,3,No,Frequently,29,3,6.7,5,Yes,36-45,100K-150K,1-3 Years
EMP11873,Aisha,Patel,Male,21,Marketing,Content Specialist,Bengaluru,Bachelor's,Contract,Hybrid,2016-03-02,10.5,67700,Meets Expectations,1,Very Dissatisfied,4,No,None,13,1,1.8,6,No,21-25,50K-75K,10+ Years
EMP11874,Meera,Kumar,Female,30,Customer Support,Customer Success Specialist,Chennai,Diploma,Full-Time,Remote,2012-03-02,14.5,69400,Meets Expectations,2,Dissatisfied,5,No,Rarely,27,2,11.5,3,No,26-35,50K-75K,10+ Years
EMP11875,Vikram,Nair,Male,43,Finance,Accountant,Hyderabad,Bachelor's,Contract,Hybrid,2017-12-20,8.7,89000,Meets Expectations,2,Dissatisfied,2,No,None,11,0,9.6,13,Yes,36-45,75K-100K,5-10 Years
EMP11876,Vihaan,Kumar,Female,36,Sales,Account Manager,Chennai,Master's,Full-Time,Hybrid,2023-04-09,3.4,41700,Meets Expectations,2,Dissatisfied,1,Yes,Frequently,26,0,10.8,11,Yes,36-45,<50K,3-5 Years
EMP11877,Vikram,Iyer,Male,46,Technology,Data Analyst,Mumbai,MBA,Full-Time,Hybrid,2011-09-02,15.0,105500,Needs Improvement,5,Very Satisfied,4,Yes,Rarely,13,1,7.2,2,Yes,46-55,100K-150K,10+ Years
EMP11878,Rahul,Das,Male,47,Customer Support,Support Executive,Ahmedabad,MBA,Full-Time,Remote,2023-11-14,2.8,34600,Meets Expectations,3,Neutral,4,No,None,5,1,10.0,15,No,46-55,<50K,1-3 Years
EMP11879,Aarav,Joshi,Male,59,Operations,Operations Manager,Bengaluru,Bachelor's,Contract,Hybrid,2021-06-20,5.2,51300,Outstanding,5,Very Satisfied,1,No,Rarely,34,3,2.3,21,No,56+,50K-75K,5-10 Years
EMP11880,Rahul,Nair,Male,54,Sales,Sales Manager,Ahmedabad,Bachelor's,Full-Time,Onsite,2023-12-20,2.7,67800,Meets Expectations,1,Very Dissatisfied,5,No,Rarely,33,1,10.3,20,Yes,46-55,50K-75K,1-3 Years
EMP11881,Arjun,Patel,Female,30,Finance,Accountant,Bengaluru,Master's,Full-Time,Onsite,2019-07-27,7.1,61400,Meets Expectations,4,Satisfied,4,No,Rarely,32,1,11.1,7,No,26-35,50K-75K,5-10 Years
EMP11882,Vihaan,Gupta,Female,48,Technology,Data Analyst,Hyderabad,Bachelor's,Full-Time,Remote,2020-04-08,6.4,61200,Outstanding,3,Neutral,3,No,None,26,3,0.4,12,No,46-55,50K-75K,5-10 Years
EMP11883,Aisha,Das,Female,46,Technology,IT Support Specialist,Kolkata,Master's,Contract,Hybrid,2019-03-03,7.5,101900,Meets Expectations,4,Satisfied,1,Yes,Rarely,26,2,7.8,10,No,46-55,100K-150K,5-10 Years
EMP11884,Sneha,Iyer,Female,44,Operations,Operations Executive,Pune,Diploma,Full-Time,Hybrid,2012-10-08,13.9,50400,Exceeds Expectations,2,Dissatisfied,5,Yes,Frequently,31,3,1.3,1,Yes,36-45,50K-75K,10+ Years
EMP11885,Arjun,Sharma,Male,52,Marketing,Marketing Executive,Pune,Bachelor's,Full-Time,Hybrid,2019-05-15,7.3,71300,Meets Expectations,3,Neutral,3,No,None,23,2,7.8,12,No,46-55,50K-75K,5-10 Years
EMP11886,Nikhil,Joshi,Male,26,Technology,Software Engineer,Hyderabad,Bachelor's,Full-Time,Onsite,2018-11-14,7.8,76800,Meets Expectations,2,Dissatisfied,3,Yes,None,35,1,10.8,7,No,26-35,75K-100K,5-10 Years
EMP11887,Isha,Das,Male,36,Marketing,Content Specialist,Mumbai,Bachelor's,Contract,Hybrid,2013-05-15,13.3,79300,Meets Expectations,4,Satisfied,1,No,Frequently,31,1,2.3,19,Yes,36-45,75K-100K,10+ Years
EMP11888,Rahul,Joshi,Male,53,Finance,Accountant,Bengaluru,MBA,Full-Time,Hybrid,2014-05-15,12.3,101100,Outstanding,1,Very Dissatisfied,4,Yes,Rarely,22,2,6.0,12,No,46-55,100K-150K,10+ Years
EMP11889,Rahul,Kumar,Female,56,Sales,Sales Executive,Mumbai,Bachelor's,Full-Time,Remote,2022-12-20,3.7,43100,Outstanding,4,Satisfied,5,No,None,24,0,1.3,8,No,56+,<50K,3-5 Years
EMP11890,Neha,Reddy,Female,22,Human Resources,HR Manager,Chennai,MBA,Contract,Hybrid,2026-04-08,0.4,81600,Exceeds Expectations,3,Neutral,4,No,Frequently,39,0,7.9,16,No,21-25,75K-100K,<1 Year
EMP11891,Vikram,Gupta,Female,39,Technology,Software Engineer,Pune,Master's,Full-Time,Onsite,2017-03-03,9.5,69500,Meets Expectations,4,Satisfied,2,No,None,20,3,1.6,4,No,36-45,50K-75K,5-10 Years
EMP11892,Kavya,Reddy,Male,31,Technology,Data Analyst,Mumbai,Bachelor's,Contract,Remote,2013-12-20,12.7,81600,Meets Expectations,1,Very Dissatisfied,1,No,Frequently,4,2,11.7,5,Yes,26-35,75K-100K,10+ Years
EMP11893,Arjun,Kumar,Male,27,Customer Support,Support Executive,Bengaluru,Bachelor's,Full-Time,Hybrid,2018-04-08,8.4,46100,Outstanding,1,Very Dissatisfied,3,No,None,34,2,4.0,13,Yes,26-35,<50K,5-10 Years
EMP11894,Aarav,Iyer,Non-Binary,23,Marketing,Marketing Manager,Kolkata,Master's,Full-Time,Hybrid,2023-05-15,3.3,54300,Meets Expectations,4,Satisfied,3,No,None,0,1,2.4,17,No,21-25,50K-75K,3-5 Years
EMP11895,Ananya,Joshi,Male,42,Sales,Sales Manager,Delhi NCR,Bachelor's,Full-Time,Onsite,2015-06-21,11.2,42500,Meets Expectations,2,Dissatisfied,2,Yes,Frequently,10,0,11.4,18,Yes,36-45,<50K,10+ Years
EMP11896,Nikhil,Verma,Female,47,Operations,Process Associate,Hyderabad,Bachelor's,Contract,Hybrid,2016-07-26,10.1,72100,Meets Expectations,2,Dissatisfied,4,No,Rarely,13,2,7.8,16,No,46-55,50K-75K,10+ Years
EMP11897,Isha,Gupta,Male,42,Marketing,Digital Marketing Analyst,Ahmedabad,Bachelor's,Full-Time,Hybrid,2018-01-25,8.6,84900,Outstanding,5,Very Satisfied,5,Yes,None,1,1,6.0,15,No,36-45,75K-100K,5-10 Years
EMP11898,Neha,Verma,Male,35,Customer Support,Customer Success Specialist,Pune,Bachelor's,Contract,Hybrid,2013-09-01,13.0,70800,Meets Expectations,5,Very Satisfied,1,No,Frequently,8,0,9.1,17,No,26-35,50K-75K,10+ Years
EMP11899,Rohit,Nair,Male,51,Operations,Process Associate,Ahmedabad,MBA,Full-Time,Remote,2014-11-14,11.8,79600,Meets Expectations,1,Very Dissatisfied,2,Yes,Frequently,7,2,10.4,18,No,46-55,75K-100K,10+ Years
EMP11900,Aditya,Verma,Male,47,Finance,Senior Accountant,Mumbai,MBA,Full-Time,Hybrid,2016-07-26,10.1,74200,Exceeds Expectations,3,Neutral,3,Yes,Frequently,22,2,9.7,15,Yes,46-55,50K-75K,10+ Years
EMP11901,Ananya,Gupta,Female,57,Human Resources,HR Executive,Ahmedabad,Master's,Full-Time,Onsite,2016-09-01,10.0,48700,Meets Expectations,4,Satisfied,1,No,None,36,1,4.4,11,No,56+,<50K,5-10 Years
EMP11902,Aisha,Nair,Male,34,Human Resources,Recruiter,Chennai,Bachelor's,Full-Time,Remote,2016-09-01,10.0,42500,Meets Expectations,4,Satisfied,4,No,None,11,1,4.9,5,No,26-35,<50K,5-10 Years
EMP11903,Rohit,Das,Male,30,Operations,Process Associate,Kolkata,Bachelor's,Contract,Remote,2018-09-01,8.0,61400,Meets Expectations,2,Dissatisfied,1,No,Rarely,16,1,6.4,17,No,26-35,50K-75K,5-10 Years
EMP11904,Sneha,Gupta,Male,39,Technology,BI Analyst,Pune,Bachelor's,Full-Time,Remote,2019-07-27,7.1,118900,Exceeds Expectations,5,Very Satisfied,1,No,Frequently,28,2,7.1,13,No,36-45,100K-150K,5-10 Years
EMP11905,Aarav,Nair,Male,41,Finance,Finance Manager,Delhi NCR,Bachelor's,Full-Time,Remote,2015-12-20,10.7,64400,Exceeds Expectations,4,Satisfied,2,No,None,27,3,3.8,4,No,36-45,50K-75K,10+ Years
EMP11906,Neha,Reddy,Female,39,Technology,Software Engineer,Bengaluru,Master's,Full-Time,Hybrid,2017-06-20,9.2,72500,Exceeds Expectations,5,Very Satisfied,3,Yes,None,38,0,1.8,6,Yes,36-45,50K-75K,5-10 Years
EMP11907,Isha,Sharma,Male,54,Finance,Financial Analyst,Bengaluru,Bachelor's,Full-Time,Hybrid,2019-03-03,7.5,74400,Needs Improvement,4,Satisfied,4,Yes,None,21,0,5.4,22,No,46-55,50K-75K,5-10 Years
EMP11908,Kiran,Reddy,Female,22,Technology,Software Engineer,Delhi NCR,Bachelor's,Full-Time,Hybrid,2024-07-26,2.1,121200,Needs Improvement,5,Very Satisfied,1,No,None,31,3,9.8,21,Yes,21-25,100K-150K,1-3 Years
EMP11909,Kavya,Nair,Male,42,Sales,Sales Executive,Hyderabad,MBA,Full-Time,Onsite,2016-01-26,10.6,60100,Meets Expectations,1,Very Dissatisfied,4,Yes,Rarely,34,1,3.5,1,No,36-45,50K-75K,10+ Years
EMP11910,Neha,Patel,Female,38,Customer Support,Team Lead,Bengaluru,Bachelor's,Contract,Hybrid,2016-11-13,9.8,60200,Meets Expectations,2,Dissatisfied,1,Yes,None,17,2,4.6,1,No,36-45,50K-75K,5-10 Years
EMP11911,Rahul,Das,Female,29,Sales,Sales Manager,Chennai,Master's,Contract,Onsite,2021-05-15,5.3,60600,Meets Expectations,3,Neutral,5,No,Rarely,34,0,3.4,19,Yes,26-35,50K-75K,5-10 Years
EMP11912,Arjun,Joshi,Female,46,Customer Support,Team Lead,Delhi NCR,Master's,Full-Time,Hybrid,2021-03-03,5.5,46700,Exceeds Expectations,2,Dissatisfied,3,Yes,Rarely,40,1,7.4,15,Yes,46-55,<50K,5-10 Years
EMP11913,Vikram,Nair,Male,53,Sales,Account Manager,Mumbai,Bachelor's,Full-Time,Onsite,2022-10-08,3.9,59600,Needs Improvement,1,Very Dissatisfied,4,Yes,None,4,2,11.4,11,Yes,46-55,50K-75K,3-5 Years
EMP11914,Pooja,Singh,Female,42,Operations,Process Associate,Ahmedabad,Bachelor's,Full-Time,Onsite,2012-04-08,14.4,72100,Meets Expectations,4,Satisfied,1,No,Frequently,31,1,2.3,20,No,36-45,50K-75K,10+ Years
EMP11915,Vikram,Reddy,Female,24,Finance,Financial Analyst,Delhi NCR,Diploma,Full-Time,Hybrid,2013-10-08,12.9,92900,Needs Improvement,5,Very Satisfied,4,Yes,None,25,1,9.4,10,No,21-25,75K-100K,10+ Years
EMP11916,Rahul,Joshi,Male,24,Human Resources,HR Manager,Bengaluru,Master's,Contract,Hybrid,2018-03-03,8.5,63800,Meets Expectations,3,Neutral,3,No,None,33,1,8.0,7,Yes,21-25,50K-75K,5-10 Years
EMP11917,Kiran,Singh,Male,37,Technology,Software Engineer,Delhi NCR,Master's,Full-Time,Hybrid,2020-07-26,6.1,77300,Outstanding,4,Satisfied,3,No,None,22,2,11.9,4,No,36-45,75K-100K,5-10 Years
EMP11918,Kiran,Verma,Female,47,Human Resources,HR Executive,Delhi NCR,Master's,Full-Time,Hybrid,2015-07-27,11.1,49000,Needs Improvement,4,Satisfied,1,No,None,8,2,1.4,5,No,46-55,<50K,10+ Years
EMP11919,Ananya,Nair,Male,33,Human Resources,HR Executive,Kolkata,Bachelor's,Full-Time,Hybrid,2018-09-01,8.0,42100,Exceeds Expectations,3,Neutral,4,No,None,17,1,10.9,6,No,26-35,<50K,5-10 Years
EMP11920,Kavya,Iyer,Male,33,Human Resources,HR Manager,Kolkata,Bachelor's,Full-Time,Onsite,2012-01-26,14.6,47700,Meets Expectations,4,Satisfied,5,Yes,Frequently,28,0,9.7,2,No,26-35,<50K,10+ Years
EMP11921,Kiran,Verma,Female,55,Finance,Accountant,Delhi NCR,Master's,Contract,Hybrid,2025-09-01,1.0,58400,Meets Expectations,5,Very Satisfied,5,No,None,36,1,10.9,9,No,46-55,50K-75K,<1 Year
EMP11922,Rohit,Joshi,Male,21,Human Resources,HR Analyst,Delhi NCR,Bachelor's,Full-Time,Onsite,2025-12-20,0.7,76800,Exceeds Expectations,1,Very Dissatisfied,5,No,None,2,2,9.1,11,Yes,21-25,75K-100K,<1 Year
EMP11923,Sanjay,Nair,Male,24,Operations,Operations Analyst,Chennai,Master's,Contract,Remote,2018-01-25,8.6,74300,Meets Expectations,2,Dissatisfied,4,No,Frequently,7,3,3.5,16,No,21-25,50K-75K,5-10 Years
EMP11924,Rohit,Singh,Male,27,Human Resources,HR Manager,Pune,Bachelor's,Full-Time,Onsite,2023-06-21,3.2,79100,Outstanding,1,Very Dissatisfied,2,Yes,Frequently,9,3,5.1,4,No,26-35,75K-100K,3-5 Years
EMP11925,Sanjay,Singh,Male,60,Finance,Accountant,Ahmedabad,Diploma,Contract,Remote,2017-07-27,9.1,91100,Meets Expectations,4,Satisfied,2,No,None,24,3,1.5,22,No,56+,75K-100K,5-10 Years
EMP11926,Vihaan,Verma,Female,40,Sales,Sales Executive,Bengaluru,Diploma,Contract,Onsite,2014-11-14,11.8,85500,Needs Improvement,4,Satisfied,1,No,None,0,1,0.2,13,No,36-45,75K-100K,10+ Years
EMP11927,Vikram,Nair,Female,27,Finance,Accountant,Kolkata,Diploma,Full-Time,Onsite,2024-06-20,2.2,105100,Meets Expectations,4,Satisfied,2,No,None,39,2,11.4,4,No,26-35,100K-150K,1-3 Years
EMP11928,Isha,Nair,Male,33,Sales,Account Manager,Kolkata,Master's,Full-Time,Remote,2019-12-20,6.7,51600,Exceeds Expectations,4,Satisfied,2,No,None,28,0,10.0,13,No,26-35,50K-75K,5-10 Years
EMP11929,Nikhil,Nair,Male,59,Technology,BI Analyst,Mumbai,Bachelor's,Contract,Hybrid,2016-04-08,10.4,68700,Exceeds Expectations,3,Neutral,4,Yes,None,37,3,1.2,11,No,56+,50K-75K,10+ Years
EMP11930,Sanjay,Sharma,Female,48,Customer Support,Team Lead,Pune,Diploma,Full-Time,Onsite,2014-03-03,12.5,38200,Exceeds Expectations,5,Very Satisfied,1,Yes,Rarely,0,3,5.6,2,Yes,46-55,<50K,10+ Years
EMP11931,Sneha,Rao,Female,29,Sales,Sales Executive,Delhi NCR,Bachelor's,Full-Time,Hybrid,2019-03-03,7.5,80900,Meets Expectations,1,Very Dissatisfied,5,No,None,11,1,3.6,11,No,26-35,75K-100K,5-10 Years
EMP11932,Vikram,Reddy,Male,30,Human Resources,HR Manager,Kolkata,MBA,Full-Time,Onsite,2023-05-15,3.3,47200,Outstanding,4,Satisfied,4,Yes,None,18,2,3.7,15,No,26-35,<50K,3-5 Years
EMP11933,Nikhil,Sharma,Female,23,Operations,Operations Executive,Mumbai,Diploma,Full-Time,Onsite,2017-10-08,8.9,52800,Meets Expectations,5,Very Satisfied,4,Yes,Rarely,31,1,10.8,0,Yes,21-25,50K-75K,5-10 Years
EMP11934,Rahul,Nair,Female,51,Customer Support,Support Analyst,Kolkata,Bachelor's,Full-Time,Onsite,2019-10-08,6.9,52800,Meets Expectations,2,Dissatisfied,3,No,None,26,2,11.9,21,No,46-55,50K-75K,5-10 Years
EMP11935,Aisha,Iyer,Male,26,Technology,Data Analyst,Mumbai,Bachelor's,Full-Time,Onsite,2015-01-26,11.6,101600,Exceeds Expectations,4,Satisfied,2,No,None,17,0,5.2,21,No,26-35,100K-150K,10+ Years
EMP11936,Priya,Joshi,Female,32,Technology,Data Analyst,Kolkata,MBA,Full-Time,Onsite,2018-04-08,8.4,100300,Outstanding,1,Very Dissatisfied,3,No,Frequently,12,2,9.8,21,No,26-35,100K-150K,5-10 Years
EMP11937,Aarav,Joshi,Female,34,Finance,Accountant,Chennai,Bachelor's,Full-Time,Hybrid,2022-05-15,4.3,94800,Meets Expectations,1,Very Dissatisfied,4,No,None,13,1,2.2,22,Yes,26-35,75K-100K,3-5 Years
EMP11938,Priya,Patel,Female,45,Human Resources,HR Analyst,Kolkata,Bachelor's,Contract,Remote,2015-04-09,11.4,70800,Meets Expectations,2,Dissatisfied,5,No,None,15,0,9.3,3,No,36-45,50K-75K,10+ Years
EMP11939,Vikram,Reddy,Male,45,Customer Support,Team Lead,Hyderabad,Bachelor's,Full-Time,Hybrid,2018-10-08,7.9,65200,Needs Improvement,5,Very Satisfied,4,No,None,28,3,0.8,4,No,36-45,50K-75K,5-10 Years
EMP11940,Aarav,Singh,Male,52,Technology,IT Support Specialist,Ahmedabad,Diploma,Full-Time,Hybrid,2023-11-14,2.8,64400,Meets Expectations,2,Dissatisfied,5,Yes,Rarely,35,3,4.2,18,Yes,46-55,50K-75K,1-3 Years
EMP11941,Ananya,Rao,Male,32,Technology,IT Support Specialist,Delhi NCR,Bachelor's,Full-Time,Onsite,2018-03-03,8.5,118800,Meets Expectations,3,Neutral,3,No,Rarely,19,0,6.9,2,No,26-35,100K-150K,5-10 Years
EMP11942,Vihaan,Joshi,Male,36,Technology,Data Analyst,Ahmedabad,Bachelor's,Contract,Remote,2012-06-20,14.2,99900,Meets Expectations,4,Satisfied,3,No,None,36,1,0.9,17,No,36-45,75K-100K,10+ Years
EMP11943,Arjun,Patel,Female,36,Customer Support,Support Analyst,Ahmedabad,Bachelor's,Full-Time,Onsite,2016-01-26,10.6,40900,Meets Expectations,4,Satisfied,4,No,None,12,2,1.6,2,No,36-45,<50K,10+ Years
EMP11944,Sneha,Patel,Male,22,Sales,Account Manager,Chennai,Master's,Contract,Onsite,2022-01-25,4.6,84800,Meets Expectations,4,Satisfied,4,No,None,35,1,4.0,22,No,21-25,75K-100K,3-5 Years
EMP11945,Ananya,Iyer,Male,50,Finance,Senior Accountant,Delhi NCR,Bachelor's,Contract,Remote,2015-12-20,10.7,103700,Exceeds Expectations,1,Very Dissatisfied,2,Yes,None,0,1,5.8,12,No,46-55,100K-150K,10+ Years
EMP11946,Kiran,Iyer,Female,42,Sales,Sales Manager,Pune,Bachelor's,Contract,Hybrid,2022-04-08,4.4,78600,Needs Improvement,5,Very Satisfied,3,Yes,Frequently,30,2,2.7,5,Yes,36-45,75K-100K,3-5 Years
EMP11947,Pooja,Nair,Male,40,Technology,Data Analyst,Ahmedabad,Bachelor's,Contract,Onsite,2018-06-20,8.2,122500,Meets Expectations,2,Dissatisfied,3,No,Frequently,38,1,3.9,4,No,36-45,100K-150K,5-10 Years
EMP11948,Divya,Reddy,Female,60,Customer Support,Customer Success Specialist,Bengaluru,Master's,Full-Time,Hybrid,2018-09-01,8.0,47000,Exceeds Expectations,3,Neutral,4,No,None,11,3,2.2,13,No,56+,<50K,5-10 Years
EMP11949,Vihaan,Verma,Female,28,Sales,Account Manager,Bengaluru,Bachelor's,Full-Time,Onsite,2022-10-08,3.9,49700,Meets Expectations,4,Satisfied,2,No,None,27,2,1.4,4,No,26-35,<50K,3-5 Years
EMP11950,Rahul,Patel,Male,59,Finance,Finance Manager,Chennai,Master's,Full-Time,Onsite,2021-05-15,5.3,59400,Meets Expectations,2,Dissatisfied,1,No,Rarely,3,3,5.2,12,No,56+,50K-75K,5-10 Years
EMP11951,Aarav,Reddy,Female,48,Customer Support,Support Analyst,Chennai,Master's,Full-Time,Hybrid,2012-07-26,14.1,66100,Outstanding,4,Satisfied,5,Yes,None,34,3,2.8,17,No,46-55,50K-75K,10+ Years
EMP11952,Arjun,Sharma,Male,29,Marketing,Digital Marketing Analyst,Pune,Master's,Full-Time,Remote,2022-10-08,3.9,86700,Meets Expectations,3,Neutral,2,No,None,20,2,7.9,19,No,26-35,75K-100K,3-5 Years
EMP11953,Vikram,Patel,Male,48,Sales,Business Development Executive,Ahmedabad,Bachelor's,Full-Time,Remote,2014-07-27,12.1,84900,Meets Expectations,1,Very Dissatisfied,1,Yes,Frequently,17,2,2.9,22,No,46-55,75K-100K,10+ Years
EMP11954,Aarav,Reddy,Male,51,Human Resources,HR Manager,Kolkata,Bachelor's,Full-Time,Hybrid,2016-07-26,10.1,84800,Needs Improvement,2,Dissatisfied,2,No,None,37,1,2.4,1,No,46-55,75K-100K,10+ Years
EMP11955,Meera,Reddy,Female,35,Customer Support,Customer Success Specialist,Bengaluru,MBA,Full-Time,Onsite,2018-07-27,8.1,56700,Meets Expectations,4,Satisfied,5,No,None,37,1,4.5,19,No,26-35,50K-75K,5-10 Years
EMP11956,Kavya,Patel,Female,34,Finance,Senior Accountant,Kolkata,Bachelor's,Full-Time,Hybrid,2024-06-20,2.2,57100,Meets Expectations,1,Very Dissatisfied,1,No,None,9,1,1.4,12,No,26-35,50K-75K,1-3 Years
EMP11957,Vihaan,Rao,Male,54,Human Resources,HR Executive,Pune,Diploma,Full-Time,Remote,2023-06-21,3.2,50300,Needs Improvement,2,Dissatisfied,4,Yes,Rarely,39,0,0.7,18,No,46-55,50K-75K,3-5 Years
EMP11958,Kiran,Gupta,Male,27,Human Resources,HR Manager,Chennai,Bachelor's,Contract,Hybrid,2023-11-14,2.8,65900,Needs Improvement,3,Neutral,3,No,Rarely,8,3,9.2,10,Yes,26-35,50K-75K,1-3 Years
EMP11959,Neha,Joshi,Female,21,Marketing,Digital Marketing Analyst,Ahmedabad,Master's,Full-Time,Onsite,2017-10-08,8.9,83600,Meets Expectations,2,Dissatisfied,4,Yes,None,33,3,2.2,11,Yes,21-25,75K-100K,5-10 Years
EMP11960,Kiran,Kumar,Female,47,Technology,BI Analyst,Kolkata,Bachelor's,Full-Time,Remote,2012-01-26,14.6,70700,Meets Expectations,3,Neutral,4,Yes,Rarely,31,3,7.4,22,No,46-55,50K-75K,10+ Years
EMP11961,Sanjay,Das,Female,57,Operations,Operations Analyst,Pune,Master's,Full-Time,Remote,2013-06-20,13.2,78700,Meets Expectations,5,Very Satisfied,2,No,None,20,1,3.8,10,No,56+,75K-100K,10+ Years
EMP11962,Aditya,Iyer,Female,41,Customer Support,Customer Success Specialist,Delhi NCR,Bachelor's,Contract,Onsite,2026-01-25,0.6,58700,Needs Improvement,1,Very Dissatisfied,2,No,Frequently,24,3,4.1,18,Yes,36-45,50K-75K,<1 Year
EMP11963,Pooja,Das,Male,26,Sales,Account Manager,Kolkata,Master's,Full-Time,Hybrid,2022-05-15,4.3,53600,Meets Expectations,5,Very Satisfied,4,No,None,16,2,2.1,19,Yes,26-35,50K-75K,3-5 Years
EMP11964,Vihaan,Singh,Female,42,Operations,Operations Manager,Mumbai,Bachelor's,Contract,Remote,2024-03-02,2.5,77400,Meets Expectations,4,Satisfied,5,No,None,16,3,2.9,21,No,36-45,75K-100K,1-3 Years
EMP11965,Vihaan,Patel,Male,31,Operations,Operations Executive,Bengaluru,Bachelor's,Full-Time,Onsite,2012-01-26,14.6,64400,Needs Improvement,5,Very Satisfied,5,No,Rarely,21,3,7.0,3,No,26-35,50K-75K,10+ Years
EMP11966,Rahul,Verma,Male,54,Operations,Process Associate,Kolkata,Bachelor's,Full-Time,Remote,2022-12-20,3.7,70500,Meets Expectations,4,Satisfied,2,No,None,35,1,7.1,15,No,46-55,50K-75K,3-5 Years
EMP11967,Vikram,Das,Male,45,Finance,Senior Accountant,Pune,Diploma,Full-Time,Onsite,2023-06-21,3.2,71300,Meets Expectations,5,Very Satisfied,2,No,Rarely,19,2,3.6,15,No,36-45,50K-75K,3-5 Years
EMP11968,Vikram,Gupta,Female,34,Human Resources,Recruiter,Kolkata,Diploma,Contract,Hybrid,2017-04-08,9.4,61800,Needs Improvement,1,Very Dissatisfied,5,No,None,23,2,2.7,5,No,26-35,50K-75K,5-10 Years
EMP11969,Kavya,Rao,Female,45,Operations,Operations Manager,Mumbai,Bachelor's,Full-Time,Remote,2018-04-08,8.4,38100,Meets Expectations,4,Satisfied,4,No,None,29,1,4.3,12,No,36-45,<50K,5-10 Years
EMP11970,Kavya,Reddy,Male,47,Technology,BI Analyst,Kolkata,Bachelor's,Full-Time,Remote,2023-03-03,3.5,96300,Meets Expectations,4,Satisfied,1,No,None,37,2,1.2,15,No,46-55,75K-100K,3-5 Years
EMP11971,Aarav,Nair,Male,48,Operations,Operations Executive,Kolkata,MBA,Full-Time,Onsite,2016-07-26,10.1,71700,Meets Expectations,5,Very Satisfied,4,Yes,None,35,2,6.4,7,No,46-55,50K-75K,10+ Years
EMP11972,Aditya,Nair,Male,35,Customer Support,Support Analyst,Mumbai,Bachelor's,Full-Time,Remote,2025-01-25,1.6,69700,Meets Expectations,1,Very Dissatisfied,2,Yes,None,15,1,9.9,19,Yes,26-35,50K-75K,1-3 Years
EMP11973,Rohit,Verma,Male,43,Marketing,Marketing Executive,Pune,Bachelor's,Full-Time,Hybrid,2026-03-03,0.5,90100,Meets Expectations,3,Neutral,1,Yes,None,35,0,7.6,14,No,36-45,75K-100K,<1 Year
EMP11974,Vikram,Reddy,Female,22,Finance,Finance Manager,Pune,Bachelor's,Full-Time,Remote,2025-04-08,1.4,53800,Needs Improvement,3,Neutral,1,No,None,18,2,0.5,6,No,21-25,50K-75K,1-3 Years
EMP11975,Aisha,Rao,Female,37,Human Resources,HR Analyst,Hyderabad,Bachelor's,Full-Time,Hybrid,2021-01-25,5.6,91400,Exceeds Expectations,1,Very Dissatisfied,2,No,Frequently,3,3,3.4,17,No,36-45,75K-100K,5-10 Years
EMP11976,Divya,Das,Male,36,Sales,Sales Manager,Chennai,MBA,Full-Time,Remote,2012-01-26,14.6,46000,Outstanding,4,Satisfied,2,No,Rarely,3,3,5.8,13,No,36-45,<50K,10+ Years
EMP11977,Kiran,Iyer,Male,42,Customer Support,Team Lead,Bengaluru,Master's,Full-Time,Hybrid,2018-05-15,8.3,33800,Exceeds Expectations,3,Neutral,4,Yes,None,8,3,10.9,22,No,36-45,<50K,5-10 Years
EMP11978,Kavya,Rao,Female,59,Finance,Financial Analyst,Delhi NCR,Bachelor's,Full-Time,Hybrid,2015-04-09,11.4,92600,Needs Improvement,3,Neutral,1,No,None,15,3,2.2,2,No,56+,75K-100K,10+ Years
EMP11979,Kiran,Joshi,Male,59,Sales,Sales Manager,Delhi NCR,Master's,Full-Time,Hybrid,2021-09-01,5.0,81400,Meets Expectations,4,Satisfied,1,No,None,16,1,1.1,13,No,56+,75K-100K,3-5 Years
EMP11980,Divya,Reddy,Female,40,Operations,Operations Analyst,Ahmedabad,Master's,Full-Time,Hybrid,2015-11-14,10.8,80200,Meets Expectations,4,Satisfied,4,No,None,7,2,6.4,3,No,36-45,75K-100K,10+ Years
EMP11981,Sneha,Sharma,Female,46,Marketing,Digital Marketing Analyst,Bengaluru,Bachelor's,Contract,Onsite,2012-03-02,14.5,86600,Outstanding,4,Satisfied,3,No,None,7,1,6.8,19,No,46-55,75K-100K,10+ Years
EMP11982,Vihaan,Nair,Female,25,Marketing,Marketing Manager,Delhi NCR,Bachelor's,Full-Time,Onsite,2021-03-03,5.5,54200,Meets Expectations,2,Dissatisfied,2,No,None,1,0,11.8,9,No,21-25,50K-75K,5-10 Years
EMP11983,Vihaan,Iyer,Female,40,Sales,Business Development Executive,Bengaluru,Bachelor's,Contract,Remote,2011-09-02,15.0,46200,Exceeds Expectations,5,Very Satisfied,1,No,Frequently,37,0,6.6,8,No,36-45,<50K,10+ Years
EMP11984,Nikhil,Sharma,Female,48,Operations,Operations Executive,Kolkata,Bachelor's,Full-Time,Hybrid,2017-01-25,9.6,40200,Meets Expectations,2,Dissatisfied,1,No,Rarely,10,3,0.4,11,No,46-55,<50K,5-10 Years
EMP11985,Nikhil,Reddy,Female,48,Marketing,Content Specialist,Kolkata,Bachelor's,Full-Time,Hybrid,2015-05-15,11.3,73900,Meets Expectations,2,Dissatisfied,2,Yes,None,26,1,8.1,4,No,46-55,50K-75K,10+ Years
EMP11986,Rahul,Iyer,Female,59,Operations,Process Associate,Pune,Bachelor's,Full-Time,Onsite,2022-10-08,3.9,59400,Needs Improvement,3,Neutral,2,No,None,20,3,2.6,9,No,56+,50K-75K,3-5 Years
EMP11987,Vihaan,Iyer,Male,39,Operations,Operations Manager,Ahmedabad,Bachelor's,Full-Time,Hybrid,2016-12-20,9.7,42400,Meets Expectations,2,Dissatisfied,3,No,None,14,1,9.8,13,No,36-45,<50K,5-10 Years
EMP11988,Meera,Rao,Male,57,Technology,BI Analyst,Chennai,Master's,Full-Time,Hybrid,2018-11-14,7.8,91100,Exceeds Expectations,2,Dissatisfied,4,Yes,None,10,2,5.4,0,No,56+,75K-100K,5-10 Years
EMP11989,Kavya,Sharma,Male,60,Technology,Data Analyst,Delhi NCR,Bachelor's,Full-Time,Hybrid,2012-04-08,14.4,98300,Meets Expectations,5,Very Satisfied,1,Yes,None,2,1,10.4,14,No,56+,75K-100K,10+ Years
EMP11990,Meera,Singh,Male,43,Customer Support,Support Executive,Delhi NCR,Master's,Full-Time,Onsite,2013-01-25,13.6,60200,Meets Expectations,1,Very Dissatisfied,3,No,None,4,1,2.3,18,No,36-45,50K-75K,10+ Years
EMP11991,Kiran,Nair,Female,24,Human Resources,Recruiter,Mumbai,Master's,Full-Time,Onsite,2020-07-26,6.1,62900,Meets Expectations,3,Neutral,3,No,None,27,2,7.2,17,No,21-25,50K-75K,5-10 Years
EMP11992,Priya,Patel,Female,36,Human Resources,HR Manager,Kolkata,Master's,Full-Time,Onsite,2012-06-20,14.2,58000,Needs Improvement,3,Neutral,1,No,None,18,0,8.5,6,No,36-45,50K-75K,10+ Years
EMP11993,Sneha,Patel,Male,51,Finance,Financial Analyst,Hyderabad,Bachelor's,Contract,Onsite,2013-05-15,13.3,87700,Meets Expectations,1,Very Dissatisfied,3,No,Rarely,39,1,0.7,16,No,46-55,75K-100K,10+ Years
EMP11994,Rohit,Rao,Male,44,Marketing,Marketing Manager,Mumbai,Bachelor's,Contract,Hybrid,2017-10-08,8.9,79200,Meets Expectations,2,Dissatisfied,1,Yes,None,6,1,5.8,21,No,36-45,75K-100K,5-10 Years
EMP11995,Sneha,Rao,Male,58,Operations,Operations Manager,Kolkata,Bachelor's,Full-Time,Hybrid,2025-04-08,1.4,49700,Outstanding,2,Dissatisfied,2,No,Frequently,38,3,8.2,6,No,56+,<50K,1-3 Years
EMP11996,Ananya,Das,Male,53,Sales,Business Development Executive,Hyderabad,Bachelor's,Full-Time,Hybrid,2024-01-26,2.6,39900,Meets Expectations,3,Neutral,4,Yes,None,3,0,7.6,5,Yes,46-55,<50K,1-3 Years
EMP11997,Pooja,Rao,Female,23,Human Resources,HR Analyst,Chennai,Bachelor's,Full-Time,Hybrid,2025-05-15,1.3,89700,Meets Expectations,3,Neutral,2,No,None,30,3,1.5,22,No,21-25,75K-100K,1-3 Years
EMP11998,Pooja,Verma,Male,55,Customer Support,Customer Success Specialist,Ahmedabad,Bachelor's,Full-Time,Remote,2024-11-13,1.8,61500,Outstanding,3,Neutral,4,Yes,None,39,1,0.6,15,Yes,46-55,50K-75K,1-3 Years
EMP11999,Meera,Singh,Male,35,Technology,Data Analyst,Pune,Master's,Full-Time,Hybrid,2011-12-20,14.7,72600,Meets Expectations,2,Dissatisfied,1,No,None,6,3,2.8,2,Yes,26-35,50K-75K,10+ Years
EMP12000,Priya,Gupta,Female,53,Technology,IT Support Specialist,Hyderabad,Master's,Full-Time,Hybrid,2023-05-15,3.3,98200,Meets Expectations,4,Satisfied,3,Yes,None,19,0,3.0,10,No,46-55,75K-100K,3-5 Years
EMP12001,Vihaan,Nair,Non-Binary,41,Customer Support,Team Lead,Chennai,Bachelor's,Full-Time,Hybrid,2016-04-08,10.4,55300,Meets Expectations,2,Dissatisfied,5,No,None,37,1,7.3,21,No,36-45,50K-75K,10+ Years
EMP12002,Aisha,Sharma,Female,39,Sales,Account Manager,Mumbai,Diploma,Full-Time,Hybrid,2017-01-25,9.6,44900,Exceeds Expectations,5,Very Satisfied,3,No,None,32,2,0.5,0,No,36-45,<50K,5-10 Years
EMP12003,Nikhil,Sharma,Male,23,Finance,Senior Accountant,Hyderabad,Bachelor's,Full-Time,Onsite,2017-03-03,9.5,60000,Needs Improvement,5,Very Satisfied,5,No,None,8,1,3.4,19,No,21-25,50K-75K,5-10 Years
EMP12004,Kavya,Joshi,Male,25,Human Resources,Recruiter,Chennai,Master's,Full-Time,Onsite,2023-05-15,3.3,90200,Meets Expectations,4,Satisfied,2,No,None,7,0,3.0,14,No,21-25,75K-100K,3-5 Years
EMP12005,Kavya,Sharma,Female,44,Operations,Operations Analyst,Delhi NCR,Bachelor's,Full-Time,Onsite,2017-11-13,8.8,60400,Outstanding,1,Very Dissatisfied,1,No,Rarely,13,0,10.1,13,No,36-45,50K-75K,5-10 Years
EMP12006,Vihaan,Verma,Female,43,Sales,Sales Executive,Ahmedabad,Bachelor's,Contract,Hybrid,2017-03-03,9.5,48000,Meets Expectations,5,Very Satisfied,3,No,Rarely,18,3,4.4,0,No,36-45,<50K,5-10 Years
EMP12007,Arjun,Joshi,Female,43,Human Resources,Recruiter,Delhi NCR,Bachelor's,Contract,Onsite,2018-01-25,8.6,82200,Meets Expectations,5,Very Satisfied,2,No,Rarely,12,2,8.7,17,No,36-45,75K-100K,5-10 Years
EMP12008,Aisha,Verma,Female,27,Technology,BI Analyst,Hyderabad,MBA,Full-Time,Hybrid,2023-09-02,3.0,91500,Meets Expectations,3,Neutral,4,No,Frequently,3,0,9.9,1,Yes,26-35,75K-100K,1-3 Years
EMP12009,Priya,Reddy,Female,41,Operations,Process Associate,Ahmedabad,Bachelor's,Full-Time,Hybrid,2015-10-08,10.9,66200,Needs Improvement,2,Dissatisfied,2,No,None,20,3,8.6,8,No,36-45,50K-75K,10+ Years
EMP12010,Rahul,Patel,Female,23,Marketing,Marketing Manager,Delhi NCR,Bachelor's,Contract,Hybrid,2025-05-15,1.3,59000,Meets Expectations,4,Satisfied,4,Yes,Frequently,16,1,1.5,15,No,21-25,50K-75K,1-3 Years
EMP12011,Pooja,Reddy,Female,26,Human Resources,HR Executive,Kolkata,Bachelor's,Full-Time,Onsite,2017-10-08,8.9,44900,Meets Expectations,4,Satisfied,1,No,None,12,3,8.9,21,No,26-35,<50K,5-10 Years
EMP12012,Pooja,Sharma,Female,40,Finance,Finance Manager,Pune,Master's,Contract,Hybrid,2019-12-20,6.7,58400,Meets Expectations,4,Satisfied,2,No,None,33,0,10.2,11,No,36-45,50K-75K,5-10 Years
EMP12013,Rahul,Singh,Female,45,Technology,BI Analyst,Hyderabad,Bachelor's,Full-Time,Hybrid,2022-10-08,3.9,126800,Meets Expectations,4,Satisfied,2,No,Rarely,11,1,4.6,15,No,36-45,100K-150K,3-5 Years
EMP12014,Rohit,Singh,Female,47,Customer Support,Customer Success Specialist,Chennai,Bachelor's,Contract,Onsite,2014-07-27,12.1,56400,Meets Expectations,5,Very Satisfied,4,No,None,36,2,10.7,20,No,46-55,50K-75K,10+ Years
EMP12015,Arjun,Gupta,Female,60,Marketing,Digital Marketing Analyst,Pune,Bachelor's,Full-Time,Hybrid,2023-11-14,2.8,86900,Outstanding,5,Very Satisfied,2,Yes,None,0,2,8.3,20,Yes,56+,75K-100K,1-3 Years
EMP12016,Priya,Das,Male,55,Finance,Senior Accountant,Chennai,Bachelor's,Full-Time,Onsite,2012-09-01,14.0,50000,Exceeds Expectations,4,Satisfied,3,No,None,21,1,8.6,10,No,46-55,<50K,10+ Years
EMP12017,Aisha,Verma,Non-Binary,36,Finance,Finance Manager,Ahmedabad,Bachelor's,Contract,Hybrid,2013-05-15,13.3,93500,Meets Expectations,2,Dissatisfied,2,Yes,None,38,1,6.6,19,Yes,36-45,75K-100K,10+ Years
EMP12018,Kiran,Verma,Male,52,Operations,Operations Manager,Pune,Bachelor's,Contract,Hybrid,2021-03-03,5.5,59300,Meets Expectations,5,Very Satisfied,4,Yes,None,11,0,4.7,22,No,46-55,50K-75K,5-10 Years
EMP12019,Aarav,Das,Male,24,Operations,Operations Analyst,Pune,Bachelor's,Full-Time,Hybrid,2021-12-20,4.7,67400,Meets Expectations,5,Very Satisfied,2,Yes,Rarely,26,3,4.0,9,No,21-25,50K-75K,3-5 Years
EMP12020,Aarav,Patel,Male,55,Human Resources,HR Analyst,Ahmedabad,Bachelor's,Full-Time,Remote,2024-06-20,2.2,60100,Needs Improvement,3,Neutral,4,No,None,30,2,9.6,0,No,46-55,50K-75K,1-3 Years
EMP12021,Kiran,Rao,Male,36,Finance,Finance Manager,Ahmedabad,MBA,Full-Time,Onsite,2012-11-13,13.8,85100,Outstanding,1,Very Dissatisfied,1,No,None,14,3,10.1,3,No,36-45,75K-100K,10+ Years
EMP12022,Aisha,Gupta,Male,51,Marketing,Content Specialist,Delhi NCR,Bachelor's,Full-Time,Hybrid,2017-03-03,9.5,45400,Meets Expectations,5,Very Satisfied,4,Yes,None,26,2,4.1,21,No,46-55,<50K,5-10 Years
EMP12023,Vikram,Das,Female,59,Marketing,Marketing Manager,Hyderabad,Bachelor's,Full-Time,Onsite,2025-12-20,0.7,45900,Needs Improvement,3,Neutral,4,Yes,Frequently,26,3,7.7,16,No,56+,<50K,<1 Year
EMP12024,Neha,Singh,Male,49,Marketing,Marketing Manager,Ahmedabad,Bachelor's,Full-Time,Remote,2018-11-14,7.8,85200,Needs Improvement,3,Neutral,1,Yes,Frequently,19,0,8.7,5,No,46-55,75K-100K,5-10 Years
EMP12025,Meera,Verma,Female,57,Sales,Sales Executive,Hyderabad,Master's,Full-Time,Onsite,2025-03-03,1.5,44800,Meets Expectations,4,Satisfied,1,Yes,Rarely,15,1,2.7,16,No,56+,<50K,1-3 Years
EMP12026,Meera,Kumar,Male,21,Human Resources,HR Manager,Kolkata,Bachelor's,Contract,Hybrid,2017-12-20,8.7,42700,Exceeds Expectations,1,Very Dissatisfied,2,Yes,None,19,3,7.6,4,No,21-25,<50K,5-10 Years
EMP12027,Rohit,Patel,Male,27,Marketing,Marketing Executive,Delhi NCR,Bachelor's,Full-Time,Hybrid,2018-12-20,7.7,91100,Meets Expectations,5,Very Satisfied,5,Yes,None,6,0,4.2,20,No,26-35,75K-100K,5-10 Years
EMP12028,Priya,Nair,Male,46,Customer Support,Team Lead,Chennai,MBA,Full-Time,Remote,2025-04-08,1.4,42500,Outstanding,1,Very Dissatisfied,2,No,None,20,3,3.4,11,No,46-55,<50K,1-3 Years
EMP12029,Neha,Joshi,Female,42,Human Resources,HR Analyst,Bengaluru,Bachelor's,Contract,Hybrid,2014-05-15,12.3,71400,Needs Improvement,2,Dissatisfied,3,No,Rarely,13,3,3.9,19,No,36-45,50K-75K,10+ Years
EMP12030,Arjun,Kumar,Non-Binary,25,Finance,Senior Accountant,Hyderabad,MBA,Full-Time,Hybrid,2022-07-27,4.1,97800,Meets Expectations,3,Neutral,3,No,None,13,2,4.0,14,No,21-25,75K-100K,3-5 Years
EMP12031,Kavya,Iyer,Male,49,Human Resources,HR Manager,Hyderabad,Bachelor's,Contract,Hybrid,2018-06-20,8.2,79600,Exceeds Expectations,4,Satisfied,2,Yes,Rarely,10,2,6.0,4,No,46-55,75K-100K,5-10 Years
EMP12032,Arjun,Gupta,Male,23,Technology,IT Support Specialist,Pune,Bachelor's,Full-Time,Hybrid,2016-12-20,9.7,61800,Needs Improvement,1,Very Dissatisfied,3,No,None,21,3,4.4,14,No,21-25,50K-75K,5-10 Years
EMP12033,Priya,Iyer,Female,60,Sales,Business Development Executive,Chennai,Diploma,Full-Time,Onsite,2012-04-08,14.4,65300,Needs Improvement,3,Neutral,1,No,Frequently,0,0,8.7,15,No,56+,50K-75K,10+ Years
EMP12034,Vikram,Nair,Female,27,Marketing,Marketing Manager,Pune,Bachelor's,Full-Time,Onsite,2019-03-03,7.5,71800,Outstanding,1,Very Dissatisfied,4,Yes,None,2,2,10.8,8,No,26-35,50K-75K,5-10 Years
EMP12035,Vikram,Reddy,Male,38,Customer Support,Team Lead,Mumbai,Bachelor's,Full-Time,Onsite,2012-11-13,13.8,45800,Needs Improvement,5,Very Satisfied,1,No,None,8,3,9.3,12,No,36-45,<50K,10+ Years
EMP12036,Rohit,Sharma,Male,53,Operations,Operations Executive,Hyderabad,Master's,Full-Time,Hybrid,2021-03-03,5.5,71400,Exceeds Expectations,2,Dissatisfied,3,No,None,23,1,6.7,14,No,46-55,50K-75K,5-10 Years
EMP12037,Sanjay,Joshi,Female,41,Marketing,Marketing Executive,Delhi NCR,Master's,Contract,Hybrid,2013-10-08,12.9,93800,Meets Expectations,3,Neutral,2,No,Rarely,10,0,8.2,1,No,36-45,75K-100K,10+ Years
EMP12038,Nikhil,Nair,Male,50,Sales,Sales Manager,Bengaluru,Bachelor's,Contract,Remote,2022-12-20,3.7,45900,Meets Expectations,4,Satisfied,3,No,Frequently,20,3,10.8,10,No,46-55,<50K,3-5 Years
EMP12039,Kiran,Joshi,Female,49,Customer Support,Team Lead,Chennai,Master's,Full-Time,Hybrid,2015-12-20,10.7,37900,Meets Expectations,1,Very Dissatisfied,3,No,None,6,2,7.2,16,Yes,46-55,<50K,10+ Years
EMP12040,Rahul,Sharma,Female,58,Human Resources,HR Manager,Hyderabad,Bachelor's,Full-Time,Onsite,2025-03-03,1.5,79000,Meets Expectations,1,Very Dissatisfied,4,No,Frequently,17,2,0.8,4,No,56+,75K-100K,1-3 Years
EMP12041,Sanjay,Reddy,Male,39,Finance,Finance Manager,Ahmedabad,Bachelor's,Full-Time,Hybrid,2011-11-14,14.8,75300,Outstanding,5,Very Satisfied,4,Yes,None,18,3,3.7,3,No,36-45,75K-100K,10+ Years
EMP12042,Divya,Das,Female,60,Customer Support,Support Analyst,Chennai,Bachelor's,Full-Time,Hybrid,2012-05-14,14.3,63000,Needs Improvement,3,Neutral,2,No,None,13,0,4.1,0,Yes,56+,50K-75K,10+ Years
EMP12043,Kavya,Joshi,Female,41,Operations,Operations Manager,Pune,MBA,Full-Time,Hybrid,2019-12-20,6.7,43800,Exceeds Expectations,2,Dissatisfied,3,No,None,2,3,11.8,15,No,36-45,<50K,5-10 Years
EMP12044,Vihaan,Patel,Male,56,Operations,Process Associate,Bengaluru,Bachelor's,Full-Time,Hybrid,2018-09-01,8.0,39300,Meets Expectations,4,Satisfied,2,No,None,25,0,8.9,15,No,56+,<50K,5-10 Years
EMP12045,Vihaan,Iyer,Male,50,Technology,IT Support Specialist,Bengaluru,MBA,Full-Time,Hybrid,2017-09-01,9.0,107500,Meets Expectations,5,Very Satisfied,2,No,Frequently,8,0,5.3,0,No,46-55,100K-150K,5-10 Years
EMP12046,Neha,Reddy,Female,26,Customer Support,Support Executive,Pune,Bachelor's,Full-Time,Remote,2022-05-15,4.3,70700,Needs Improvement,4,Satisfied,2,No,None,19,0,4.4,13,Yes,26-35,50K-75K,3-5 Years
EMP12047,Ananya,Patel,Female,46,Human Resources,Recruiter,Hyderabad,Bachelor's,Full-Time,Onsite,2016-06-20,10.2,46800,Meets Expectations,3,Neutral,3,No,None,29,3,11.5,8,No,46-55,<50K,10+ Years
EMP12048,Priya,Reddy,Male,56,Human Resources,HR Analyst,Chennai,Master's,Full-Time,Hybrid,2016-03-02,10.5,85600,Meets Expectations,4,Satisfied,4,No,None,4,1,9.2,11,Yes,56+,75K-100K,10+ Years
EMP12049,Vikram,Verma,Female,26,Operations,Process Associate,Bengaluru,Bachelor's,Full-Time,Remote,2018-09-01,8.0,54800,Meets Expectations,5,Very Satisfied,4,Yes,Rarely,27,3,2.6,14,No,26-35,50K-75K,5-10 Years
EMP12050,Priya,Rao,Male,54,Marketing,Marketing Manager,Bengaluru,Bachelor's,Full-Time,Onsite,2024-04-08,2.4,44400,Needs Improvement,2,Dissatisfied,1,No,Frequently,15,0,5.8,10,No,46-55,<50K,1-3 Years
EMP12051,Priya,Gupta,Male,25,Technology,IT Support Specialist,Hyderabad,Bachelor's,Full-Time,Hybrid,2012-11-13,13.8,94300,Exceeds Expectations,4,Satisfied,1,No,Frequently,20,0,2.9,8,No,21-25,75K-100K,10+ Years
EMP12052,Sneha,Patel,Male,55,Finance,Accountant,Hyderabad,Bachelor's,Full-Time,Onsite,2024-10-08,1.9,65100,Meets Expectations,5,Very Satisfied,2,Yes,None,3,2,11.9,11,No,46-55,50K-75K,1-3 Years
EMP12053,Meera,Verma,Female,52,Finance,Finance Manager,Kolkata,Bachelor's,Contract,Hybrid,2017-03-03,9.5,89300,Needs Improvement,2,Dissatisfied,3,No,None,20,1,7.0,21,No,46-55,75K-100K,5-10 Years
EMP12054,Meera,Rao,Male,27,Customer Support,Support Executive,Kolkata,Bachelor's,Full-Time,Onsite,2024-12-20,1.7,43400,Meets Expectations,5,Very Satisfied,2,Yes,None,15,1,1.2,2,No,26-35,<50K,1-3 Years
EMP12055,Isha,Patel,Female,50,Operations,Process Associate,Delhi NCR,Bachelor's,Full-Time,Onsite,2024-04-08,2.4,59200,Meets Expectations,1,Very Dissatisfied,5,No,Frequently,7,0,3.9,8,No,46-55,50K-75K,1-3 Years
EMP12056,Kavya,Joshi,Female,25,Finance,Financial Analyst,Ahmedabad,Diploma,Contract,Hybrid,2026-03-03,0.5,60500,Needs Improvement,2,Dissatisfied,3,No,None,21,1,6.5,15,No,21-25,50K-75K,<1 Year
EMP12057,Kavya,Joshi,Male,43,Operations,Operations Analyst,Chennai,Bachelor's,Full-Time,Hybrid,2021-01-25,5.6,74800,Meets Expectations,2,Dissatisfied,5,No,Frequently,26,0,6.3,10,Yes,36-45,50K-75K,5-10 Years
EMP12058,Kiran,Reddy,Male,57,Operations,Process Associate,Pune,MBA,Full-Time,Onsite,2016-12-20,9.7,79100,Meets Expectations,1,Very Dissatisfied,5,No,Frequently,16,1,2.8,19,No,56+,75K-100K,5-10 Years
EMP12059,Pooja,Patel,Female,29,Finance,Senior Accountant,Chennai,Bachelor's,Full-Time,Hybrid,2018-10-08,7.9,72300,Outstanding,4,Satisfied,1,Yes,Rarely,26,0,8.3,6,No,26-35,50K-75K,5-10 Years
EMP12060,Kiran,Patel,Male,27,Finance,Accountant,Chennai,Bachelor's,Full-Time,Hybrid,2016-06-20,10.2,75000,Exceeds Expectations,3,Neutral,5,No,Rarely,14,1,3.0,2,Yes,26-35,50K-75K,10+ Years
EMP12061,Aditya,Patel,Male,37,Customer Support,Customer Success Specialist,Hyderabad,Bachelor's,Full-Time,Onsite,2016-06-20,10.2,70300,Outstanding,2,Dissatisfied,1,Yes,None,34,2,11.8,4,No,36-45,50K-75K,10+ Years
EMP12062,Isha,Reddy,Female,35,Human Resources,HR Executive,Pune,Bachelor's,Contract,Hybrid,2024-05-14,2.3,49200,Meets Expectations,5,Very Satisfied,1,Yes,None,11,3,9.9,17,Yes,26-35,<50K,1-3 Years
EMP12063,Nikhil,Singh,Female,22,Technology,IT Support Specialist,Chennai,Bachelor's,Full-Time,Remote,2025-09-01,1.0,115300,Meets Expectations,2,Dissatisfied,3,No,None,32,2,5.5,14,Yes,21-25,100K-150K,<1 Year
EMP12064,Sanjay,Gupta,Male,39,Operations,Operations Executive,Chennai,Bachelor's,Full-Time,Onsite,2017-03-03,9.5,63000,Meets Expectations,5,Very Satisfied,3,Yes,None,15,1,4.5,9,No,36-45,50K-75K,5-10 Years
EMP12065,Sneha,Singh,Female,31,Marketing,Marketing Executive,Chennai,Master's,Full-Time,Remote,2016-10-08,9.9,89500,Needs Improvement,4,Satisfied,4,Yes,Rarely,22,0,2.3,5,No,26-35,75K-100K,5-10 Years
EMP12066,Neha,Gupta,Female,25,Human Resources,HR Analyst,Hyderabad,Bachelor's,Full-Time,Remote,2018-04-08,8.4,56700,Outstanding,5,Very Satisfied,1,No,None,2,3,1.2,18,No,21-25,50K-75K,5-10 Years
EMP12067,Vihaan,Sharma,Male,32,Operations,Operations Executive,Pune,MBA,Contract,Hybrid,2022-11-14,3.8,50800,Meets Expectations,1,Very Dissatisfied,1,Yes,Frequently,3,3,9.1,7,No,26-35,50K-75K,3-5 Years
EMP12068,Vikram,Joshi,Male,21,Customer Support,Support Executive,Chennai,Diploma,Full-Time,Remote,2014-06-20,12.2,44900,Outstanding,5,Very Satisfied,4,Yes,Frequently,40,3,10.7,11,No,21-25,<50K,10+ Years
EMP12069,Aisha,Verma,Female,57,Finance,Finance Manager,Bengaluru,Bachelor's,Full-Time,Hybrid,2025-05-15,1.3,49700,Needs Improvement,1,Very Dissatisfied,3,No,None,0,2,6.1,18,No,56+,<50K,1-3 Years
EMP12070,Neha,Nair,Male,60,Finance,Finance Manager,Chennai,Bachelor's,Contract,Hybrid,2017-01-25,9.6,58700,Outstanding,4,Satisfied,2,No,None,22,1,10.8,5,No,56+,50K-75K,5-10 Years
EMP12071,Sneha,Rao,Male,35,Technology,Data Analyst,Pune,Master's,Contract,Onsite,2024-09-01,2.0,128300,Needs Improvement,4,Satisfied,1,No,None,18,0,11.4,8,No,26-35,100K-150K,1-3 Years
EMP12072,Nikhil,Nair,Male,56,Marketing,Content Specialist,Pune,Bachelor's,Full-Time,Hybrid,2016-10-08,9.9,56500,Needs Improvement,1,Very Dissatisfied,2,Yes,None,26,0,7.2,9,No,56+,50K-75K,5-10 Years
EMP12073,Vikram,Verma,Female,39,Finance,Finance Manager,Ahmedabad,Bachelor's,Full-Time,Onsite,2020-04-08,6.4,49900,Outstanding,1,Very Dissatisfied,2,No,Rarely,0,3,3.2,2,Yes,36-45,<50K,5-10 Years
EMP12074,Sanjay,Reddy,Male,57,Finance,Financial Analyst,Kolkata,Bachelor's,Full-Time,Hybrid,2015-11-14,10.8,65000,Needs Improvement,1,Very Dissatisfied,3,Yes,Rarely,7,3,9.8,2,Yes,56+,50K-75K,10+ Years
EMP12075,Arjun,Kumar,Male,27,Marketing,Marketing Manager,Delhi NCR,MBA,Contract,Onsite,2025-09-01,1.0,64800,Needs Improvement,1,Very Dissatisfied,5,Yes,Rarely,13,2,2.8,5,No,26-35,50K-75K,<1 Year
EMP12076,Meera,Das,Female,32,Finance,Finance Manager,Chennai,Bachelor's,Full-Time,Hybrid,2018-04-08,8.4,80800,Meets Expectations,1,Very Dissatisfied,3,No,None,37,0,11.2,0,No,26-35,75K-100K,5-10 Years
EMP12077,Arjun,Singh,Non-Binary,50,Human Resources,HR Manager,Kolkata,Bachelor's,Contract,Remote,2024-05-14,2.3,45500,Meets Expectations,5,Very Satisfied,3,Yes,Frequently,14,0,2.5,9,Yes,46-55,<50K,1-3 Years
EMP12078,Sanjay,Sharma,Male,29,Human Resources,HR Executive,Bengaluru,Master's,Full-Time,Hybrid,2016-05-14,10.3,81800,Meets Expectations,2,Dissatisfied,5,No,Rarely,23,0,4.4,0,No,26-35,75K-100K,10+ Years
EMP12079,Aisha,Verma,Female,53,Technology,Software Engineer,Bengaluru,Master's,Full-Time,Hybrid,2024-09-01,2.0,116500,Meets Expectations,5,Very Satisfied,1,Yes,Frequently,23,3,1.6,14,No,46-55,100K-150K,1-3 Years
EMP12080,Rahul,Nair,Male,38,Sales,Account Manager,Kolkata,Bachelor's,Contract,Onsite,2025-05-15,1.3,49000,Meets Expectations,1,Very Dissatisfied,1,No,Frequently,16,3,3.5,22,No,36-45,<50K,1-3 Years
EMP12081,Divya,Joshi,Male,37,Operations,Operations Analyst,Ahmedabad,Master's,Full-Time,Onsite,2015-11-14,10.8,73400,Needs Improvement,4,Satisfied,5,No,Rarely,33,2,6.1,12,No,36-45,50K-75K,10+ Years
EMP12082,Ananya,Das,Male,39,Sales,Business Development Executive,Bengaluru,Diploma,Full-Time,Remote,2025-07-27,1.1,55900,Meets Expectations,3,Neutral,5,No,None,29,2,4.8,22,No,36-45,50K-75K,1-3 Years
EMP12083,Arjun,Iyer,Female,52,Finance,Finance Manager,Chennai,Bachelor's,Full-Time,Hybrid,2023-03-03,3.5,73500,Outstanding,3,Neutral,3,No,Frequently,18,3,7.6,12,Yes,46-55,50K-75K,3-5 Years
EMP12084,Aarav,Kumar,Male,21,Marketing,Marketing Manager,Hyderabad,Bachelor's,Full-Time,Hybrid,2014-04-08,12.4,92400,Meets Expectations,4,Satisfied,2,No,None,12,0,4.5,0,No,21-25,75K-100K,10+ Years
EMP12085,Rohit,Nair,Female,51,Sales,Sales Manager,Ahmedabad,Diploma,Full-Time,Hybrid,2014-06-20,12.2,80700,Meets Expectations,2,Dissatisfied,1,No,None,11,3,6.9,9,No,46-55,75K-100K,10+ Years
EMP12086,Kiran,Patel,Male,52,Marketing,Content Specialist,Pune,MBA,Full-Time,Hybrid,2013-11-13,12.8,63100,Meets Expectations,1,Very Dissatisfied,1,No,None,38,1,7.6,4,No,46-55,50K-75K,10+ Years
EMP12087,Aarav,Joshi,Female,53,Operations,Operations Analyst,Kolkata,Bachelor's,Full-Time,Hybrid,2021-09-01,5.0,59500,Outstanding,2,Dissatisfied,5,Yes,None,5,0,11.1,11,No,46-55,50K-75K,3-5 Years
EMP12088,Sneha,Kumar,Male,60,Marketing,Marketing Executive,Kolkata,Bachelor's,Full-Time,Onsite,2018-09-01,8.0,58500,Meets Expectations,5,Very Satisfied,4,No,None,6,2,10.6,11,No,56+,50K-75K,5-10 Years
EMP12089,Ananya,Nair,Female,52,Finance,Financial Analyst,Bengaluru,Bachelor's,Full-Time,Onsite,2015-01-26,11.6,78900,Outstanding,3,Neutral,5,No,None,10,3,3.3,16,No,46-55,75K-100K,10+ Years
EMP12090,Vihaan,Das,Female,42,Sales,Account Manager,Ahmedabad,Diploma,Contract,Hybrid,2024-06-20,2.2,70900,Meets Expectations,5,Very Satisfied,3,No,Frequently,34,0,5.8,14,No,36-45,50K-75K,1-3 Years
EMP12091,Isha,Gupta,Female,39,Customer Support,Support Analyst,Ahmedabad,MBA,Full-Time,Remote,2015-10-08,10.9,35800,Meets Expectations,5,Very Satisfied,4,No,Rarely,28,1,1.4,3,No,36-45,<50K,10+ Years
EMP12092,Sanjay,Rao,Female,36,Finance,Accountant,Delhi NCR,Bachelor's,Full-Time,Onsite,2025-01-25,1.6,102600,Needs Improvement,1,Very Dissatisfied,5,No,Frequently,39,2,2.8,3,Yes,36-45,100K-150K,1-3 Years
EMP12093,Priya,Rao,Male,54,Operations,Operations Analyst,Ahmedabad,MBA,Full-Time,Hybrid,2012-12-20,13.7,69800,Meets Expectations,1,Very Dissatisfied,2,Yes,Frequently,29,2,3.7,3,Yes,46-55,50K-75K,10+ Years
EMP12094,Priya,Singh,Female,36,Technology,Data Analyst,Ahmedabad,Bachelor's,Full-Time,Hybrid,2017-01-25,9.6,65300,Meets Expectations,1,Very Dissatisfied,3,No,None,20,1,11.5,4,No,36-45,50K-75K,5-10 Years
EMP12095,Isha,Reddy,Female,43,Technology,IT Support Specialist,Mumbai,Bachelor's,Full-Time,Hybrid,2019-03-03,7.5,119500,Meets Expectations,1,Very Dissatisfied,2,No,Rarely,1,2,9.1,22,No,36-45,100K-150K,5-10 Years
EMP12096,Rahul,Verma,Male,24,Operations,Process Associate,Mumbai,Bachelor's,Full-Time,Hybrid,2019-04-09,7.4,71000,Meets Expectations,3,Neutral,3,Yes,Rarely,35,3,10.8,11,Yes,21-25,50K-75K,5-10 Years
EMP12097,Aarav,Gupta,Male,33,Customer Support,Support Executive,Ahmedabad,MBA,Contract,Onsite,2023-10-08,2.9,44400,Needs Improvement,1,Very Dissatisfied,2,No,None,27,1,3.7,5,No,26-35,<50K,1-3 Years
EMP12098,Rahul,Nair,Male,31,Customer Support,Support Executive,Bengaluru,Bachelor's,Full-Time,Hybrid,2021-05-15,5.3,52400,Meets Expectations,5,Very Satisfied,2,No,Frequently,2,2,10.3,1,No,26-35,50K-75K,5-10 Years
EMP12099,Kavya,Sharma,Female,38,Operations,Operations Executive,Chennai,MBA,Full-Time,Hybrid,2015-09-02,11.0,76200,Exceeds Expectations,3,Neutral,2,Yes,Frequently,39,1,9.3,11,No,36-45,75K-100K,10+ Years
EMP12100,Kavya,Gupta,Male,41,Technology,IT Support Specialist,Mumbai,Master's,Contract,Onsite,2018-06-20,8.2,126500,Exceeds Expectations,4,Satisfied,5,No,None,25,3,1.9,12,No,36-45,100K-150K,5-10 Years
EMP12101,Rohit,Patel,Male,49,Customer Support,Customer Success Specialist,Hyderabad,MBA,Full-Time,Hybrid,2018-09-01,8.0,43100,Meets Expectations,5,Very Satisfied,2,No,Frequently,25,0,4.0,14,No,46-55,<50K,5-10 Years
EMP12102,Divya,Nair,Male,38,Marketing,Content Specialist,Delhi NCR,Bachelor's,Full-Time,Hybrid,2023-07-27,3.1,77500,Needs Improvement,1,Very Dissatisfied,4,No,None,14,3,8.6,20,No,36-45,75K-100K,3-5 Years
EMP12103,Kavya,Rao,Female,27,Technology,BI Analyst,Delhi NCR,Bachelor's,Full-Time,Remote,2016-04-08,10.4,118900,Needs Improvement,3,Neutral,3,Yes,Frequently,13,1,4.0,9,No,26-35,100K-150K,10+ Years
EMP12104,Rohit,Iyer,Male,42,Sales,Sales Manager,Hyderabad,Bachelor's,Full-Time,Remote,2020-09-01,6.0,85200,Outstanding,4,Satisfied,4,Yes,Rarely,14,1,3.2,22,No,36-45,75K-100K,5-10 Years
EMP12105,Divya,Reddy,Female,23,Customer Support,Customer Success Specialist,Kolkata,Bachelor's,Contract,Hybrid,2023-10-08,2.9,35000,Meets Expectations,5,Very Satisfied,1,No,None,2,0,11.9,11,No,21-25,<50K,1-3 Years
EMP12106,Rahul,Patel,Female,54,Technology,Data Analyst,Chennai,Master's,Full-Time,Hybrid,2012-06-20,14.2,93900,Meets Expectations,5,Very Satisfied,4,No,Frequently,18,1,5.9,12,No,46-55,75K-100K,10+ Years
EMP12107,Aarav,Nair,Male,51,Operations,Operations Executive,Hyderabad,Bachelor's,Full-Time,Remote,2018-12-20,7.7,76800,Meets Expectations,2,Dissatisfied,4,No,None,2,3,4.3,21,No,46-55,75K-100K,5-10 Years
EMP12108,Divya,Kumar,Female,30,Sales,Sales Manager,Hyderabad,Bachelor's,Full-Time,Onsite,2018-09-01,8.0,39100,Needs Improvement,2,Dissatisfied,1,No,None,24,3,4.4,8,No,26-35,<50K,5-10 Years
EMP12109,Nikhil,Patel,Male,31,Technology,Data Analyst,Pune,Bachelor's,Full-Time,Hybrid,2011-12-20,14.7,89200,Exceeds Expectations,4,Satisfied,2,Yes,Rarely,8,1,7.5,0,No,26-35,75K-100K,10+ Years
EMP12110,Isha,Gupta,Female,22,Technology,Data Analyst,Chennai,Master's,Contract,Hybrid,2021-01-25,5.6,99500,Meets Expectations,4,Satisfied,5,No,Rarely,25,0,7.8,17,Yes,21-25,75K-100K,5-10 Years
EMP12111,Pooja,Verma,Female,35,Technology,Software Engineer,Chennai,Bachelor's,Full-Time,Onsite,2012-06-20,14.2,95500,Meets Expectations,2,Dissatisfied,2,Yes,None,15,0,10.4,14,No,26-35,75K-100K,10+ Years
EMP12112,Meera,Reddy,Male,22,Marketing,Content Specialist,Mumbai,Bachelor's,Full-Time,Remote,2016-03-02,10.5,81800,Outstanding,3,Neutral,3,Yes,Rarely,11,1,8.0,20,No,21-25,75K-100K,10+ Years
EMP12113,Aisha,Patel,Male,58,Customer Support,Team Lead,Delhi NCR,Bachelor's,Contract,Onsite,2017-01-25,9.6,34800,Meets Expectations,5,Very Satisfied,5,No,None,5,3,11.3,20,No,56+,<50K,5-10 Years
EMP12114,Aarav,Gupta,Male,26,Customer Support,Customer Success Specialist,Delhi NCR,Bachelor's,Full-Time,Hybrid,2022-12-20,3.7,62600,Exceeds Expectations,2,Dissatisfied,5,No,None,15,2,7.0,11,Yes,26-35,50K-75K,3-5 Years
EMP12115,Ananya,Sharma,Female,47,Operations,Operations Manager,Chennai,Master's,Full-Time,Hybrid,2025-09-01,1.0,50200,Meets Expectations,2,Dissatisfied,2,Yes,Rarely,2,0,6.0,16,No,46-55,50K-75K,<1 Year
EMP12116,Meera,Iyer,Male,43,Technology,IT Support Specialist,Pune,Bachelor's,Full-Time,Hybrid,2019-12-20,6.7,116400,Meets Expectations,5,Very Satisfied,4,No,None,10,1,9.5,19,No,36-45,100K-150K,5-10 Years
EMP12117,Aisha,Singh,Female,30,Customer Support,Support Analyst,Delhi NCR,Master's,Contract,Onsite,2026-04-08,0.4,48500,Meets Expectations,4,Satisfied,5,No,None,19,1,2.7,17,No,26-35,<50K,<1 Year
EMP12118,Isha,Rao,Male,53,Human Resources,Recruiter,Hyderabad,Master's,Contract,Hybrid,2025-05-15,1.3,44200,Meets Expectations,2,Dissatisfied,3,Yes,Frequently,25,0,7.7,9,No,46-55,<50K,1-3 Years
EMP12119,Aisha,Gupta,Female,25,Human Resources,HR Analyst,Ahmedabad,Bachelor's,Contract,Remote,2017-09-01,9.0,90600,Meets Expectations,2,Dissatisfied,5,No,Frequently,18,3,4.9,9,Yes,21-25,75K-100K,5-10 Years
EMP12120,Kiran,Kumar,Male,56,Marketing,Marketing Manager,Chennai,Bachelor's,Full-Time,Hybrid,2015-10-08,10.9,84200,Meets Expectations,5,Very Satisfied,4,Yes,Rarely,4,0,1.8,10,No,56+,75K-100K,10+ Years
EMP12121,Aisha,Verma,Female,50,Operations,Operations Manager,Delhi NCR,Bachelor's,Contract,Onsite,2023-12-20,2.7,53200,Meets Expectations,2,Dissatisfied,4,No,Rarely,29,0,4.0,16,No,46-55,50K-75K,1-3 Years
EMP12122,Sneha,Iyer,Male,46,Customer Support,Support Analyst,Bengaluru,Bachelor's,Full-Time,Hybrid,2015-09-02,11.0,42700,Meets Expectations,4,Satisfied,4,Yes,Frequently,17,1,7.7,13,No,46-55,<50K,10+ Years
EMP12123,Priya,Iyer,Male,56,Marketing,Marketing Manager,Hyderabad,Master's,Full-Time,Hybrid,2012-05-14,14.3,74200,Needs Improvement,3,Neutral,1,No,Frequently,25,2,11.3,3,No,56+,50K-75K,10+ Years
EMP12124,Arjun,Singh,Male,37,Marketing,Marketing Manager,Hyderabad,Bachelor's,Full-Time,Hybrid,2015-06-21,11.2,95000,Meets Expectations,2,Dissatisfied,1,No,None,40,3,6.7,9,No,36-45,75K-100K,10+ Years
EMP12125,Aditya,Iyer,Female,32,Operations,Operations Executive,Chennai,MBA,Full-Time,Hybrid,2014-11-14,11.8,50600,Meets Expectations,2,Dissatisfied,5,No,None,1,0,5.1,7,No,26-35,50K-75K,10+ Years
EMP12126,Nikhil,Reddy,Female,27,Technology,IT Support Specialist,Delhi NCR,MBA,Full-Time,Onsite,2016-01-26,10.6,125100,Meets Expectations,4,Satisfied,4,No,None,40,2,10.8,5,No,26-35,100K-150K,10+ Years
EMP12127,Rahul,Joshi,Male,57,Finance,Senior Accountant,Ahmedabad,Bachelor's,Full-Time,Onsite,2023-03-03,3.5,68100,Meets Expectations,5,Very Satisfied,5,Yes,None,39,2,2.6,20,No,56+,50K-75K,3-5 Years
EMP12128,Sneha,Singh,Female,37,Marketing,Marketing Executive,Mumbai,Diploma,Full-Time,Hybrid,2021-03-03,5.5,80300,Needs Improvement,1,Very Dissatisfied,3,No,None,21,1,1.2,20,No,36-45,75K-100K,5-10 Years
EMP12129,Rohit,Patel,Male,54,Sales,Account Manager,Chennai,Bachelor's,Contract,Remote,2012-06-20,14.2,56900,Meets Expectations,5,Very Satisfied,2,Yes,Rarely,1,0,4.0,14,No,46-55,50K-75K,10+ Years
EMP12130,Aditya,Reddy,Non-Binary,34,Finance,Senior Accountant,Mumbai,Bachelor's,Contract,Hybrid,2016-09-01,10.0,53700,Meets Expectations,2,Dissatisfied,5,No,Rarely,10,0,1.2,21,No,26-35,50K-75K,5-10 Years
EMP12131,Aarav,Gupta,Male,59,Operations,Operations Analyst,Bengaluru,Master's,Contract,Hybrid,2014-10-08,11.9,79600,Outstanding,4,Satisfied,5,Yes,Frequently,9,1,5.2,4,No,56+,75K-100K,10+ Years
EMP12132,Divya,Sharma,Male,55,Customer Support,Team Lead,Bengaluru,Bachelor's,Contract,Hybrid,2012-03-02,14.5,38600,Outstanding,2,Dissatisfied,5,No,None,23,2,3.0,12,No,46-55,<50K,10+ Years
EMP12133,Aditya,Nair,Female,33,Human Resources,HR Manager,Kolkata,MBA,Full-Time,Hybrid,2023-01-26,3.6,89600,Needs Improvement,2,Dissatisfied,5,Yes,None,28,1,2.4,15,No,26-35,75K-100K,3-5 Years
EMP12134,Meera,Sharma,Male,40,Finance,Senior Accountant,Ahmedabad,MBA,Full-Time,Hybrid,2021-09-01,5.0,54800,Meets Expectations,5,Very Satisfied,1,No,None,20,0,2.5,18,No,36-45,50K-75K,3-5 Years
EMP12135,Priya,Verma,Female,52,Human Resources,HR Executive,Kolkata,Bachelor's,Full-Time,Hybrid,2016-12-20,9.7,55500,Meets Expectations,4,Satisfied,5,No,None,14,1,3.1,8,No,46-55,50K-75K,5-10 Years
EMP12136,Pooja,Rao,Female,30,Marketing,Digital Marketing Analyst,Kolkata,Diploma,Full-Time,Hybrid,2026-01-25,0.6,91600,Meets Expectations,5,Very Satisfied,1,Yes,None,1,0,6.6,5,No,26-35,75K-100K,<1 Year
EMP12137,Meera,Iyer,Male,21,Human Resources,Recruiter,Delhi NCR,MBA,Contract,Onsite,2017-12-20,8.7,75200,Meets Expectations,1,Very Dissatisfied,4,No,Frequently,38,1,0.2,9,Yes,21-25,75K-100K,5-10 Years
EMP12138,Aditya,Rao,Male,32,Sales,Business Development Executive,Kolkata,Master's,Full-Time,Hybrid,2014-06-20,12.2,47900,Meets Expectations,2,Dissatisfied,1,No,None,40,0,7.5,15,Yes,26-35,<50K,10+ Years
EMP12139,Ananya,Patel,Male,44,Human Resources,HR Executive,Hyderabad,Master's,Contract,Onsite,2017-06-20,9.2,71800,Needs Improvement,1,Very Dissatisfied,1,No,Rarely,1,3,8.5,21,No,36-45,50K-75K,5-10 Years
EMP12140,Kavya,Nair,Male,26,Finance,Accountant,Hyderabad,Bachelor's,Full-Time,Hybrid,2022-01-25,4.6,59300,Meets Expectations,3,Neutral,4,No,None,13,2,8.6,7,No,26-35,50K-75K,3-5 Years
EMP12141,Sneha,Joshi,Female,34,Marketing,Marketing Executive,Ahmedabad,Master's,Full-Time,Hybrid,2015-10-08,10.9,89100,Outstanding,3,Neutral,2,Yes,None,40,2,6.2,7,No,26-35,75K-100K,10+ Years
EMP12142,Pooja,Verma,Male,57,Customer Support,Team Lead,Hyderabad,Bachelor's,Full-Time,Hybrid,2024-04-08,2.4,34200,Meets Expectations,5,Very Satisfied,5,No,Frequently,16,3,5.7,3,Yes,56+,<50K,1-3 Years
EMP12143,Arjun,Das,Male,24,Customer Support,Team Lead,Pune,Bachelor's,Full-Time,Onsite,2013-04-08,13.4,52800,Meets Expectations,2,Dissatisfied,2,Yes,Frequently,25,2,7.3,8,Yes,21-25,50K-75K,10+ Years
EMP12144,Aditya,Joshi,Male,23,Marketing,Marketing Executive,Chennai,Bachelor's,Full-Time,Hybrid,2024-12-20,1.7,46800,Meets Expectations,4,Satisfied,4,No,None,21,2,3.7,11,No,21-25,<50K,1-3 Years
EMP12145,Isha,Rao,Female,37,Finance,Financial Analyst,Mumbai,MBA,Full-Time,Onsite,2013-09-01,13.0,89400,Needs Improvement,5,Very Satisfied,4,Yes,Frequently,25,2,1.6,12,Yes,36-45,75K-100K,10+ Years
EMP12146,Sneha,Joshi,Male,21,Human Resources,HR Analyst,Pune,Bachelor's,Full-Time,Hybrid,2019-01-26,7.6,89200,Exceeds Expectations,1,Very Dissatisfied,5,No,None,36,1,6.2,0,No,21-25,75K-100K,5-10 Years
EMP12147,Meera,Das,Female,22,Technology,IT Support Specialist,Ahmedabad,Bachelor's,Full-Time,Onsite,2020-03-02,6.5,116800,Meets Expectations,3,Neutral,5,Yes,Frequently,15,1,10.4,3,No,21-25,100K-150K,5-10 Years
EMP12148,Rahul,Kumar,Female,28,Customer Support,Customer Success Specialist,Pune,Bachelor's,Full-Time,Hybrid,2019-01-26,7.6,46600,Needs Improvement,2,Dissatisfied,3,No,None,32,0,5.9,6,No,26-35,<50K,5-10 Years
EMP12149,Vihaan,Rao,Male,25,Operations,Operations Analyst,Kolkata,Bachelor's,Contract,Remote,2023-06-21,3.2,48200,Meets Expectations,1,Very Dissatisfied,2,Yes,None,18,1,3.5,11,No,21-25,<50K,3-5 Years
EMP12150,Kavya,Sharma,Female,53,Operations,Operations Analyst,Delhi NCR,MBA,Full-Time,Onsite,2019-09-02,7.0,42900,Meets Expectations,3,Neutral,3,No,Rarely,8,1,2.7,5,No,46-55,<50K,5-10 Years
EMP12151,Aisha,Das,Male,25,Finance,Finance Manager,Hyderabad,Bachelor's,Full-Time,Hybrid,2013-11-13,12.8,99900,Meets Expectations,2,Dissatisfied,4,No,Frequently,3,0,1.0,2,No,21-25,75K-100K,10+ Years
EMP12152,Sneha,Nair,Female,41,Finance,Accountant,Ahmedabad,Bachelor's,Full-Time,Hybrid,2014-07-27,12.1,53500,Outstanding,2,Dissatisfied,5,Yes,Frequently,29,1,11.1,11,Yes,36-45,50K-75K,10+ Years
EMP12153,Aarav,Sharma,Male,49,Operations,Operations Executive,Bengaluru,MBA,Full-Time,Hybrid,2024-01-26,2.6,65800,Meets Expectations,2,Dissatisfied,1,No,None,24,0,4.1,22,No,46-55,50K-75K,1-3 Years
EMP12154,Pooja,Sharma,Male,46,Human Resources,HR Manager,Mumbai,MBA,Contract,Remote,2016-06-20,10.2,60500,Needs Improvement,3,Neutral,1,No,Frequently,35,2,10.8,11,No,46-55,50K-75K,10+ Years
EMP12155,Kiran,Gupta,Female,47,Marketing,Digital Marketing Analyst,Mumbai,MBA,Full-Time,Hybrid,2013-10-08,12.9,95500,Meets Expectations,2,Dissatisfied,3,No,None,9,0,11.4,20,No,46-55,75K-100K,10+ Years
EMP12156,Sanjay,Singh,Male,35,Human Resources,HR Analyst,Hyderabad,Master's,Full-Time,Onsite,2014-05-15,12.3,67600,Meets Expectations,4,Satisfied,3,Yes,None,29,3,5.4,15,No,26-35,50K-75K,10+ Years
EMP12157,Aarav,Sharma,Male,56,Human Resources,Recruiter,Ahmedabad,Bachelor's,Full-Time,Hybrid,2020-03-02,6.5,69700,Meets Expectations,2,Dissatisfied,5,Yes,None,0,2,5.2,18,No,56+,50K-75K,5-10 Years
EMP12158,Aisha,Sharma,Male,23,Marketing,Marketing Manager,Hyderabad,Master's,Full-Time,Hybrid,2025-10-08,0.9,91400,Outstanding,4,Satisfied,2,No,None,5,0,3.9,2,No,21-25,75K-100K,<1 Year
EMP12159,Isha,Joshi,Female,25,Operations,Operations Executive,Chennai,Master's,Full-Time,Hybrid,2012-09-01,14.0,81100,Meets Expectations,3,Neutral,1,Yes,None,24,3,7.7,18,No,21-25,75K-100K,10+ Years
EMP12160,Arjun,Rao,Female,55,Finance,Financial Analyst,Bengaluru,Bachelor's,Full-Time,Hybrid,2020-07-26,6.1,82900,Outstanding,2,Dissatisfied,1,No,Rarely,22,1,2.7,10,No,46-55,75K-100K,5-10 Years
EMP12161,Vihaan,Das,Male,23,Operations,Operations Executive,Bengaluru,Bachelor's,Contract,Hybrid,2021-03-03,5.5,73300,Meets Expectations,5,Very Satisfied,5,No,None,24,2,4.2,18,No,21-25,50K-75K,5-10 Years
EMP12162,Sneha,Rao,Male,28,Technology,IT Support Specialist,Hyderabad,Diploma,Full-Time,Hybrid,2015-04-09,11.4,103100,Meets Expectations,4,Satisfied,4,No,Rarely,34,2,3.7,1,No,26-35,100K-150K,10+ Years
EMP12163,Priya,Iyer,Female,27,Finance,Finance Manager,Bengaluru,Bachelor's,Contract,Hybrid,2022-07-27,4.1,73800,Meets Expectations,3,Neutral,5,No,None,34,3,4.6,6,No,26-35,50K-75K,3-5 Years
EMP12164,Pooja,Joshi,Female,22,Customer Support,Team Lead,Bengaluru,MBA,Full-Time,Remote,2014-01-25,12.6,34500,Meets Expectations,3,Neutral,2,No,Rarely,8,1,1.1,18,Yes,21-25,<50K,10+ Years
EMP12165,Kiran,Joshi,Female,25,Customer Support,Support Analyst,Delhi NCR,Master's,Full-Time,Hybrid,2025-05-15,1.3,60000,Meets Expectations,4,Satisfied,1,No,None,8,3,6.4,1,No,21-25,50K-75K,1-3 Years
EMP12166,Neha,Gupta,Male,43,Customer Support,Customer Success Specialist,Hyderabad,Bachelor's,Full-Time,Hybrid,2015-06-21,11.2,59400,Meets Expectations,4,Satisfied,3,No,None,22,0,1.3,20,No,36-45,50K-75K,10+ Years
EMP12167,Isha,Sharma,Male,47,Finance,Finance Manager,Mumbai,Bachelor's,Full-Time,Hybrid,2012-03-02,14.5,55600,Needs Improvement,4,Satisfied,1,No,Rarely,39,0,9.4,3,No,46-55,50K-75K,10+ Years
EMP12168,Pooja,Singh,Female,24,Operations,Operations Manager,Pune,Bachelor's,Full-Time,Onsite,2011-10-08,14.9,47900,Needs Improvement,1,Very Dissatisfied,1,Yes,Frequently,27,0,5.2,22,Yes,21-25,<50K,10+ Years
EMP12169,Vihaan,Reddy,Male,58,Customer Support,Customer Success Specialist,Hyderabad,Bachelor's,Full-Time,Hybrid,2012-10-08,13.9,60600,Outstanding,2,Dissatisfied,5,No,Frequently,5,3,8.9,19,No,56+,50K-75K,10+ Years
EMP12170,Sneha,Verma,Female,24,Customer Support,Team Lead,Hyderabad,Bachelor's,Contract,Onsite,2013-07-27,13.1,38000,Exceeds Expectations,3,Neutral,2,No,None,26,2,1.7,11,No,21-25,<50K,10+ Years
EMP12171,Rohit,Rao,Female,48,Sales,Business Development Executive,Kolkata,Bachelor's,Full-Time,Remote,2022-05-15,4.3,71300,Needs Improvement,3,Neutral,1,Yes,Frequently,13,1,7.0,0,No,46-55,50K-75K,3-5 Years
EMP12172,Priya,Verma,Female,53,Operations,Process Associate,Ahmedabad,Bachelor's,Full-Time,Hybrid,2012-03-02,14.5,69800,Meets Expectations,2,Dissatisfied,2,No,Rarely,4,2,2.5,19,No,46-55,50K-75K,10+ Years
EMP12173,Kavya,Iyer,Male,41,Customer Support,Team Lead,Mumbai,Bachelor's,Contract,Onsite,2012-10-08,13.9,45900,Meets Expectations,5,Very Satisfied,2,Yes,Frequently,29,1,7.0,0,Yes,36-45,<50K,10+ Years
EMP12174,Meera,Kumar,Female,40,Operations,Operations Analyst,Mumbai,Bachelor's,Full-Time,Hybrid,2018-07-27,8.1,49100,Meets Expectations,2,Dissatisfied,5,No,None,11,2,5.2,10,No,36-45,<50K,5-10 Years
EMP12175,Sanjay,Joshi,Male,25,Technology,Software Engineer,Bengaluru,MBA,Full-Time,Hybrid,2020-06-20,6.2,84700,Outstanding,3,Neutral,4,No,None,31,2,7.8,17,No,21-25,75K-100K,5-10 Years
EMP12176,Rohit,Das,Male,30,Operations,Operations Analyst,Kolkata,Bachelor's,Full-Time,Onsite,2024-11-13,1.8,53700,Meets Expectations,4,Satisfied,3,No,None,22,3,1.3,4,No,26-35,50K-75K,1-3 Years
EMP12177,Arjun,Rao,Male,55,Sales,Sales Manager,Chennai,MBA,Full-Time,Onsite,2017-10-08,8.9,67400,Meets Expectations,2,Dissatisfied,3,No,Frequently,18,2,10.8,1,No,46-55,50K-75K,5-10 Years
EMP12178,Neha,Rao,Female,34,Human Resources,HR Manager,Delhi NCR,Master's,Full-Time,Hybrid,2016-01-26,10.6,79500,Meets Expectations,3,Neutral,4,No,None,8,0,5.9,19,No,26-35,75K-100K,10+ Years
EMP12179,Rohit,Singh,Female,22,Marketing,Digital Marketing Analyst,Kolkata,Bachelor's,Full-Time,Hybrid,2020-06-20,6.2,88500,Meets Expectations,4,Satisfied,1,Yes,None,11,1,8.1,19,No,21-25,75K-100K,5-10 Years
EMP12180,Kavya,Gupta,Non-Binary,50,Human Resources,HR Analyst,Chennai,Diploma,Full-Time,Onsite,2020-06-20,6.2,43500,Exceeds Expectations,2,Dissatisfied,3,No,Rarely,13,1,3.2,1,No,46-55,<50K,5-10 Years
EMP12181,Kiran,Das,Male,48,Marketing,Digital Marketing Analyst,Pune,Bachelor's,Full-Time,Hybrid,2017-12-20,8.7,81400,Needs Improvement,5,Very Satisfied,2,No,Frequently,28,3,8.7,2,No,46-55,75K-100K,5-10 Years
EMP12182,Isha,Sharma,Male,23,Technology,IT Support Specialist,Chennai,Bachelor's,Full-Time,Hybrid,2026-01-25,0.6,80600,Meets Expectations,3,Neutral,1,No,Rarely,17,1,11.3,13,No,21-25,75K-100K,<1 Year
EMP12183,Kavya,Iyer,Male,23,Marketing,Marketing Executive,Ahmedabad,Bachelor's,Full-Time,Remote,2012-04-08,14.4,87300,Exceeds Expectations,4,Satisfied,3,No,Rarely,1,1,11.5,0,No,21-25,75K-100K,10+ Years
EMP12184,Sanjay,Reddy,Female,25,Marketing,Digital Marketing Analyst,Delhi NCR,Bachelor's,Full-Time,Hybrid,2022-03-03,4.5,47500,Exceeds Expectations,4,Satisfied,4,Yes,None,0,0,9.6,21,No,21-25,<50K,3-5 Years
EMP12185,Divya,Reddy,Male,23,Marketing,Marketing Executive,Delhi NCR,Bachelor's,Full-Time,Onsite,2024-05-14,2.3,72300,Meets Expectations,5,Very Satisfied,4,No,Frequently,11,0,4.9,9,No,21-25,50K-75K,1-3 Years
EMP12186,Sanjay,Gupta,Male,45,Finance,Senior Accountant,Pune,Bachelor's,Full-Time,Hybrid,2026-05-15,0.3,80800,Meets Expectations,4,Satisfied,1,Yes,None,20,2,2.4,6,No,36-45,75K-100K,<1 Year
EMP12187,Ananya,Reddy,Male,26,Finance,Accountant,Pune,MBA,Contract,Hybrid,2013-10-08,12.9,67900,Meets Expectations,3,Neutral,2,No,None,13,3,3.3,5,No,26-35,50K-75K,10+ Years
EMP12188,Aarav,Nair,Female,45,Technology,Software Engineer,Mumbai,Master's,Contract,Hybrid,2013-09-01,13.0,126600,Meets Expectations,4,Satisfied,2,No,None,40,1,9.1,5,No,36-45,100K-150K,10+ Years
EMP12189,Sneha,Kumar,Male,28,Human Resources,HR Analyst,Hyderabad,Bachelor's,Full-Time,Onsite,2025-01-25,1.6,47400,Exceeds Expectations,3,Neutral,1,No,None,9,0,3.5,17,No,26-35,<50K,1-3 Years
EMP12190,Meera,Patel,Male,59,Marketing,Marketing Executive,Hyderabad,Bachelor's,Full-Time,Hybrid,2024-03-02,2.5,50600,Meets Expectations,5,Very Satisfied,3,No,Rarely,16,2,3.5,2,No,56+,50K-75K,1-3 Years
EMP12191,Priya,Gupta,Female,50,Finance,Accountant,Mumbai,Bachelor's,Full-Time,Remote,2019-11-14,6.8,86400,Meets Expectations,3,Neutral,3,No,Rarely,16,3,3.4,13,No,46-55,75K-100K,5-10 Years
EMP12192,Vikram,Iyer,Female,35,Finance,Senior Accountant,Kolkata,Bachelor's,Full-Time,Onsite,2023-10-08,2.9,78800,Needs Improvement,4,Satisfied,4,No,None,11,1,4.0,11,No,26-35,75K-100K,1-3 Years
EMP12193,Sneha,Kumar,Female,38,Finance,Finance Manager,Chennai,Bachelor's,Full-Time,Onsite,2015-07-27,11.1,64200,Meets Expectations,2,Dissatisfied,4,No,None,36,3,6.6,4,Yes,36-45,50K-75K,10+ Years
EMP12194,Priya,Joshi,Male,23,Technology,IT Support Specialist,Pune,Bachelor's,Contract,Hybrid,2025-07-27,1.1,79900,Meets Expectations,1,Very Dissatisfied,5,No,None,10,0,8.4,14,No,21-25,75K-100K,1-3 Years
EMP12195,Rahul,Gupta,Male,23,Marketing,Marketing Manager,Delhi NCR,Bachelor's,Full-Time,Remote,2018-05-15,8.3,51700,Meets Expectations,3,Neutral,3,No,None,0,3,4.8,8,No,21-25,50K-75K,5-10 Years
EMP12196,Arjun,Verma,Male,42,Operations,Process Associate,Bengaluru,MBA,Contract,Hybrid,2020-10-08,5.9,76500,Meets Expectations,5,Very Satisfied,2,Yes,Frequently,21,0,4.8,11,Yes,36-45,75K-100K,5-10 Years
EMP12197,Pooja,Joshi,Non-Binary,21,Finance,Accountant,Hyderabad,Bachelor's,Contract,Onsite,2019-07-27,7.1,82100,Outstanding,4,Satisfied,3,No,Rarely,26,0,10.0,4,No,21-25,75K-100K,5-10 Years
EMP12198,Sneha,Gupta,Male,46,Customer Support,Team Lead,Delhi NCR,Diploma,Full-Time,Remote,2020-03-02,6.5,41700,Needs Improvement,2,Dissatisfied,4,No,None,18,1,2.5,7,No,46-55,<50K,5-10 Years
EMP12199,Pooja,Das,Male,36,Human Resources,HR Executive,Chennai,Bachelor's,Contract,Hybrid,2024-03-02,2.5,61800,Meets Expectations,5,Very Satisfied,2,Yes,None,17,0,7.4,17,No,36-45,50K-75K,1-3 Years
EMP12200,Rohit,Gupta,Male,26,Technology,Data Analyst,Hyderabad,Bachelor's,Full-Time,Hybrid,2023-03-03,3.5,122100,Meets Expectations,4,Satisfied,3,No,Frequently,35,0,6.8,9,No,26-35,100K-150K,3-5 Years
EMP12201,Divya,Rao,Male,42,Finance,Finance Manager,Delhi NCR,Bachelor's,Full-Time,Onsite,2025-06-20,1.2,100600,Meets Expectations,3,Neutral,5,No,Frequently,15,1,5.6,13,No,36-45,100K-150K,1-3 Years
EMP12202,Priya,Patel,Male,43,Sales,Account Manager,Ahmedabad,Master's,Full-Time,Onsite,2024-10-08,1.9,42200,Meets Expectations,5,Very Satisfied,4,Yes,Frequently,26,2,10.8,19,No,36-45,<50K,1-3 Years
EMP12203,Pooja,Patel,Female,50,Sales,Account Manager,Pune,MBA,Full-Time,Hybrid,2011-12-20,14.7,69600,Exceeds Expectations,4,Satisfied,4,No,None,34,2,0.3,15,No,46-55,50K-75K,10+ Years
EMP12204,Neha,Sharma,Female,28,Finance,Financial Analyst,Delhi NCR,Bachelor's,Contract,Hybrid,2022-05-15,4.3,57700,Needs Improvement,2,Dissatisfied,5,No,None,16,2,9.7,21,No,26-35,50K-75K,3-5 Years
EMP12205,Meera,Patel,Male,42,Human Resources,HR Executive,Delhi NCR,Bachelor's,Full-Time,Hybrid,2021-12-20,4.7,52600,Outstanding,1,Very Dissatisfied,1,Yes,None,22,1,5.0,6,Yes,36-45,50K-75K,3-5 Years
EMP12206,Sneha,Das,Female,54,Operations,Operations Manager,Delhi NCR,Master's,Full-Time,Remote,2024-07-26,2.1,76400,Outstanding,2,Dissatisfied,3,No,Rarely,15,3,9.9,7,No,46-55,75K-100K,1-3 Years
EMP12207,Aisha,Patel,Male,31,Sales,Business Development Executive,Chennai,Bachelor's,Contract,Hybrid,2015-04-09,11.4,80900,Meets Expectations,1,Very Dissatisfied,2,No,None,25,3,5.5,5,No,26-35,75K-100K,10+ Years
EMP12208,Aarav,Rao,Male,54,Operations,Operations Executive,Hyderabad,Bachelor's,Full-Time,Hybrid,2012-10-08,13.9,41200,Outstanding,1,Very Dissatisfied,2,No,Rarely,22,0,2.3,14,Yes,46-55,<50K,10+ Years
EMP12209,Ananya,Singh,Male,49,Technology,Data Analyst,Bengaluru,Bachelor's,Full-Time,Hybrid,2014-10-08,11.9,119800,Needs Improvement,3,Neutral,4,Yes,None,34,0,6.9,17,No,46-55,100K-150K,10+ Years
EMP12210,Isha,Joshi,Male,38,Sales,Business Development Executive,Mumbai,Bachelor's,Full-Time,Hybrid,2017-05-15,9.3,73100,Meets Expectations,5,Very Satisfied,4,No,Rarely,10,3,11.7,18,No,36-45,50K-75K,5-10 Years
EMP12211,Isha,Verma,Male,56,Marketing,Content Specialist,Mumbai,Bachelor's,Full-Time,Onsite,2014-06-20,12.2,84000,Outstanding,4,Satisfied,3,No,None,6,0,1.5,7,No,56+,75K-100K,10+ Years
EMP12212,Priya,Singh,Female,59,Operations,Operations Executive,Hyderabad,Bachelor's,Full-Time,Hybrid,2020-06-20,6.2,73100,Outstanding,3,Neutral,3,No,Frequently,17,2,10.6,14,No,56+,50K-75K,5-10 Years
EMP12213,Meera,Iyer,Female,30,Marketing,Marketing Manager,Bengaluru,Master's,Full-Time,Onsite,2013-10-08,12.9,70000,Meets Expectations,2,Dissatisfied,3,No,None,25,2,7.6,5,No,26-35,50K-75K,10+ Years
EMP12214,Rahul,Sharma,Female,60,Sales,Sales Executive,Pune,MBA,Contract,Remote,2014-09-01,12.0,83300,Needs Improvement,4,Satisfied,5,Yes,Rarely,11,2,9.9,20,No,56+,75K-100K,10+ Years
EMP12215,Aisha,Reddy,Male,21,Sales,Sales Executive,Kolkata,Bachelor's,Full-Time,Hybrid,2026-06-20,0.2,48400,Needs Improvement,3,Neutral,1,Yes,None,40,1,9.9,1,No,21-25,<50K,<1 Year
EMP12216,Rohit,Reddy,Female,26,Finance,Financial Analyst,Delhi NCR,Bachelor's,Full-Time,Onsite,2019-04-09,7.4,78300,Meets Expectations,1,Very Dissatisfied,3,No,Rarely,21,3,1.6,15,No,26-35,75K-100K,5-10 Years
EMP12217,Kiran,Reddy,Female,22,Human Resources,Recruiter,Kolkata,Bachelor's,Full-Time,Onsite,2022-07-27,4.1,58100,Meets Expectations,3,Neutral,1,No,Rarely,33,0,4.9,6,No,21-25,50K-75K,3-5 Years
EMP12218,Isha,Reddy,Male,35,Customer Support,Support Executive,Bengaluru,MBA,Contract,Hybrid,2025-03-03,1.5,64100,Meets Expectations,1,Very Dissatisfied,5,No,None,22,2,7.0,5,No,26-35,50K-75K,1-3 Years
EMP12219,Isha,Nair,Female,58,Finance,Accountant,Kolkata,Master's,Full-Time,Hybrid,2013-12-20,12.7,53600,Outstanding,3,Neutral,2,Yes,None,16,2,9.8,0,Yes,56+,50K-75K,10+ Years
EMP12220,Meera,Nair,Female,45,Technology,Software Engineer,Delhi NCR,MBA,Full-Time,Hybrid,2026-05-15,0.3,88900,Exceeds Expectations,1,Very Dissatisfied,1,No,None,34,3,3.7,13,Yes,36-45,75K-100K,<1 Year
EMP12221,Nikhil,Sharma,Male,45,Customer Support,Customer Success Specialist,Hyderabad,Bachelor's,Full-Time,Onsite,2015-09-02,11.0,62200,Meets Expectations,2,Dissatisfied,5,No,None,6,0,11.6,5,No,36-45,50K-75K,10+ Years
EMP12222,Isha,Sharma,Female,24,Technology,BI Analyst,Mumbai,Master's,Full-Time,Remote,2011-11-14,14.8,80400,Meets Expectations,5,Very Satisfied,4,No,Rarely,10,1,0.7,12,No,21-25,75K-100K,10+ Years
EMP12223,Aisha,Joshi,Female,41,Sales,Account Manager,Pune,Diploma,Full-Time,Hybrid,2019-05-15,7.3,50300,Meets Expectations,1,Very Dissatisfied,5,No,None,31,3,6.9,6,No,36-45,50K-75K,5-10 Years
EMP12224,Pooja,Das,Male,36,Finance,Accountant,Ahmedabad,Bachelor's,Full-Time,Hybrid,2020-12-20,5.7,64100,Meets Expectations,1,Very Dissatisfied,2,No,None,37,3,7.9,7,No,36-45,50K-75K,5-10 Years
EMP12225,Rohit,Das,Non-Binary,40,Finance,Finance Manager,Chennai,MBA,Contract,Remote,2017-06-20,9.2,90500,Exceeds Expectations,2,Dissatisfied,2,No,None,11,0,7.0,4,No,36-45,75K-100K,5-10 Years
EMP12226,Sanjay,Nair,Male,31,Marketing,Marketing Manager,Chennai,Bachelor's,Full-Time,Hybrid,2014-07-27,12.1,58500,Outstanding,5,Very Satisfied,4,No,None,21,3,0.9,1,No,26-35,50K-75K,10+ Years
EMP12227,Neha,Rao,Female,29,Customer Support,Support Executive,Ahmedabad,MBA,Full-Time,Hybrid,2022-11-14,3.8,47800,Meets Expectations,5,Very Satisfied,5,No,None,19,2,5.6,20,No,26-35,<50K,3-5 Years
EMP12228,Nikhil,Patel,Female,59,Customer Support,Team Lead,Pune,Bachelor's,Full-Time,Remote,2022-10-08,3.9,53400,Outstanding,4,Satisfied,5,No,Rarely,29,0,2.5,19,No,56+,50K-75K,3-5 Years
EMP12229,Divya,Patel,Male,43,Finance,Senior Accountant,Mumbai,Bachelor's,Full-Time,Remote,2017-06-20,9.2,103800,Needs Improvement,4,Satisfied,2,No,None,20,0,6.6,15,No,36-45,100K-150K,5-10 Years
EMP12230,Isha,Verma,Male,37,Customer Support,Support Analyst,Kolkata,Bachelor's,Full-Time,Hybrid,2012-07-26,14.1,63000,Meets Expectations,5,Very Satisfied,4,No,Frequently,25,1,4.5,18,No,36-45,50K-75K,10+ Years
EMP12231,Aarav,Sharma,Female,23,Marketing,Marketing Manager,Mumbai,Bachelor's,Full-Time,Hybrid,2022-01-25,4.6,53200,Meets Expectations,2,Dissatisfied,5,No,Rarely,27,2,9.9,20,No,21-25,50K-75K,3-5 Years
EMP12232,Vikram,Iyer,Male,51,Sales,Sales Manager,Chennai,Bachelor's,Full-Time,Onsite,2020-11-13,5.8,80300,Meets Expectations,3,Neutral,4,No,None,33,3,1.0,0,No,46-55,75K-100K,5-10 Years
EMP12233,Ananya,Iyer,Male,39,Customer Support,Customer Success Specialist,Pune,Bachelor's,Full-Time,Remote,2011-10-08,14.9,64900,Outstanding,1,Very Dissatisfied,4,Yes,Frequently,5,1,5.2,8,No,36-45,50K-75K,10+ Years
EMP12234,Neha,Sharma,Female,36,Sales,Account Manager,Pune,Bachelor's,Full-Time,Remote,2023-11-14,2.8,73900,Meets Expectations,3,Neutral,1,No,Rarely,27,1,10.3,16,No,36-45,50K-75K,1-3 Years
EMP12235,Ananya,Verma,Non-Binary,47,Marketing,Digital Marketing Analyst,Kolkata,Bachelor's,Full-Time,Hybrid,2025-05-15,1.3,70500,Needs Improvement,5,Very Satisfied,4,No,Rarely,7,2,7.9,1,No,46-55,50K-75K,1-3 Years
EMP12236,Sneha,Singh,Male,26,Operations,Operations Executive,Chennai,Bachelor's,Contract,Hybrid,2017-10-08,8.9,40600,Outstanding,1,Very Dissatisfied,1,Yes,None,0,2,2.3,15,No,26-35,<50K,5-10 Years
EMP12237,Priya,Singh,Male,42,Technology,IT Support Specialist,Pune,Master's,Full-Time,Hybrid,2026-01-25,0.6,108400,Meets Expectations,4,Satisfied,3,No,Rarely,29,2,9.7,14,No,36-45,100K-150K,<1 Year
EMP12238,Arjun,Singh,Female,55,Technology,Data Analyst,Chennai,Bachelor's,Full-Time,Hybrid,2023-10-08,2.9,94900,Outstanding,3,Neutral,3,No,None,16,0,4.2,8,No,46-55,75K-100K,1-3 Years
EMP12239,Vikram,Verma,Female,39,Human Resources,HR Analyst,Hyderabad,Bachelor's,Contract,Onsite,2017-04-08,9.4,57600,Needs Improvement,5,Very Satisfied,1,No,None,29,1,6.4,19,No,36-45,50K-75K,5-10 Years
EMP12240,Rohit,Iyer,Male,21,Customer Support,Team Lead,Bengaluru,Master's,Full-Time,Hybrid,2016-09-01,10.0,32600,Meets Expectations,3,Neutral,3,No,None,38,1,7.1,18,No,21-25,<50K,5-10 Years
EMP12241,Vikram,Nair,Female,30,Technology,BI Analyst,Ahmedabad,Bachelor's,Full-Time,Hybrid,2018-11-14,7.8,74700,Outstanding,3,Neutral,2,No,None,5,3,1.6,15,No,26-35,50K-75K,5-10 Years
EMP12242,Rahul,Iyer,Male,23,Marketing,Marketing Manager,Kolkata,Bachelor's,Full-Time,Hybrid,2020-10-08,5.9,75100,Meets Expectations,1,Very Dissatisfied,1,No,Rarely,18,2,8.0,19,Yes,21-25,75K-100K,5-10 Years
EMP12243,Divya,Patel,Male,41,Human Resources,HR Executive,Ahmedabad,Master's,Full-Time,Remote,2017-12-20,8.7,47700,Meets Expectations,3,Neutral,4,No,None,4,2,8.3,2,No,36-45,<50K,5-10 Years
EMP12244,Aditya,Joshi,Male,35,Sales,Account Manager,Kolkata,Master's,Full-Time,Onsite,2016-12-20,9.7,69700,Meets Expectations,5,Very Satisfied,4,No,None,33,1,7.7,19,No,26-35,50K-75K,5-10 Years
EMP12245,Rohit,Singh,Female,26,Marketing,Marketing Manager,Hyderabad,Bachelor's,Contract,Remote,2014-07-27,12.1,86300,Needs Improvement,1,Very Dissatisfied,5,No,Frequently,40,3,8.2,13,Yes,26-35,75K-100K,10+ Years
EMP12246,Nikhil,Singh,Male,48,Operations,Operations Analyst,Chennai,Bachelor's,Full-Time,Hybrid,2014-10-08,11.9,51800,Needs Improvement,1,Very Dissatisfied,4,No,None,35,2,3.0,1,Yes,46-55,50K-75K,10+ Years
EMP12247,Sneha,Sharma,Female,28,Marketing,Marketing Executive,Bengaluru,Bachelor's,Full-Time,Remote,2016-09-01,10.0,47800,Meets Expectations,5,Very Satisfied,1,No,None,40,2,2.9,12,No,26-35,<50K,5-10 Years
EMP12248,Arjun,Joshi,Male,34,Technology,IT Support Specialist,Hyderabad,Master's,Full-Time,Onsite,2013-04-08,13.4,68300,Meets Expectations,2,Dissatisfied,1,No,None,13,2,3.1,8,No,26-35,50K-75K,10+ Years
EMP12249,Neha,Reddy,Male,60,Technology,Data Analyst,Bengaluru,Master's,Full-Time,Onsite,2014-01-25,12.6,83600,Exceeds Expectations,4,Satisfied,5,No,Frequently,11,1,3.3,13,No,56+,75K-100K,10+ Years
EMP12250,Vihaan,Rao,Female,23,Finance,Finance Manager,Hyderabad,Bachelor's,Contract,Hybrid,2024-06-20,2.2,96300,Meets Expectations,4,Satisfied,1,No,Rarely,35,3,4.5,0,No,21-25,75K-100K,1-3 Years
EMP12251,Vihaan,Iyer,Female,30,Human Resources,HR Analyst,Ahmedabad,Master's,Full-Time,Hybrid,2012-04-08,14.4,74000,Meets Expectations,3,Neutral,2,No,Rarely,26,1,3.2,0,No,26-35,50K-75K,10+ Years
EMP12252,Rahul,Gupta,Female,33,Human Resources,Recruiter,Mumbai,MBA,Full-Time,Hybrid,2013-04-08,13.4,85700,Needs Improvement,3,Neutral,2,Yes,Frequently,15,0,11.6,16,Yes,26-35,75K-100K,10+ Years
EMP12253,Rahul,Reddy,Female,41,Technology,IT Support Specialist,Ahmedabad,Bachelor's,Full-Time,Hybrid,2021-10-08,4.9,128300,Exceeds Expectations,4,Satisfied,1,No,Rarely,8,0,1.2,18,No,36-45,100K-150K,3-5 Years
EMP12254,Sneha,Iyer,Female,30,Human Resources,HR Manager,Pune,Bachelor's,Full-Time,Hybrid,2026-03-03,0.5,52200,Exceeds Expectations,2,Dissatisfied,4,Yes,Frequently,1,2,10.2,9,Yes,26-35,50K-75K,<1 Year
EMP12255,Isha,Gupta,Male,59,Finance,Financial Analyst,Mumbai,Bachelor's,Contract,Remote,2017-07-27,9.1,89400,Exceeds Expectations,1,Very Dissatisfied,4,No,Rarely,1,3,4.4,8,No,56+,75K-100K,5-10 Years
EMP12256,Isha,Kumar,Female,21,Marketing,Marketing Manager,Pune,Bachelor's,Contract,Onsite,2019-12-20,6.7,67900,Outstanding,5,Very Satisfied,5,Yes,Frequently,28,1,7.4,17,No,21-25,50K-75K,5-10 Years
EMP12257,Arjun,Patel,Male,58,Operations,Process Associate,Mumbai,MBA,Full-Time,Onsite,2015-05-15,11.3,59700,Meets Expectations,1,Very Dissatisfied,3,No,Rarely,10,2,3.9,7,Yes,56+,50K-75K,10+ Years
EMP12258,Sanjay,Joshi,Female,42,Marketing,Marketing Manager,Mumbai,Bachelor's,Full-Time,Hybrid,2018-09-01,8.0,60500,Meets Expectations,1,Very Dissatisfied,3,No,None,33,3,10.8,18,No,36-45,50K-75K,5-10 Years
EMP12259,Arjun,Gupta,Male,22,Sales,Sales Executive,Hyderabad,Bachelor's,Full-Time,Hybrid,2025-05-15,1.3,55000,Exceeds Expectations,4,Satisfied,2,Yes,None,34,0,1.0,13,No,21-25,50K-75K,1-3 Years
EMP12260,Sneha,Singh,Female,25,Customer Support,Support Executive,Delhi NCR,MBA,Full-Time,Hybrid,2022-11-14,3.8,58400,Exceeds Expectations,3,Neutral,1,Yes,None,18,3,3.3,1,Yes,21-25,50K-75K,3-5 Years
EMP12261,Kiran,Patel,Male,25,Sales,Sales Executive,Bengaluru,Bachelor's,Full-Time,Hybrid,2013-05-15,13.3,68100,Needs Improvement,2,Dissatisfied,5,Yes,None,12,2,11.5,15,No,21-25,50K-75K,10+ Years
EMP12262,Kavya,Joshi,Male,32,Customer Support,Support Executive,Bengaluru,Bachelor's,Full-Time,Onsite,2025-11-13,0.8,44600,Meets Expectations,1,Very Dissatisfied,5,No,Frequently,7,1,4.4,21,No,26-35,<50K,<1 Year
EMP12263,Aisha,Singh,Male,34,Sales,Business Development Executive,Ahmedabad,Master's,Full-Time,Hybrid,2015-07-27,11.1,44500,Needs Improvement,2,Dissatisfied,5,No,Rarely,10,0,3.2,17,No,26-35,<50K,10+ Years
EMP12264,Kavya,Verma,Male,46,Human Resources,HR Manager,Delhi NCR,MBA,Full-Time,Onsite,2022-03-03,4.5,71100,Meets Expectations,1,Very Dissatisfied,1,No,Rarely,25,3,3.7,11,No,46-55,50K-75K,3-5 Years
EMP12265,Aarav,Sharma,Female,33,Sales,Sales Manager,Hyderabad,Diploma,Full-Time,Onsite,2019-10-08,6.9,73600,Meets Expectations,3,Neutral,3,No,Rarely,30,2,1.6,14,No,26-35,50K-75K,5-10 Years
EMP12266,Divya,Kumar,Female,50,Sales,Sales Manager,Hyderabad,Bachelor's,Full-Time,Onsite,2018-07-27,8.1,65100,Meets Expectations,3,Neutral,4,No,Frequently,30,2,4.2,22,No,46-55,50K-75K,5-10 Years
EMP12267,Sanjay,Das,Male,32,Marketing,Content Specialist,Hyderabad,Diploma,Contract,Onsite,2022-10-08,3.9,43700,Meets Expectations,5,Very Satisfied,5,No,Rarely,39,2,4.0,12,No,26-35,<50K,3-5 Years
EMP12268,Sneha,Das,Male,31,Operations,Operations Analyst,Mumbai,Bachelor's,Full-Time,Hybrid,2016-11-13,9.8,50200,Meets Expectations,5,Very Satisfied,3,No,None,26,1,3.5,3,No,26-35,50K-75K,5-10 Years
EMP12269,Kavya,Iyer,Female,32,Sales,Account Manager,Delhi NCR,Bachelor's,Full-Time,Remote,2016-03-02,10.5,75400,Meets Expectations,3,Neutral,1,Yes,None,20,0,1.2,3,No,26-35,75K-100K,10+ Years
EMP12270,Ananya,Reddy,Male,34,Customer Support,Support Analyst,Delhi NCR,Bachelor's,Contract,Onsite,2025-03-03,1.5,61000,Needs Improvement,3,Neutral,5,No,None,14,0,7.2,8,No,26-35,50K-75K,1-3 Years
EMP12271,Divya,Verma,Female,54,Finance,Accountant,Hyderabad,Bachelor's,Full-Time,Hybrid,2020-12-20,5.7,49400,Meets Expectations,4,Satisfied,1,No,None,13,2,8.3,19,No,46-55,<50K,5-10 Years
EMP12272,Pooja,Reddy,Female,30,Finance,Financial Analyst,Pune,Bachelor's,Full-Time,Hybrid,2015-06-21,11.2,76300,Meets Expectations,2,Dissatisfied,4,No,None,15,0,8.5,10,No,26-35,75K-100K,10+ Years
EMP12273,Kavya,Nair,Female,31,Finance,Finance Manager,Bengaluru,Bachelor's,Full-Time,Onsite,2015-10-08,10.9,74300,Meets Expectations,4,Satisfied,2,No,None,36,0,2.1,16,No,26-35,50K-75K,10+ Years
EMP12274,Sneha,Reddy,Female,59,Human Resources,HR Manager,Kolkata,Bachelor's,Contract,Onsite,2018-05-15,8.3,74900,Meets Expectations,1,Very Dissatisfied,1,No,None,22,2,7.8,21,No,56+,50K-75K,5-10 Years
EMP12275,Rohit,Reddy,Male,47,Technology,Software Engineer,Bengaluru,Bachelor's,Full-Time,Hybrid,2014-12-20,11.7,67300,Needs Improvement,5,Very Satisfied,3,Yes,None,9,1,10.7,15,No,46-55,50K-75K,10+ Years
EMP12276,Sanjay,Joshi,Female,28,Finance,Financial Analyst,Kolkata,Diploma,Full-Time,Onsite,2024-11-13,1.8,85100,Needs Improvement,5,Very Satisfied,2,No,Frequently,7,1,11.7,2,Yes,26-35,75K-100K,1-3 Years
EMP12277,Aarav,Reddy,Female,55,Technology,Data Analyst,Bengaluru,MBA,Full-Time,Remote,2024-10-08,1.9,125000,Meets Expectations,5,Very Satisfied,3,No,None,1,0,10.7,21,No,46-55,100K-150K,1-3 Years
EMP12278,Neha,Joshi,Female,28,Sales,Business Development Executive,Ahmedabad,Bachelor's,Full-Time,Hybrid,2016-10-08,9.9,56400,Needs Improvement,2,Dissatisfied,1,No,Frequently,34,0,1.8,12,No,26-35,50K-75K,5-10 Years
EMP12279,Aditya,Nair,Female,27,Finance,Finance Manager,Pune,MBA,Full-Time,Hybrid,2016-03-02,10.5,68500,Meets Expectations,4,Satisfied,4,No,None,9,2,11.5,10,Yes,26-35,50K-75K,10+ Years
EMP12280,Rahul,Verma,Female,38,Marketing,Marketing Manager,Pune,Bachelor's,Full-Time,Hybrid,2014-05-15,12.3,45000,Meets Expectations,3,Neutral,2,No,Frequently,4,3,4.0,3,No,36-45,<50K,10+ Years
EMP12281,Priya,Reddy,Male,48,Operations,Operations Manager,Mumbai,Bachelor's,Full-Time,Onsite,2023-10-08,2.9,40100,Meets Expectations,5,Very Satisfied,1,No,Rarely,11,0,0.6,10,No,46-55,<50K,1-3 Years
EMP12282,Kavya,Patel,Female,28,Finance,Accountant,Ahmedabad,Master's,Full-Time,Hybrid,2018-11-14,7.8,103200,Needs Improvement,1,Very Dissatisfied,2,No,Frequently,19,2,4.5,5,No,26-35,100K-150K,5-10 Years
EMP12283,Aarav,Kumar,Female,51,Finance,Finance Manager,Chennai,Bachelor's,Full-Time,Onsite,2016-09-01,10.0,105800,Meets Expectations,2,Dissatisfied,1,No,None,39,0,3.8,8,No,46-55,100K-150K,5-10 Years
EMP12284,Aisha,Singh,Female,27,Operations,Operations Executive,Chennai,Master's,Full-Time,Hybrid,2023-03-03,3.5,37800,Meets Expectations,1,Very Dissatisfied,3,No,Rarely,35,3,8.2,13,Yes,26-35,<50K,3-5 Years
EMP12285,Aditya,Kumar,Male,52,Marketing,Marketing Executive,Chennai,Master's,Full-Time,Hybrid,2018-10-08,7.9,90500,Outstanding,5,Very Satisfied,3,No,None,7,2,11.8,3,No,46-55,75K-100K,5-10 Years
EMP12286,Sneha,Kumar,Male,24,Operations,Process Associate,Pune,Master's,Contract,Onsite,2017-01-25,9.6,45300,Outstanding,1,Very Dissatisfied,4,No,None,21,1,8.8,6,No,21-25,<50K,5-10 Years
EMP12287,Aisha,Patel,Female,39,Customer Support,Support Analyst,Ahmedabad,Diploma,Full-Time,Hybrid,2023-04-09,3.4,54000,Needs Improvement,1,Very Dissatisfied,5,No,Rarely,33,0,8.2,12,No,36-45,50K-75K,3-5 Years
EMP12288,Arjun,Sharma,Female,46,Operations,Operations Executive,Mumbai,Diploma,Contract,Onsite,2020-11-13,5.8,68000,Meets Expectations,1,Very Dissatisfied,1,No,None,31,0,2.2,6,No,46-55,50K-75K,5-10 Years
EMP12289,Vikram,Joshi,Male,31,Customer Support,Customer Success Specialist,Ahmedabad,Bachelor's,Full-Time,Onsite,2023-04-09,3.4,46100,Meets Expectations,5,Very Satisfied,1,Yes,None,19,3,8.7,11,No,26-35,<50K,3-5 Years
EMP12290,Ananya,Joshi,Male,45,Finance,Financial Analyst,Ahmedabad,Bachelor's,Full-Time,Remote,2013-01-25,13.6,79700,Meets Expectations,3,Neutral,3,No,Frequently,9,3,3.4,15,No,36-45,75K-100K,10+ Years
EMP12291,Priya,Patel,Male,48,Finance,Finance Manager,Chennai,Bachelor's,Contract,Onsite,2022-12-20,3.7,85500,Exceeds Expectations,1,Very Dissatisfied,1,No,None,32,2,3.5,6,Yes,46-55,75K-100K,3-5 Years
EMP12292,Isha,Kumar,Male,47,Finance,Senior Accountant,Ahmedabad,Master's,Contract,Onsite,2024-09-01,2.0,60100,Exceeds Expectations,2,Dissatisfied,5,No,Rarely,18,3,5.3,18,No,46-55,50K-75K,1-3 Years
EMP12293,Divya,Joshi,Male,36,Technology,Data Analyst,Bengaluru,Bachelor's,Contract,Onsite,2025-12-20,0.7,128300,Needs Improvement,3,Neutral,5,No,None,9,0,10.7,6,No,36-45,100K-150K,<1 Year
EMP12294,Nikhil,Sharma,Female,51,Operations,Operations Analyst,Bengaluru,Bachelor's,Full-Time,Hybrid,2025-10-08,0.9,46700,Exceeds Expectations,5,Very Satisfied,3,No,None,29,0,2.8,0,No,46-55,<50K,<1 Year
EMP12295,Priya,Das,Male,50,Operations,Operations Executive,Chennai,Bachelor's,Contract,Hybrid,2023-09-02,3.0,38000,Meets Expectations,2,Dissatisfied,5,No,None,36,0,10.7,20,No,46-55,<50K,1-3 Years
EMP12296,Meera,Reddy,Male,34,Operations,Operations Analyst,Bengaluru,Bachelor's,Full-Time,Remote,2017-06-20,9.2,80000,Meets Expectations,1,Very Dissatisfied,3,No,None,36,1,6.1,5,No,26-35,75K-100K,5-10 Years
EMP12297,Sneha,Sharma,Female,50,Technology,Data Analyst,Hyderabad,Diploma,Full-Time,Hybrid,2026-03-03,0.5,88600,Meets Expectations,4,Satisfied,3,No,Frequently,38,2,1.0,9,No,46-55,75K-100K,<1 Year
EMP12298,Aarav,Iyer,Female,57,Human Resources,HR Executive,Chennai,Bachelor's,Contract,Hybrid,2022-04-08,4.4,62100,Needs Improvement,3,Neutral,4,No,Frequently,26,1,8.1,12,Yes,56+,50K-75K,3-5 Years
EMP12299,Rohit,Verma,Female,53,Technology,Data Analyst,Hyderabad,Bachelor's,Full-Time,Remote,2025-07-27,1.1,77900,Meets Expectations,1,Very Dissatisfied,3,No,None,31,0,8.1,17,No,46-55,75K-100K,1-3 Years
EMP12300,Kavya,Singh,Male,50,Customer Support,Team Lead,Ahmedabad,MBA,Full-Time,Hybrid,2020-06-20,6.2,33200,Needs Improvement,3,Neutral,4,Yes,None,9,2,11.6,20,No,46-55,<50K,5-10 Years
EMP12301,Divya,Sharma,Male,51,Technology,IT Support Specialist,Mumbai,Bachelor's,Full-Time,Remote,2025-10-08,0.9,77100,Meets Expectations,3,Neutral,2,No,Frequently,13,0,4.0,9,No,46-55,75K-100K,<1 Year
EMP12302,Rahul,Gupta,Male,53,Technology,Data Analyst,Ahmedabad,Bachelor's,Full-Time,Onsite,2017-06-20,9.2,86100,Meets Expectations,2,Dissatisfied,3,No,None,5,0,1.4,8,No,46-55,75K-100K,5-10 Years
EMP12303,Rahul,Verma,Female,32,Human Resources,HR Manager,Delhi NCR,Diploma,Full-Time,Hybrid,2016-04-08,10.4,68200,Meets Expectations,2,Dissatisfied,5,No,None,3,0,5.4,4,Yes,26-35,50K-75K,10+ Years
EMP12304,Sneha,Sharma,Non-Binary,49,Customer Support,Support Executive,Pune,Bachelor's,Full-Time,Onsite,2015-09-02,11.0,50000,Meets Expectations,1,Very Dissatisfied,5,No,None,34,0,3.5,6,Yes,46-55,<50K,10+ Years
EMP12305,Aditya,Nair,Female,28,Customer Support,Team Lead,Delhi NCR,Master's,Full-Time,Hybrid,2023-03-03,3.5,66300,Outstanding,5,Very Satisfied,1,No,Rarely,18,0,6.7,12,No,26-35,50K-75K,3-5 Years
EMP12306,Meera,Verma,Female,35,Sales,Account Manager,Hyderabad,Bachelor's,Full-Time,Remote,2013-07-27,13.1,81700,Needs Improvement,1,Very Dissatisfied,1,No,None,22,3,6.9,2,No,26-35,75K-100K,10+ Years
EMP12307,Meera,Joshi,Female,58,Finance,Finance Manager,Mumbai,MBA,Contract,Hybrid,2016-04-08,10.4,67300,Meets Expectations,3,Neutral,3,No,None,3,0,4.2,19,No,56+,50K-75K,10+ Years
EMP12308,Priya,Nair,Male,32,Technology,Software Engineer,Delhi NCR,Master's,Full-Time,Hybrid,2025-09-01,1.0,125900,Outstanding,1,Very Dissatisfied,1,No,Frequently,7,0,11.4,4,No,26-35,100K-150K,<1 Year
EMP12309,Rohit,Gupta,Male,54,Finance,Senior Accountant,Chennai,Diploma,Full-Time,Onsite,2019-12-20,6.7,99300,Needs Improvement,5,Very Satisfied,4,No,Frequently,3,3,2.2,13,No,46-55,75K-100K,5-10 Years
EMP12310,Nikhil,Sharma,Male,37,Human Resources,HR Analyst,Bengaluru,Master's,Full-Time,Hybrid,2015-01-26,11.6,88800,Meets Expectations,2,Dissatisfied,3,No,Rarely,19,2,2.8,11,No,36-45,75K-100K,10+ Years
EMP12311,Priya,Kumar,Female,29,Technology,IT Support Specialist,Ahmedabad,Bachelor's,Full-Time,Remote,2021-11-13,4.8,108100,Outstanding,5,Very Satisfied,5,No,Rarely,23,3,4.7,4,No,26-35,100K-150K,3-5 Years
EMP12312,Pooja,Patel,Male,24,Sales,Sales Executive,Bengaluru,Bachelor's,Contract,Onsite,2020-11-13,5.8,48300,Needs Improvement,1,Very Dissatisfied,1,No,Frequently,5,1,6.6,6,No,21-25,<50K,5-10 Years
EMP12313,Neha,Iyer,Female,42,Human Resources,Recruiter,Pune,Bachelor's,Full-Time,Onsite,2017-03-03,9.5,51800,Needs Improvement,2,Dissatisfied,1,Yes,Rarely,29,3,6.5,11,No,36-45,50K-75K,5-10 Years
EMP12314,Sanjay,Patel,Male,39,Sales,Sales Executive,Delhi NCR,Master's,Full-Time,Hybrid,2025-09-01,1.0,81500,Meets Expectations,2,Dissatisfied,2,Yes,Rarely,4,1,8.5,13,Yes,36-45,75K-100K,<1 Year
EMP12315,Sneha,Verma,Female,41,Technology,IT Support Specialist,Pune,Master's,Full-Time,Hybrid,2012-03-02,14.5,94100,Meets Expectations,1,Very Dissatisfied,1,Yes,None,34,2,1.2,4,No,36-45,75K-100K,10+ Years
EMP12316,Priya,Joshi,Male,22,Sales,Account Manager,Bengaluru,Bachelor's,Contract,Hybrid,2023-11-14,2.8,80700,Needs Improvement,3,Neutral,1,No,None,37,0,11.3,6,Yes,21-25,75K-100K,1-3 Years
EMP12317,Aditya,Sharma,Male,31,Sales,Sales Manager,Bengaluru,Diploma,Full-Time,Onsite,2026-01-25,0.6,72700,Needs Improvement,3,Neutral,4,No,Frequently,26,0,0.9,11,Yes,26-35,50K-75K,<1 Year
EMP12318,Rohit,Gupta,Male,21,Human Resources,HR Manager,Kolkata,Bachelor's,Full-Time,Hybrid,2026-05-15,0.3,52700,Needs Improvement,3,Neutral,4,Yes,Rarely,22,0,7.7,5,Yes,21-25,50K-75K,<1 Year
EMP12319,Rahul,Joshi,Male,33,Operations,Operations Manager,Hyderabad,Bachelor's,Full-Time,Hybrid,2020-07-26,6.1,54800,Needs Improvement,3,Neutral,4,No,None,30,2,6.4,3,No,26-35,50K-75K,5-10 Years
EMP12320,Ananya,Joshi,Male,58,Operations,Operations Executive,Ahmedabad,Master's,Contract,Hybrid,2013-05-15,13.3,81100,Outstanding,1,Very Dissatisfied,3,No,Rarely,10,2,3.1,14,No,56+,75K-100K,10+ Years
EMP12321,Divya,Verma,Male,27,Sales,Sales Executive,Bengaluru,Master's,Full-Time,Onsite,2014-05-15,12.3,39900,Meets Expectations,2,Dissatisfied,2,Yes,Frequently,37,2,4.7,4,Yes,26-35,<50K,10+ Years
EMP12322,Neha,Singh,Male,48,Sales,Sales Executive,Bengaluru,Bachelor's,Contract,Onsite,2012-12-20,13.7,72400,Meets Expectations,3,Neutral,5,No,None,36,1,6.0,16,No,46-55,50K-75K,10+ Years
EMP12323,Kavya,Kumar,Male,21,Finance,Senior Accountant,Ahmedabad,Diploma,Full-Time,Hybrid,2018-07-27,8.1,106000,Meets Expectations,4,Satisfied,5,Yes,Rarely,28,1,0.8,3,Yes,21-25,100K-150K,5-10 Years
EMP12324,Ananya,Gupta,Female,43,Marketing,Content Specialist,Mumbai,Bachelor's,Contract,Hybrid,2019-11-14,6.8,48900,Exceeds Expectations,2,Dissatisfied,2,Yes,None,40,1,4.5,21,Yes,36-45,<50K,5-10 Years
EMP12325,Vikram,Joshi,Male,57,Operations,Operations Analyst,Delhi NCR,Bachelor's,Full-Time,Onsite,2020-10-08,5.9,49700,Meets Expectations,3,Neutral,5,Yes,Rarely,12,1,5.1,12,No,56+,<50K,5-10 Years
EMP12326,Rahul,Verma,Male,34,Operations,Process Associate,Delhi NCR,Master's,Contract,Remote,2025-10-08,0.9,62100,Meets Expectations,5,Very Satisfied,4,No,Frequently,36,0,6.0,13,No,26-35,50K-75K,<1 Year
EMP12327,Meera,Gupta,Male,28,Finance,Financial Analyst,Pune,Bachelor's,Full-Time,Remote,2012-12-20,13.7,98100,Exceeds Expectations,4,Satisfied,2,No,Frequently,1,1,5.9,9,No,26-35,75K-100K,10+ Years
EMP12328,Aarav,Patel,Male,43,Technology,BI Analyst,Mumbai,Bachelor's,Full-Time,Onsite,2019-03-03,7.5,94100,Meets Expectations,1,Very Dissatisfied,2,No,Frequently,30,3,11.7,21,No,36-45,75K-100K,5-10 Years
EMP12329,Meera,Nair,Female,32,Sales,Account Manager,Chennai,Bachelor's,Contract,Hybrid,2019-10-08,6.9,41800,Meets Expectations,2,Dissatisfied,3,No,Rarely,11,3,10.6,1,Yes,26-35,<50K,5-10 Years
EMP12330,Rahul,Rao,Female,56,Technology,Software Engineer,Ahmedabad,Bachelor's,Full-Time,Hybrid,2018-11-14,7.8,67400,Meets Expectations,1,Very Dissatisfied,1,No,None,39,2,8.5,4,No,56+,50K-75K,5-10 Years
EMP12331,Isha,Singh,Male,54,Sales,Account Manager,Kolkata,Bachelor's,Full-Time,Hybrid,2014-09-01,12.0,56600,Meets Expectations,5,Very Satisfied,2,No,Rarely,23,1,11.7,16,No,46-55,50K-75K,10+ Years
EMP12332,Pooja,Kumar,Female,47,Customer Support,Customer Success Specialist,Hyderabad,MBA,Full-Time,Hybrid,2023-03-03,3.5,44700,Meets Expectations,5,Very Satisfied,4,No,None,8,1,4.1,12,No,46-55,<50K,3-5 Years
EMP12333,Meera,Gupta,Female,46,Technology,Data Analyst,Delhi NCR,Master's,Contract,Hybrid,2015-12-20,10.7,73900,Needs Improvement,3,Neutral,3,No,Rarely,12,2,3.8,12,No,46-55,50K-75K,10+ Years
EMP12334,Divya,Sharma,Female,45,Operations,Operations Executive,Ahmedabad,Bachelor's,Full-Time,Hybrid,2015-12-20,10.7,75300,Meets Expectations,2,Dissatisfied,1,Yes,None,35,3,5.7,10,No,36-45,75K-100K,10+ Years
EMP12335,Ananya,Iyer,Female,50,Human Resources,HR Analyst,Chennai,MBA,Contract,Onsite,2013-11-13,12.8,43400,Meets Expectations,4,Satisfied,1,Yes,None,32,1,8.2,11,No,46-55,<50K,10+ Years
EMP12336,Priya,Iyer,Male,39,Human Resources,HR Executive,Mumbai,MBA,Full-Time,Hybrid,2026-05-15,0.3,83800,Meets Expectations,1,Very Dissatisfied,4,No,None,14,0,8.5,15,No,36-45,75K-100K,<1 Year
EMP12337,Aarav,Iyer,Male,59,Human Resources,HR Manager,Kolkata,Bachelor's,Full-Time,Hybrid,2023-12-20,2.7,88500,Exceeds Expectations,4,Satisfied,5,No,None,10,2,7.9,11,No,56+,75K-100K,1-3 Years
EMP12338,Isha,Iyer,Male,34,Operations,Operations Analyst,Bengaluru,Bachelor's,Full-Time,Onsite,2019-06-21,7.2,65900,Needs Improvement,5,Very Satisfied,4,No,None,1,1,2.5,5,No,26-35,50K-75K,5-10 Years
EMP12339,Priya,Joshi,Female,21,Sales,Sales Executive,Pune,Bachelor's,Full-Time,Hybrid,2013-11-13,12.8,68300,Outstanding,1,Very Dissatisfied,1,No,None,5,3,2.8,19,No,21-25,50K-75K,10+ Years
EMP12340,Aarav,Das,Male,48,Sales,Sales Manager,Delhi NCR,Master's,Full-Time,Onsite,2012-03-02,14.5,46000,Meets Expectations,3,Neutral,4,No,None,1,2,3.9,2,No,46-55,<50K,10+ Years
EMP12341,Rohit,Rao,Female,47,Finance,Senior Accountant,Ahmedabad,Bachelor's,Full-Time,Hybrid,2017-09-01,9.0,82000,Meets Expectations,1,Very Dissatisfied,2,No,None,13,0,5.3,21,No,46-55,75K-100K,5-10 Years
EMP12342,Pooja,Kumar,Male,60,Finance,Accountant,Delhi NCR,Master's,Full-Time,Onsite,2023-05-15,3.3,70700,Needs Improvement,4,Satisfied,3,Yes,Frequently,7,1,4.5,10,No,56+,50K-75K,3-5 Years
EMP12343,Vikram,Sharma,Female,36,Human Resources,HR Manager,Kolkata,Bachelor's,Full-Time,Hybrid,2023-10-08,2.9,53500,Needs Improvement,4,Satisfied,3,No,None,0,1,8.1,10,No,36-45,50K-75K,1-3 Years
EMP12344,Kiran,Sharma,Male,37,Operations,Operations Manager,Hyderabad,Master's,Full-Time,Hybrid,2016-12-20,9.7,63700,Meets Expectations,1,Very Dissatisfied,5,Yes,Frequently,31,1,8.1,15,No,36-45,50K-75K,5-10 Years
EMP12345,Kiran,Nair,Female,43,Marketing,Marketing Manager,Hyderabad,Bachelor's,Full-Time,Hybrid,2023-05-15,3.3,43600,Meets Expectations,5,Very Satisfied,5,Yes,None,36,1,4.0,19,No,36-45,<50K,3-5 Years
EMP12346,Arjun,Kumar,Male,36,Technology,Data Analyst,Kolkata,Bachelor's,Full-Time,Hybrid,2018-04-08,8.4,77900,Outstanding,2,Dissatisfied,1,Yes,Frequently,36,0,9.0,16,Yes,36-45,75K-100K,5-10 Years
EMP12347,Ananya,Reddy,Male,52,Finance,Financial Analyst,Kolkata,Master's,Full-Time,Hybrid,2014-01-25,12.6,87100,Meets Expectations,3,Neutral,1,Yes,Rarely,34,3,4.5,3,No,46-55,75K-100K,10+ Years
EMP12348,Kiran,Joshi,Female,38,Operations,Operations Analyst,Hyderabad,MBA,Contract,Hybrid,2020-09-01,6.0,58000,Needs Improvement,2,Dissatisfied,5,No,Frequently,5,2,0.6,15,Yes,36-45,50K-75K,5-10 Years
EMP12349,Priya,Reddy,Male,52,Technology,IT Support Specialist,Chennai,Bachelor's,Full-Time,Hybrid,2020-11-13,5.8,68700,Needs Improvement,5,Very Satisfied,2,Yes,Frequently,6,1,7.9,17,Yes,46-55,50K-75K,5-10 Years
EMP12350,Sanjay,Reddy,Female,38,Human Resources,HR Manager,Bengaluru,Master's,Full-Time,Hybrid,2025-12-20,0.7,42100,Exceeds Expectations,4,Satisfied,1,Yes,Rarely,34,2,9.5,14,Yes,36-45,<50K,<1 Year
EMP12351,Kavya,Rao,Female,30,Human Resources,HR Manager,Mumbai,Master's,Contract,Remote,2022-09-01,4.0,55600,Outstanding,5,Very Satisfied,1,No,None,0,3,8.2,8,No,26-35,50K-75K,3-5 Years
EMP12352,Priya,Kumar,Male,60,Operations,Process Associate,Mumbai,Master's,Full-Time,Hybrid,2016-03-02,10.5,62200,Outstanding,2,Dissatisfied,3,No,None,30,1,2.4,3,Yes,56+,50K-75K,10+ Years
EMP12353,Vihaan,Sharma,Female,42,Operations,Operations Analyst,Hyderabad,Master's,Full-Time,Hybrid,2021-03-03,5.5,61600,Needs Improvement,3,Neutral,5,No,None,5,1,5.3,2,No,36-45,50K-75K,5-10 Years
EMP12354,Aarav,Nair,Male,49,Human Resources,HR Analyst,Kolkata,Bachelor's,Full-Time,Hybrid,2024-03-02,2.5,48600,Meets Expectations,3,Neutral,5,No,Frequently,2,0,9.6,18,Yes,46-55,<50K,1-3 Years
EMP12355,Rohit,Verma,Female,44,Finance,Senior Accountant,Bengaluru,Bachelor's,Contract,Onsite,2024-11-13,1.8,84700,Meets Expectations,2,Dissatisfied,4,Yes,Frequently,31,2,1.1,20,No,36-45,75K-100K,1-3 Years
EMP12356,Rohit,Rao,Male,35,Finance,Finance Manager,Delhi NCR,Master's,Contract,Onsite,2025-01-25,1.6,107200,Meets Expectations,5,Very Satisfied,2,No,None,29,0,11.3,12,No,26-35,100K-150K,1-3 Years
EMP12357,Sanjay,Kumar,Female,59,Finance,Accountant,Kolkata,Master's,Contract,Hybrid,2016-09-01,10.0,83000,Meets Expectations,5,Very Satisfied,4,Yes,Rarely,3,0,0.7,20,No,56+,75K-100K,5-10 Years
EMP12358,Neha,Gupta,Female,35,Technology,Data Analyst,Mumbai,Master's,Full-Time,Hybrid,2017-05-15,9.3,95500,Meets Expectations,5,Very Satisfied,5,Yes,None,1,1,2.4,1,No,26-35,75K-100K,5-10 Years
EMP12359,Divya,Verma,Non-Binary,60,Marketing,Content Specialist,Ahmedabad,Bachelor's,Full-Time,Hybrid,2018-10-08,7.9,76000,Exceeds Expectations,3,Neutral,3,No,Rarely,36,2,7.4,21,No,56+,75K-100K,5-10 Years
EMP12360,Aisha,Verma,Male,38,Technology,Software Engineer,Chennai,Bachelor's,Contract,Onsite,2019-01-26,7.6,120300,Meets Expectations,1,Very Dissatisfied,3,No,Rarely,10,0,5.8,5,No,36-45,100K-150K,5-10 Years
EMP12361,Vikram,Iyer,Male,21,Marketing,Marketing Executive,Pune,Master's,Contract,Remote,2024-03-02,2.5,92900,Needs Improvement,1,Very Dissatisfied,3,No,None,39,0,7.3,8,No,21-25,75K-100K,1-3 Years
EMP12362,Rahul,Verma,Male,22,Operations,Operations Manager,Mumbai,Master's,Full-Time,Hybrid,2019-01-26,7.6,39300,Needs Improvement,3,Neutral,5,No,Frequently,21,2,5.5,6,No,21-25,<50K,5-10 Years
EMP12363,Vikram,Iyer,Female,59,Customer Support,Support Executive,Delhi NCR,Bachelor's,Contract,Hybrid,2025-07-27,1.1,40200,Meets Expectations,5,Very Satisfied,4,Yes,None,40,0,10.0,8,No,56+,<50K,1-3 Years
EMP12364,Rahul,Joshi,Male,42,Sales,Sales Executive,Chennai,Bachelor's,Full-Time,Onsite,2012-10-08,13.9,44400,Meets Expectations,4,Satisfied,1,Yes,Rarely,37,0,11.6,3,Yes,36-45,<50K,10+ Years
EMP12365,Priya,Reddy,Female,36,Operations,Process Associate,Hyderabad,Master's,Contract,Hybrid,2025-07-27,1.1,72300,Meets Expectations,4,Satisfied,5,No,Rarely,25,0,9.3,11,No,36-45,50K-75K,1-3 Years
EMP12366,Kavya,Kumar,Female,53,Sales,Account Manager,Pune,Master's,Full-Time,Onsite,2020-03-02,6.5,41100,Meets Expectations,4,Satisfied,3,No,None,4,1,7.2,3,No,46-55,<50K,5-10 Years
EMP12367,Kiran,Nair,Female,45,Finance,Finance Manager,Mumbai,Bachelor's,Full-Time,Hybrid,2026-06-20,0.2,101600,Needs Improvement,5,Very Satisfied,3,Yes,None,36,1,4.7,3,No,36-45,100K-150K,<1 Year
EMP12368,Sneha,Reddy,Male,47,Technology,Data Analyst,Pune,Bachelor's,Full-Time,Remote,2014-11-14,11.8,59900,Meets Expectations,5,Very Satisfied,1,Yes,None,14,3,7.7,20,No,46-55,50K-75K,10+ Years
EMP12369,Vikram,Nair,Male,48,Technology,Software Engineer,Ahmedabad,Bachelor's,Contract,Hybrid,2023-12-20,2.7,100800,Exceeds Expectations,2,Dissatisfied,4,No,Rarely,10,2,9.6,2,No,46-55,100K-150K,1-3 Years
EMP12370,Sanjay,Singh,Male,28,Technology,Software Engineer,Ahmedabad,Bachelor's,Full-Time,Remote,2012-10-08,13.9,77800,Meets Expectations,4,Satisfied,1,Yes,Frequently,23,1,9.5,10,No,26-35,75K-100K,10+ Years
EMP12371,Rahul,Patel,Female,24,Sales,Business Development Executive,Delhi NCR,Master's,Contract,Hybrid,2025-10-08,0.9,61000,Outstanding,2,Dissatisfied,1,No,None,14,1,0.3,11,Yes,21-25,50K-75K,<1 Year
EMP12372,Ananya,Verma,Female,50,Operations,Operations Executive,Chennai,Bachelor's,Full-Time,Onsite,2014-05-15,12.3,57400,Outstanding,4,Satisfied,4,No,None,30,3,8.5,9,No,46-55,50K-75K,10+ Years
EMP12373,Vihaan,Patel,Male,21,Sales,Sales Manager,Bengaluru,Bachelor's,Full-Time,Remote,2016-10-08,9.9,74000,Meets Expectations,1,Very Dissatisfied,2,No,None,10,0,2.6,11,No,21-25,50K-75K,5-10 Years
EMP12374,Sanjay,Rao,Male,49,Finance,Accountant,Kolkata,Diploma,Full-Time,Remote,2022-10-08,3.9,77800,Meets Expectations,1,Very Dissatisfied,4,Yes,None,37,1,6.5,18,No,46-55,75K-100K,3-5 Years
EMP12375,Nikhil,Das,Female,26,Marketing,Digital Marketing Analyst,Ahmedabad,MBA,Contract,Hybrid,2023-06-21,3.2,65500,Meets Expectations,1,Very Dissatisfied,2,Yes,None,4,2,9.0,8,Yes,26-35,50K-75K,3-5 Years
EMP12376,Nikhil,Verma,Male,31,Customer Support,Team Lead,Mumbai,Diploma,Full-Time,Onsite,2021-03-03,5.5,60500,Meets Expectations,3,Neutral,4,No,Rarely,19,2,11.5,8,No,26-35,50K-75K,5-10 Years
EMP12377,Meera,Iyer,Female,49,Operations,Operations Manager,Hyderabad,Master's,Full-Time,Hybrid,2014-03-03,12.5,79200,Meets Expectations,5,Very Satisfied,4,No,None,39,3,0.6,4,No,46-55,75K-100K,10+ Years
EMP12378,Aisha,Rao,Female,45,Sales,Sales Manager,Bengaluru,Bachelor's,Contract,Onsite,2013-09-01,13.0,76200,Exceeds Expectations,3,Neutral,4,No,Frequently,34,2,4.1,7,No,36-45,75K-100K,10+ Years
EMP12379,Priya,Das,Male,52,Customer Support,Customer Success Specialist,Mumbai,Bachelor's,Full-Time,Remote,2023-11-14,2.8,60800,Exceeds Expectations,3,Neutral,4,Yes,None,33,1,0.9,19,No,46-55,50K-75K,1-3 Years
EMP12380,Pooja,Verma,Male,45,Marketing,Digital Marketing Analyst,Bengaluru,Bachelor's,Full-Time,Hybrid,2021-04-08,5.4,69000,Outstanding,4,Satisfied,4,No,Rarely,25,2,9.3,4,No,36-45,50K-75K,5-10 Years
EMP12381,Kavya,Joshi,Female,22,Technology,BI Analyst,Mumbai,Bachelor's,Full-Time,Onsite,2022-12-20,3.7,121700,Needs Improvement,5,Very Satisfied,2,No,None,23,1,2.2,4,No,21-25,100K-150K,3-5 Years
EMP12382,Sneha,Iyer,Male,54,Human Resources,HR Executive,Hyderabad,Diploma,Contract,Onsite,2024-09-01,2.0,66500,Needs Improvement,3,Neutral,3,Yes,None,8,0,1.7,2,No,46-55,50K-75K,1-3 Years
EMP12383,Sanjay,Joshi,Female,29,Customer Support,Support Executive,Chennai,Diploma,Full-Time,Onsite,2016-11-13,9.8,68300,Needs Improvement,4,Satisfied,1,No,None,12,2,1.3,22,No,26-35,50K-75K,5-10 Years
EMP12384,Kiran,Sharma,Female,26,Finance,Finance Manager,Chennai,Bachelor's,Full-Time,Hybrid,2021-05-15,5.3,95700,Meets Expectations,3,Neutral,2,Yes,Rarely,23,0,8.6,4,No,26-35,75K-100K,5-10 Years
EMP12385,Kiran,Reddy,Male,56,Technology,BI Analyst,Delhi NCR,Bachelor's,Full-Time,Onsite,2023-03-03,3.5,69000,Meets Expectations,5,Very Satisfied,3,Yes,Frequently,12,0,1.3,4,No,56+,50K-75K,3-5 Years
EMP12386,Divya,Iyer,Male,28,Customer Support,Support Executive,Bengaluru,Master's,Full-Time,Hybrid,2013-09-01,13.0,34100,Needs Improvement,3,Neutral,4,No,None,12,0,5.5,18,No,26-35,<50K,10+ Years
EMP12387,Kavya,Das,Female,42,Customer Support,Team Lead,Mumbai,Master's,Full-Time,Hybrid,2015-05-15,11.3,60900,Meets Expectations,5,Very Satisfied,5,Yes,None,27,3,2.1,20,No,36-45,50K-75K,10+ Years
EMP12388,Vihaan,Gupta,Male,40,Customer Support,Support Analyst,Pune,Master's,Full-Time,Hybrid,2014-12-20,11.7,58800,Meets Expectations,5,Very Satisfied,4,No,Rarely,28,3,7.6,12,No,36-45,50K-75K,10+ Years
EMP12389,Rahul,Gupta,Male,51,Customer Support,Support Executive,Chennai,MBA,Contract,Hybrid,2025-11-13,0.8,55600,Meets Expectations,5,Very Satisfied,1,Yes,None,20,3,1.9,6,No,46-55,50K-75K,<1 Year
EMP12390,Divya,Sharma,Male,22,Customer Support,Team Lead,Kolkata,Bachelor's,Full-Time,Onsite,2012-12-20,13.7,70000,Exceeds Expectations,2,Dissatisfied,2,No,Frequently,11,3,2.9,13,Yes,21-25,50K-75K,10+ Years
EMP12391,Rahul,Verma,Female,25,Human Resources,HR Manager,Hyderabad,Bachelor's,Full-Time,Onsite,2017-12-20,8.7,69500,Meets Expectations,2,Dissatisfied,3,Yes,None,7,3,10.3,18,No,21-25,50K-75K,5-10 Years
EMP12392,Priya,Sharma,Female,37,Technology,Data Analyst,Chennai,Bachelor's,Contract,Onsite,2018-12-20,7.7,82900,Needs Improvement,4,Satisfied,3,No,Frequently,10,1,0.4,8,No,36-45,75K-100K,5-10 Years
EMP12393,Vikram,Gupta,Male,39,Marketing,Digital Marketing Analyst,Ahmedabad,Bachelor's,Full-Time,Remote,2026-04-08,0.4,73000,Needs Improvement,5,Very Satisfied,5,No,Rarely,13,0,0.6,18,Yes,36-45,50K-75K,<1 Year
EMP12394,Neha,Verma,Male,52,Technology,Data Analyst,Pune,Bachelor's,Full-Time,Hybrid,2013-03-03,13.5,60500,Meets Expectations,4,Satisfied,1,Yes,None,38,1,8.9,11,No,46-55,50K-75K,10+ Years
EMP12395,Pooja,Gupta,Female,45,Human Resources,Recruiter,Chennai,Diploma,Contract,Onsite,2018-06-20,8.2,71200,Meets Expectations,4,Satisfied,3,No,Rarely,13,3,2.7,15,No,36-45,50K-75K,5-10 Years
EMP12396,Nikhil,Nair,Female,26,Marketing,Marketing Executive,Bengaluru,Bachelor's,Full-Time,Hybrid,2014-04-08,12.4,90600,Outstanding,3,Neutral,4,No,None,37,1,2.9,15,No,26-35,75K-100K,10+ Years
EMP12397,Aarav,Iyer,Male,60,Customer Support,Customer Success Specialist,Bengaluru,Bachelor's,Full-Time,Onsite,2016-10-08,9.9,32400,Outstanding,5,Very Satisfied,3,Yes,Rarely,22,2,0.3,10,No,56+,<50K,5-10 Years
EMP12398,Vikram,Verma,Female,39,Finance,Financial Analyst,Chennai,Bachelor's,Full-Time,Hybrid,2014-09-01,12.0,98200,Meets Expectations,3,Neutral,2,No,Frequently,18,1,6.2,9,No,36-45,75K-100K,10+ Years
EMP12399,Aarav,Das,Male,59,Technology,Software Engineer,Mumbai,Master's,Contract,Onsite,2016-03-02,10.5,114800,Outstanding,4,Satisfied,1,No,Rarely,10,2,4.9,18,No,56+,100K-150K,10+ Years
EMP12400,Rahul,Rao,Male,60,Operations,Operations Analyst,Pune,Master's,Contract,Remote,2012-11-13,13.8,42300,Needs Improvement,3,Neutral,4,Yes,None,31,2,10.0,7,No,56+,<50K,10+ Years
EMP12401,Vikram,Nair,Female,23,Sales,Sales Manager,Mumbai,Bachelor's,Full-Time,Hybrid,2023-03-03,3.5,78600,Meets Expectations,5,Very Satisfied,4,No,None,34,3,1.4,15,No,21-25,75K-100K,3-5 Years
EMP12402,Aditya,Patel,Female,41,Human Resources,HR Manager,Hyderabad,Bachelor's,Full-Time,Hybrid,2023-06-21,3.2,80500,Meets Expectations,4,Satisfied,4,No,None,40,1,12.0,5,No,36-45,75K-100K,3-5 Years
EMP12403,Aarav,Rao,Male,37,Operations,Operations Executive,Mumbai,Master's,Full-Time,Onsite,2015-12-20,10.7,59600,Outstanding,5,Very Satisfied,5,No,Rarely,33,3,0.9,15,No,36-45,50K-75K,10+ Years
EMP12404,Rohit,Gupta,Male,40,Human Resources,HR Executive,Kolkata,Master's,Full-Time,Onsite,2019-01-26,7.6,54400,Needs Improvement,1,Very Dissatisfied,5,No,Rarely,3,2,2.8,4,No,36-45,50K-75K,5-10 Years
EMP12405,Aarav,Iyer,Male,33,Finance,Accountant,Delhi NCR,Bachelor's,Full-Time,Onsite,2017-07-27,9.1,65600,Meets Expectations,2,Dissatisfied,1,No,None,36,1,1.9,11,Yes,26-35,50K-75K,5-10 Years
EMP12406,Kiran,Joshi,Non-Binary,43,Operations,Operations Manager,Mumbai,Bachelor's,Full-Time,Remote,2015-12-20,10.7,65100,Outstanding,5,Very Satisfied,3,No,Rarely,24,0,9.4,13,No,36-45,50K-75K,10+ Years
EMP12407,Aditya,Patel,Male,40,Finance,Senior Accountant,Ahmedabad,Bachelor's,Full-Time,Remote,2018-05-15,8.3,63200,Needs Improvement,1,Very Dissatisfied,2,No,Rarely,21,3,3.5,3,No,36-45,50K-75K,5-10 Years
EMP12408,Ananya,Rao,Female,28,Marketing,Marketing Manager,Kolkata,Bachelor's,Full-Time,Onsite,2014-10-08,11.9,60500,Exceeds Expectations,4,Satisfied,5,No,Rarely,10,2,0.5,1,No,26-35,50K-75K,10+ Years
EMP12409,Aisha,Sharma,Female,32,Human Resources,Recruiter,Hyderabad,Bachelor's,Full-Time,Remote,2021-10-08,4.9,88900,Meets Expectations,4,Satisfied,1,No,None,20,3,6.5,5,No,26-35,75K-100K,3-5 Years
EMP12410,Pooja,Nair,Female,26,Sales,Sales Executive,Delhi NCR,Bachelor's,Full-Time,Hybrid,2013-10-08,12.9,73100,Outstanding,2,Dissatisfied,4,Yes,None,32,3,3.0,3,No,26-35,50K-75K,10+ Years
EMP12411,Sneha,Sharma,Female,54,Human Resources,HR Executive,Delhi NCR,Bachelor's,Contract,Hybrid,2024-11-13,1.8,79100,Exceeds Expectations,1,Very Dissatisfied,2,No,None,24,1,7.5,7,Yes,46-55,75K-100K,1-3 Years
EMP12412,Vihaan,Sharma,Female,48,Sales,Sales Executive,Hyderabad,Master's,Full-Time,Remote,2017-01-25,9.6,83700,Exceeds Expectations,1,Very Dissatisfied,1,No,Frequently,4,3,5.5,13,No,46-55,75K-100K,5-10 Years
EMP12413,Vihaan,Nair,Male,36,Customer Support,Support Analyst,Chennai,Bachelor's,Full-Time,Remote,2013-04-08,13.4,32500,Needs Improvement,5,Very Satisfied,3,Yes,Frequently,30,0,1.2,7,No,36-45,<50K,10+ Years
EMP12414,Neha,Rao,Male,36,Marketing,Digital Marketing Analyst,Delhi NCR,Master's,Full-Time,Hybrid,2022-10-08,3.9,56300,Needs Improvement,1,Very Dissatisfied,2,No,Frequently,32,2,10.8,18,No,36-45,50K-75K,3-5 Years
EMP12415,Neha,Kumar,Female,24,Finance,Financial Analyst,Delhi NCR,Master's,Full-Time,Hybrid,2021-09-01,5.0,87200,Meets Expectations,4,Satisfied,4,Yes,None,27,1,2.9,10,Yes,21-25,75K-100K,3-5 Years
EMP12416,Kiran,Das,Male,32,Human Resources,Recruiter,Bengaluru,MBA,Full-Time,Hybrid,2021-12-20,4.7,64100,Meets Expectations,1,Very Dissatisfied,2,Yes,Rarely,8,2,0.3,6,No,26-35,50K-75K,3-5 Years
EMP12417,Divya,Das,Male,57,Marketing,Content Specialist,Bengaluru,MBA,Full-Time,Onsite,2018-01-25,8.6,49400,Needs Improvement,2,Dissatisfied,1,No,Frequently,12,0,7.1,0,No,56+,<50K,5-10 Years
EMP12418,Sneha,Joshi,Male,22,Technology,Data Analyst,Hyderabad,Master's,Contract,Hybrid,2020-05-14,6.3,113300,Meets Expectations,1,Very Dissatisfied,1,No,None,18,2,10.0,0,No,21-25,100K-150K,5-10 Years
EMP12419,Nikhil,Das,Male,26,Finance,Senior Accountant,Mumbai,Master's,Full-Time,Hybrid,2024-11-13,1.8,51500,Meets Expectations,4,Satisfied,1,No,None,35,1,6.0,21,No,26-35,50K-75K,1-3 Years
EMP12420,Sneha,Verma,Male,54,Finance,Finance Manager,Hyderabad,Bachelor's,Contract,Onsite,2013-04-08,13.4,80600,Outstanding,1,Very Dissatisfied,3,No,None,33,0,10.2,15,No,46-55,75K-100K,10+ Years
EMP12421,Aarav,Iyer,Male,41,Technology,BI Analyst,Delhi NCR,MBA,Full-Time,Hybrid,2023-06-21,3.2,98000,Needs Improvement,4,Satisfied,2,No,Rarely,3,1,1.1,19,No,36-45,75K-100K,3-5 Years
EMP12422,Neha,Verma,Male,22,Operations,Process Associate,Kolkata,Diploma,Full-Time,Onsite,2018-07-27,8.1,66100,Meets Expectations,5,Very Satisfied,1,No,None,2,1,3.6,0,No,21-25,50K-75K,5-10 Years
EMP12423,Rahul,Nair,Female,40,Sales,Sales Executive,Kolkata,Bachelor's,Contract,Hybrid,2017-09-01,9.0,53800,Meets Expectations,4,Satisfied,2,No,None,2,0,7.8,5,No,36-45,50K-75K,5-10 Years
EMP12424,Aarav,Reddy,Female,50,Operations,Process Associate,Mumbai,Bachelor's,Full-Time,Onsite,2025-11-13,0.8,38600,Meets Expectations,4,Satisfied,5,Yes,None,38,3,9.3,7,No,46-55,<50K,<1 Year
EMP12425,Sneha,Verma,Female,34,Finance,Senior Accountant,Delhi NCR,Master's,Contract,Remote,2025-01-25,1.6,100800,Meets Expectations,5,Very Satisfied,5,No,Rarely,35,3,1.1,2,No,26-35,100K-150K,1-3 Years
EMP12426,Aarav,Patel,Non-Binary,36,Human Resources,HR Manager,Kolkata,Bachelor's,Full-Time,Hybrid,2012-01-26,14.6,88800,Outstanding,5,Very Satisfied,2,No,Frequently,8,3,7.4,10,No,36-45,75K-100K,10+ Years
EMP12427,Aarav,Das,Male,46,Technology,BI Analyst,Kolkata,Diploma,Full-Time,Onsite,2016-09-01,10.0,92300,Meets Expectations,4,Satisfied,3,No,Rarely,37,0,9.3,21,No,46-55,75K-100K,5-10 Years
EMP12428,Arjun,Nair,Male,44,Finance,Senior Accountant,Delhi NCR,MBA,Full-Time,Onsite,2025-12-20,0.7,50000,Meets Expectations,3,Neutral,1,No,Frequently,20,3,1.7,17,No,36-45,<50K,<1 Year
EMP12429,Divya,Nair,Male,57,Operations,Process Associate,Ahmedabad,Bachelor's,Contract,Onsite,2014-09-01,12.0,63600,Meets Expectations,2,Dissatisfied,3,Yes,Rarely,12,2,1.9,6,Yes,56+,50K-75K,10+ Years
EMP12430,Divya,Das,Female,30,Technology,IT Support Specialist,Bengaluru,Bachelor's,Full-Time,Onsite,2018-12-20,7.7,80700,Meets Expectations,4,Satisfied,4,No,Frequently,30,2,6.2,17,No,26-35,75K-100K,5-10 Years
EMP12431,Nikhil,Gupta,Female,32,Sales,Business Development Executive,Chennai,MBA,Contract,Hybrid,2025-05-15,1.3,47500,Meets Expectations,1,Very Dissatisfied,1,No,None,2,3,5.3,5,Yes,26-35,<50K,1-3 Years
EMP12432,Rohit,Sharma,Male,27,Human Resources,HR Manager,Mumbai,Bachelor's,Full-Time,Onsite,2016-05-14,10.3,50500,Meets Expectations,5,Very Satisfied,5,No,Frequently,5,0,5.2,9,No,26-35,50K-75K,10+ Years
EMP12433,Nikhil,Kumar,Female,47,Technology,Data Analyst,Kolkata,Bachelor's,Contract,Hybrid,2019-01-26,7.6,71100,Meets Expectations,5,Very Satisfied,5,No,Frequently,10,3,10.4,17,Yes,46-55,50K-75K,5-10 Years
EMP12434,Sneha,Iyer,Female,42,Finance,Finance Manager,Hyderabad,Master's,Full-Time,Onsite,2023-06-21,3.2,68100,Needs Improvement,2,Dissatisfied,5,Yes,Rarely,24,3,1.0,20,No,36-45,50K-75K,3-5 Years
EMP12435,Priya,Nair,Male,34,Human Resources,HR Analyst,Pune,Bachelor's,Contract,Onsite,2013-06-20,13.2,56100,Needs Improvement,4,Satisfied,2,No,None,34,1,8.9,16,No,26-35,50K-75K,10+ Years
EMP12436,Rohit,Iyer,Male,48,Human Resources,HR Manager,Hyderabad,Bachelor's,Full-Time,Remote,2022-03-03,4.5,84200,Exceeds Expectations,4,Satisfied,5,Yes,None,21,2,9.9,8,No,46-55,75K-100K,3-5 Years
EMP12437,Kiran,Sharma,Male,36,Marketing,Content Specialist,Pune,MBA,Full-Time,Remote,2022-04-08,4.4,69400,Meets Expectations,5,Very Satisfied,1,No,None,18,2,4.7,6,No,36-45,50K-75K,3-5 Years
EMP12438,Sanjay,Kumar,Male,28,Marketing,Content Specialist,Pune,MBA,Full-Time,Onsite,2022-06-20,4.2,65800,Meets Expectations,5,Very Satisfied,5,No,None,24,0,8.4,10,No,26-35,50K-75K,3-5 Years
EMP12439,Kiran,Gupta,Female,42,Operations,Operations Manager,Pune,Master's,Contract,Hybrid,2015-01-26,11.6,44100,Meets Expectations,4,Satisfied,1,No,None,0,0,7.1,18,Yes,36-45,<50K,10+ Years
EMP12440,Nikhil,Sharma,Male,38,Sales,Account Manager,Hyderabad,Bachelor's,Full-Time,Onsite,2015-12-20,10.7,80000,Needs Improvement,5,Very Satisfied,2,No,None,27,0,3.3,9,Yes,36-45,75K-100K,10+ Years
EMP12441,Aarav,Sharma,Female,37,Finance,Financial Analyst,Mumbai,Bachelor's,Full-Time,Hybrid,2013-01-25,13.6,52000,Needs Improvement,2,Dissatisfied,5,No,None,33,3,6.2,10,No,36-45,50K-75K,10+ Years
EMP12442,Arjun,Singh,Female,38,Sales,Sales Manager,Delhi NCR,Bachelor's,Full-Time,Hybrid,2023-01-26,3.6,50200,Meets Expectations,3,Neutral,3,No,Frequently,17,2,0.9,14,No,36-45,50K-75K,3-5 Years
EMP12443,Divya,Nair,Male,57,Sales,Sales Manager,Bengaluru,Master's,Full-Time,Hybrid,2014-11-14,11.8,68100,Needs Improvement,1,Very Dissatisfied,2,No,Rarely,26,1,9.8,13,No,56+,50K-75K,10+ Years
EMP12444,Vikram,Iyer,Male,29,Technology,BI Analyst,Mumbai,Master's,Contract,Hybrid,2017-12-20,8.7,107800,Exceeds Expectations,5,Very Satisfied,2,Yes,Frequently,12,2,0.9,9,Yes,26-35,100K-150K,5-10 Years
EMP12445,Nikhil,Iyer,Female,32,Marketing,Marketing Manager,Pune,Master's,Full-Time,Remote,2021-11-13,4.8,85300,Meets Expectations,2,Dissatisfied,2,No,None,38,2,3.6,5,Yes,26-35,75K-100K,3-5 Years
EMP12446,Arjun,Rao,Female,43,Customer Support,Team Lead,Delhi NCR,Master's,Full-Time,Onsite,2025-12-20,0.7,48100,Meets Expectations,3,Neutral,5,Yes,None,7,1,5.0,21,Yes,36-45,<50K,<1 Year
EMP12447,Pooja,Nair,Female,22,Operations,Operations Executive,Chennai,Bachelor's,Full-Time,Hybrid,2014-05-15,12.3,53100,Meets Expectations,1,Very Dissatisfied,3,No,None,5,2,6.1,22,No,21-25,50K-75K,10+ Years
EMP12448,Kiran,Patel,Male,26,Marketing,Digital Marketing Analyst,Ahmedabad,Bachelor's,Full-Time,Onsite,2022-11-14,3.8,58600,Meets Expectations,2,Dissatisfied,1,No,Frequently,38,3,6.5,19,No,26-35,50K-75K,3-5 Years
EMP12449,Kiran,Nair,Female,43,Operations,Operations Manager,Delhi NCR,MBA,Full-Time,Onsite,2017-03-03,9.5,63100,Meets Expectations,4,Satisfied,1,No,None,20,3,7.3,4,No,36-45,50K-75K,5-10 Years
EMP12450,Nikhil,Joshi,Male,41,Technology,IT Support Specialist,Pune,MBA,Full-Time,Hybrid,2018-05-15,8.3,83000,Meets Expectations,2,Dissatisfied,3,No,Rarely,16,0,11.0,8,No,36-45,75K-100K,5-10 Years
EMP12451,Isha,Gupta,Female,47,Operations,Process Associate,Chennai,Master's,Full-Time,Onsite,2026-05-15,0.3,52300,Meets Expectations,3,Neutral,1,Yes,None,33,1,5.8,8,No,46-55,50K-75K,<1 Year
EMP12452,Aisha,Reddy,Male,25,Customer Support,Team Lead,Mumbai,Diploma,Full-Time,Onsite,2011-10-08,14.9,32900,Meets Expectations,3,Neutral,2,No,None,11,0,7.9,0,No,21-25,<50K,10+ Years
EMP12453,Arjun,Patel,Female,55,Sales,Business Development Executive,Hyderabad,Master's,Full-Time,Onsite,2014-05-15,12.3,83400,Meets Expectations,4,Satisfied,4,No,None,12,3,1.3,11,No,46-55,75K-100K,10+ Years
EMP12454,Arjun,Iyer,Male,40,Human Resources,HR Manager,Pune,Master's,Full-Time,Remote,2019-04-09,7.4,45100,Meets Expectations,2,Dissatisfied,5,No,None,2,1,10.1,12,No,36-45,<50K,5-10 Years
EMP12455,Kiran,Das,Male,27,Operations,Operations Manager,Pune,Master's,Full-Time,Onsite,2016-05-14,10.3,49700,Meets Expectations,3,Neutral,1,Yes,None,21,2,4.2,16,No,26-35,<50K,10+ Years
EMP12456,Arjun,Das,Male,33,Human Resources,HR Executive,Bengaluru,Bachelor's,Contract,Hybrid,2019-05-15,7.3,88400,Meets Expectations,1,Very Dissatisfied,2,Yes,Frequently,30,1,7.2,5,Yes,26-35,75K-100K,5-10 Years
EMP12457,Ananya,Sharma,Female,30,Operations,Operations Manager,Bengaluru,MBA,Contract,Onsite,2015-06-21,11.2,70600,Meets Expectations,3,Neutral,2,No,None,40,0,11.8,10,Yes,26-35,50K-75K,10+ Years
EMP12458,Rahul,Singh,Male,39,Customer Support,Support Analyst,Kolkata,Bachelor's,Full-Time,Remote,2024-06-20,2.2,54600,Needs Improvement,1,Very Dissatisfied,5,Yes,None,21,1,9.1,7,No,36-45,50K-75K,1-3 Years
EMP12459,Vihaan,Verma,Male,39,Human Resources,HR Executive,Kolkata,Bachelor's,Full-Time,Onsite,2019-11-14,6.8,75300,Meets Expectations,4,Satisfied,4,No,None,3,0,5.0,3,No,36-45,75K-100K,5-10 Years
EMP12460,Aisha,Das,Male,38,Sales,Business Development Executive,Mumbai,Bachelor's,Full-Time,Hybrid,2021-06-20,5.2,43500,Needs Improvement,5,Very Satisfied,5,No,Frequently,7,2,5.5,10,No,36-45,<50K,5-10 Years
EMP12461,Rohit,Reddy,Male,39,Finance,Finance Manager,Mumbai,Master's,Full-Time,Hybrid,2019-09-02,7.0,96100,Meets Expectations,3,Neutral,4,No,Rarely,11,1,1.9,4,No,36-45,75K-100K,5-10 Years
EMP12462,Rahul,Das,Female,57,Technology,IT Support Specialist,Mumbai,Master's,Full-Time,Hybrid,2019-10-08,6.9,76100,Needs Improvement,5,Very Satisfied,1,No,Rarely,36,0,7.6,18,No,56+,75K-100K,5-10 Years
EMP12463,Aditya,Gupta,Male,59,Human Resources,HR Executive,Delhi NCR,Bachelor's,Full-Time,Remote,2024-05-14,2.3,90200,Meets Expectations,2,Dissatisfied,5,No,None,23,0,6.7,10,No,56+,75K-100K,1-3 Years
EMP12464,Isha,Verma,Female,40,Marketing,Content Specialist,Pune,Bachelor's,Full-Time,Onsite,2011-12-20,14.7,55600,Outstanding,5,Very Satisfied,4,Yes,Frequently,38,2,7.2,17,No,36-45,50K-75K,10+ Years
EMP12465,Sneha,Joshi,Male,59,Human Resources,HR Analyst,Mumbai,Master's,Full-Time,Onsite,2026-04-08,0.4,73500,Meets Expectations,3,Neutral,4,Yes,None,34,0,3.4,4,No,56+,50K-75K,<1 Year
EMP12466,Rohit,Das,Male,53,Technology,BI Analyst,Kolkata,Master's,Full-Time,Hybrid,2026-05-15,0.3,96800,Outstanding,3,Neutral,2,No,Rarely,36,2,8.6,12,Yes,46-55,75K-100K,<1 Year
EMP12467,Isha,Nair,Female,53,Finance,Finance Manager,Hyderabad,Bachelor's,Full-Time,Hybrid,2020-12-20,5.7,57100,Meets Expectations,3,Neutral,4,No,Frequently,11,0,3.7,7,No,46-55,50K-75K,5-10 Years
EMP12468,Rohit,Verma,Male,30,Marketing,Marketing Manager,Mumbai,Bachelor's,Full-Time,Remote,2017-04-08,9.4,62400,Needs Improvement,5,Very Satisfied,3,No,None,22,3,5.5,16,Yes,26-35,50K-75K,5-10 Years
EMP12469,Rahul,Iyer,Female,38,Sales,Business Development Executive,Hyderabad,Bachelor's,Contract,Onsite,2023-10-08,2.9,75600,Meets Expectations,4,Satisfied,2,No,None,2,0,2.0,20,No,36-45,75K-100K,1-3 Years
EMP12470,Vikram,Joshi,Male,35,Technology,Software Engineer,Hyderabad,Master's,Full-Time,Hybrid,2018-07-27,8.1,73400,Exceeds Expectations,3,Neutral,2,No,None,15,3,8.6,7,No,26-35,50K-75K,5-10 Years
EMP12471,Aarav,Patel,Male,24,Customer Support,Support Analyst,Mumbai,Bachelor's,Full-Time,Onsite,2015-10-08,10.9,69500,Exceeds Expectations,4,Satisfied,4,No,None,12,3,2.3,10,No,21-25,50K-75K,10+ Years
EMP12472,Nikhil,Das,Male,24,Sales,Business Development Executive,Pune,MBA,Full-Time,Onsite,2025-01-25,1.6,52800,Meets Expectations,3,Neutral,4,No,None,6,3,7.1,11,No,21-25,50K-75K,1-3 Years
EMP12473,Aisha,Verma,Male,45,Finance,Financial Analyst,Mumbai,Bachelor's,Full-Time,Hybrid,2011-11-14,14.8,85400,Meets Expectations,5,Very Satisfied,2,Yes,None,2,3,9.9,4,No,36-45,75K-100K,10+ Years
EMP12474,Nikhil,Joshi,Female,37,Technology,Data Analyst,Chennai,Bachelor's,Full-Time,Hybrid,2021-06-20,5.2,101900,Meets Expectations,3,Neutral,2,No,None,15,3,7.2,1,No,36-45,100K-150K,5-10 Years
EMP12475,Priya,Singh,Male,54,Sales,Account Manager,Mumbai,Bachelor's,Full-Time,Onsite,2016-12-20,9.7,61000,Meets Expectations,5,Very Satisfied,2,No,Rarely,2,2,7.3,17,No,46-55,50K-75K,5-10 Years
EMP12476,Vikram,Das,Male,47,Finance,Finance Manager,Pune,Bachelor's,Full-Time,Remote,2024-11-13,1.8,87100,Meets Expectations,2,Dissatisfied,4,Yes,None,25,0,10.6,1,Yes,46-55,75K-100K,1-3 Years
EMP12477,Isha,Patel,Male,24,Human Resources,HR Manager,Mumbai,Bachelor's,Contract,Onsite,2015-12-20,10.7,79500,Exceeds Expectations,3,Neutral,2,No,Rarely,11,2,12.0,0,No,21-25,75K-100K,10+ Years
EMP12478,Divya,Iyer,Male,54,Technology,IT Support Specialist,Hyderabad,Master's,Contract,Remote,2014-01-25,12.6,102000,Needs Improvement,4,Satisfied,4,No,None,9,2,2.5,3,No,46-55,100K-150K,10+ Years
EMP12479,Ananya,Kumar,Male,40,Sales,Business Development Executive,Bengaluru,Bachelor's,Contract,Onsite,2024-11-13,1.8,65200,Needs Improvement,3,Neutral,2,No,None,4,0,5.8,10,No,36-45,50K-75K,1-3 Years
EMP12480,Kavya,Kumar,Male,43,Sales,Account Manager,Pune,Bachelor's,Contract,Onsite,2024-07-26,2.1,67400,Meets Expectations,3,Neutral,2,No,None,19,3,4.5,17,No,36-45,50K-75K,1-3 Years
EMP12481,Sneha,Iyer,Male,59,Marketing,Marketing Manager,Mumbai,Bachelor's,Full-Time,Remote,2022-04-08,4.4,64500,Needs Improvement,1,Very Dissatisfied,1,Yes,Frequently,6,1,1.0,21,No,56+,50K-75K,3-5 Years
EMP12482,Pooja,Patel,Female,46,Customer Support,Support Executive,Hyderabad,Bachelor's,Full-Time,Onsite,2026-04-08,0.4,35000,Meets Expectations,5,Very Satisfied,1,No,None,23,3,4.5,21,No,46-55,<50K,<1 Year
EMP12483,Meera,Verma,Female,21,Technology,Data Analyst,Ahmedabad,Bachelor's,Full-Time,Hybrid,2011-11-14,14.8,69700,Meets Expectations,2,Dissatisfied,1,No,Rarely,40,1,8.5,21,No,21-25,50K-75K,10+ Years
EMP12484,Pooja,Rao,Female,28,Finance,Financial Analyst,Bengaluru,Diploma,Contract,Hybrid,2017-07-27,9.1,84200,Needs Improvement,1,Very Dissatisfied,1,No,Frequently,29,3,10.2,14,No,26-35,75K-100K,5-10 Years
EMP12485,Vihaan,Das,Female,38,Finance,Financial Analyst,Kolkata,Bachelor's,Full-Time,Onsite,2017-06-20,9.2,103000,Needs Improvement,5,Very Satisfied,5,No,Rarely,4,3,9.9,11,No,36-45,100K-150K,5-10 Years
EMP12486,Nikhil,Kumar,Male,22,Finance,Senior Accountant,Delhi NCR,Bachelor's,Full-Time,Hybrid,2012-04-08,14.4,50300,Meets Expectations,1,Very Dissatisfied,2,Yes,None,3,0,0.4,0,No,21-25,50K-75K,10+ Years
EMP12487,Ananya,Singh,Male,27,Technology,IT Support Specialist,Pune,Master's,Contract,Hybrid,2014-03-03,12.5,96700,Meets Expectations,4,Satisfied,3,Yes,None,35,3,4.9,10,No,26-35,75K-100K,10+ Years
EMP12488,Aisha,Joshi,Female,52,Sales,Sales Manager,Mumbai,Master's,Contract,Onsite,2014-05-15,12.3,50800,Meets Expectations,2,Dissatisfied,5,No,Rarely,35,1,11.4,14,No,46-55,50K-75K,10+ Years
EMP12489,Priya,Iyer,Male,26,Human Resources,HR Executive,Pune,Bachelor's,Full-Time,Onsite,2021-06-20,5.2,70300,Meets Expectations,4,Satisfied,3,No,Rarely,14,0,6.7,16,No,26-35,50K-75K,5-10 Years
EMP12490,Sanjay,Kumar,Female,27,Finance,Financial Analyst,Chennai,Bachelor's,Full-Time,Onsite,2021-06-20,5.2,92600,Outstanding,2,Dissatisfied,2,Yes,Rarely,18,0,11.8,6,No,26-35,75K-100K,5-10 Years
EMP12491,Ananya,Rao,Male,41,Finance,Financial Analyst,Kolkata,Bachelor's,Contract,Hybrid,2022-03-03,4.5,91800,Needs Improvement,4,Satisfied,4,Yes,Rarely,15,1,4.3,7,No,36-45,75K-100K,3-5 Years
EMP12492,Priya,Rao,Female,24,Technology,BI Analyst,Ahmedabad,MBA,Full-Time,Hybrid,2021-05-15,5.3,109400,Exceeds Expectations,5,Very Satisfied,4,No,None,23,0,4.9,20,No,21-25,100K-150K,5-10 Years
EMP12493,Sneha,Verma,Female,31,Customer Support,Support Executive,Chennai,MBA,Contract,Hybrid,2020-12-20,5.7,62400,Meets Expectations,3,Neutral,1,No,Rarely,8,3,5.6,19,No,26-35,50K-75K,5-10 Years
EMP12494,Neha,Verma,Male,58,Marketing,Digital Marketing Analyst,Hyderabad,MBA,Full-Time,Hybrid,2024-05-14,2.3,47300,Meets Expectations,3,Neutral,5,No,Rarely,38,2,10.3,16,No,56+,<50K,1-3 Years
EMP12495,Nikhil,Sharma,Male,46,Finance,Senior Accountant,Chennai,Bachelor's,Contract,Hybrid,2021-03-03,5.5,78600,Needs Improvement,4,Satisfied,1,No,Frequently,16,1,3.6,8,Yes,46-55,75K-100K,5-10 Years
EMP12496,Priya,Joshi,Male,59,Technology,IT Support Specialist,Delhi NCR,Master's,Full-Time,Hybrid,2019-11-14,6.8,76900,Meets Expectations,2,Dissatisfied,2,No,Rarely,6,3,5.4,8,No,56+,75K-100K,5-10 Years
EMP12497,Aditya,Kumar,Male,35,Operations,Process Associate,Mumbai,Bachelor's,Full-Time,Hybrid,2021-11-13,4.8,79000,Needs Improvement,3,Neutral,5,No,None,12,1,9.5,11,No,26-35,75K-100K,3-5 Years
EMP12498,Ananya,Patel,Male,45,Customer Support,Customer Success Specialist,Mumbai,Master's,Full-Time,Remote,2024-01-26,2.6,62500,Meets Expectations,4,Satisfied,3,No,Rarely,36,3,4.1,10,No,36-45,50K-75K,1-3 Years
EMP12499,Vikram,Das,Male,30,Sales,Sales Manager,Bengaluru,Bachelor's,Full-Time,Hybrid,2020-12-20,5.7,44000,Exceeds Expectations,1,Very Dissatisfied,3,No,Rarely,11,1,5.0,18,No,26-35,<50K,5-10 Years
EMP12500,Aarav,Iyer,Male,36,Customer Support,Support Executive,Mumbai,Bachelor's,Contract,Remote,2019-05-15,7.3,41700,Exceeds Expectations,3,Neutral,5,No,None,32,2,10.6,16,No,36-45,<50K,5-10 Years
EMP12501,Rahul,Joshi,Female,27,Marketing,Content Specialist,Chennai,Bachelor's,Full-Time,Remote,2015-10-08,10.9,67300,Needs Improvement,3,Neutral,3,No,None,31,2,4.4,3,No,26-35,50K-75K,10+ Years
EMP12502,Divya,Patel,Female,54,Sales,Sales Executive,Pune,Bachelor's,Full-Time,Hybrid,2015-12-20,10.7,84100,Needs Improvement,2,Dissatisfied,4,No,None,40,3,6.7,21,Yes,46-55,75K-100K,10+ Years
EMP12503,Ananya,Nair,Female,28,Operations,Operations Manager,Ahmedabad,MBA,Full-Time,Hybrid,2023-06-21,3.2,42400,Meets Expectations,3,Neutral,3,No,None,6,3,1.0,10,Yes,26-35,<50K,3-5 Years
EMP12504,Aarav,Reddy,Female,29,Sales,Sales Manager,Mumbai,Bachelor's,Contract,Onsite,2025-12-20,0.7,65600,Meets Expectations,2,Dissatisfied,1,Yes,Rarely,16,2,11.4,6,Yes,26-35,50K-75K,<1 Year
EMP12505,Pooja,Singh,Female,39,Sales,Business Development Executive,Pune,Master's,Full-Time,Hybrid,2021-12-20,4.7,55000,Meets Expectations,3,Neutral,2,No,None,34,0,8.0,9,No,36-45,50K-75K,3-5 Years
EMP12506,Aditya,Patel,Female,38,Sales,Account Manager,Chennai,Bachelor's,Full-Time,Hybrid,2024-03-02,2.5,69200,Meets Expectations,2,Dissatisfied,4,Yes,Rarely,5,0,11.6,17,No,36-45,50K-75K,1-3 Years
EMP12507,Sneha,Kumar,Male,33,Human Resources,HR Executive,Delhi NCR,Bachelor's,Contract,Hybrid,2020-07-26,6.1,74700,Meets Expectations,5,Very Satisfied,2,No,None,1,0,9.8,8,No,26-35,50K-75K,5-10 Years
EMP12508,Aarav,Joshi,Female,35,Marketing,Content Specialist,Bengaluru,Master's,Full-Time,Onsite,2011-12-20,14.7,56100,Meets Expectations,4,Satisfied,5,Yes,Frequently,0,2,9.2,15,No,26-35,50K-75K,10+ Years
EMP12509,Isha,Joshi,Female,32,Finance,Finance Manager,Ahmedabad,Bachelor's,Contract,Remote,2023-10-08,2.9,94700,Needs Improvement,4,Satisfied,5,No,Rarely,3,3,1.8,14,No,26-35,75K-100K,1-3 Years
EMP12510,Sneha,Reddy,Female,57,Sales,Account Manager,Bengaluru,Master's,Full-Time,Onsite,2021-10-08,4.9,43300,Meets Expectations,5,Very Satisfied,4,No,Rarely,32,0,5.9,5,No,56+,<50K,3-5 Years
EMP12511,Pooja,Singh,Male,44,Technology,Data Analyst,Hyderabad,Bachelor's,Contract,Hybrid,2015-10-08,10.9,115900,Needs Improvement,1,Very Dissatisfied,1,Yes,None,14,2,0.4,13,Yes,36-45,100K-150K,10+ Years
EMP12512,Rohit,Sharma,Female,57,Operations,Operations Analyst,Chennai,Bachelor's,Full-Time,Remote,2018-12-20,7.7,47000,Outstanding,2,Dissatisfied,4,No,Frequently,5,1,6.8,5,No,56+,<50K,5-10 Years
EMP12513,Pooja,Das,Female,60,Customer Support,Customer Success Specialist,Ahmedabad,Master's,Contract,Onsite,2025-10-08,0.9,55100,Meets Expectations,1,Very Dissatisfied,5,Yes,None,28,3,11.5,18,No,56+,50K-75K,<1 Year
EMP12514,Pooja,Patel,Male,47,Operations,Operations Analyst,Pune,Master's,Full-Time,Hybrid,2024-01-26,2.6,53100,Outstanding,4,Satisfied,4,No,Rarely,12,1,4.8,4,No,46-55,50K-75K,1-3 Years
EMP12515,Sanjay,Gupta,Female,54,Sales,Account Manager,Mumbai,MBA,Contract,Hybrid,2012-09-01,14.0,67500,Needs Improvement,2,Dissatisfied,4,No,None,5,2,4.3,7,No,46-55,50K-75K,10+ Years
EMP12516,Priya,Verma,Male,25,Operations,Operations Analyst,Bengaluru,Master's,Full-Time,Remote,2024-12-20,1.7,49500,Needs Improvement,4,Satisfied,4,No,None,40,3,3.6,3,No,21-25,<50K,1-3 Years
EMP12517,Vikram,Kumar,Female,58,Marketing,Marketing Executive,Chennai,Bachelor's,Full-Time,Remote,2017-01-25,9.6,73200,Meets Expectations,5,Very Satisfied,3,No,Rarely,23,1,7.0,7,No,56+,50K-75K,5-10 Years
EMP12518,Aisha,Singh,Female,40,Human Resources,HR Manager,Bengaluru,Diploma,Full-Time,Hybrid,2014-10-08,11.9,42400,Needs Improvement,2,Dissatisfied,2,No,None,18,0,10.9,7,Yes,36-45,<50K,10+ Years
EMP12519,Sneha,Reddy,Female,49,Technology,Software Engineer,Hyderabad,Bachelor's,Full-Time,Remote,2022-07-27,4.1,84800,Meets Expectations,2,Dissatisfied,3,Yes,None,37,3,7.1,8,No,46-55,75K-100K,3-5 Years
EMP12520,Aditya,Reddy,Female,30,Customer Support,Support Executive,Mumbai,Bachelor's,Contract,Onsite,2015-10-08,10.9,64200,Meets Expectations,3,Neutral,5,Yes,None,9,3,9.1,2,No,26-35,50K-75K,10+ Years
EMP12521,Nikhil,Joshi,Male,24,Human Resources,HR Executive,Mumbai,Diploma,Contract,Onsite,2023-12-20,2.7,65300,Outstanding,3,Neutral,1,No,None,24,0,4.5,16,No,21-25,50K-75K,1-3 Years
EMP12522,Nikhil,Singh,Female,56,Sales,Business Development Executive,Delhi NCR,Master's,Full-Time,Hybrid,2022-04-08,4.4,62400,Outstanding,2,Dissatisfied,1,No,Frequently,30,1,4.6,5,No,56+,50K-75K,3-5 Years
EMP12523,Nikhil,Rao,Female,38,Technology,Data Analyst,Ahmedabad,MBA,Contract,Hybrid,2021-11-13,4.8,102100,Meets Expectations,2,Dissatisfied,5,No,Rarely,0,2,3.0,8,No,36-45,100K-150K,3-5 Years
EMP12524,Sneha,Nair,Male,26,Finance,Accountant,Kolkata,Bachelor's,Full-Time,Onsite,2011-10-08,14.9,74200,Meets Expectations,2,Dissatisfied,5,No,None,11,1,1.3,8,Yes,26-35,50K-75K,10+ Years
EMP12525,Kiran,Joshi,Female,47,Sales,Account Manager,Kolkata,Master's,Full-Time,Hybrid,2023-04-09,3.4,79600,Outstanding,3,Neutral,3,Yes,Rarely,3,1,10.1,22,No,46-55,75K-100K,3-5 Years
EMP12526,Arjun,Rao,Male,23,Finance,Financial Analyst,Mumbai,Master's,Full-Time,Onsite,2024-07-26,2.1,72300,Meets Expectations,3,Neutral,2,Yes,Rarely,21,3,8.8,12,Yes,21-25,50K-75K,1-3 Years
EMP12527,Sanjay,Joshi,Male,39,Human Resources,HR Analyst,Ahmedabad,Bachelor's,Full-Time,Onsite,2012-10-08,13.9,89500,Meets Expectations,3,Neutral,1,No,Rarely,27,3,1.8,19,No,36-45,75K-100K,10+ Years
EMP12528,Vikram,Verma,Male,49,Customer Support,Support Executive,Hyderabad,Bachelor's,Full-Time,Remote,2024-01-26,2.6,66200,Meets Expectations,2,Dissatisfied,4,Yes,Rarely,6,1,6.5,10,No,46-55,50K-75K,1-3 Years
EMP12529,Meera,Sharma,Female,49,Sales,Business Development Executive,Kolkata,Bachelor's,Full-Time,Hybrid,2013-06-20,13.2,58700,Meets Expectations,4,Satisfied,3,No,None,5,2,7.6,18,No,46-55,50K-75K,10+ Years
EMP12530,Aisha,Iyer,Male,39,Marketing,Marketing Executive,Bengaluru,Bachelor's,Full-Time,Hybrid,2016-11-13,9.8,62600,Meets Expectations,3,Neutral,5,Yes,None,18,2,10.4,7,No,36-45,50K-75K,5-10 Years
EMP12531,Rahul,Patel,Female,35,Customer Support,Customer Success Specialist,Ahmedabad,Bachelor's,Full-Time,Hybrid,2017-12-20,8.7,58400,Needs Improvement,2,Dissatisfied,2,No,Rarely,16,1,1.9,12,Yes,26-35,50K-75K,5-10 Years
EMP12532,Kavya,Nair,Male,54,Operations,Process Associate,Delhi NCR,Diploma,Full-Time,Hybrid,2015-05-15,11.3,71500,Meets Expectations,4,Satisfied,4,No,Rarely,4,3,1.5,2,No,46-55,50K-75K,10+ Years
EMP12533,Sneha,Joshi,Male,28,Customer Support,Team Lead,Bengaluru,Bachelor's,Contract,Onsite,2015-10-08,10.9,39400,Meets Expectations,5,Very Satisfied,5,No,Rarely,27,2,3.2,6,No,26-35,<50K,10+ Years
EMP12534,Meera,Das,Female,23,Technology,BI Analyst,Pune,Diploma,Full-Time,Hybrid,2024-11-13,1.8,75400,Exceeds Expectations,2,Dissatisfied,1,No,None,31,0,3.0,12,No,21-25,75K-100K,1-3 Years
EMP12535,Neha,Gupta,Male,27,Operations,Operations Executive,Hyderabad,Bachelor's,Full-Time,Remote,2011-09-02,15.0,44100,Needs Improvement,3,Neutral,4,No,Frequently,17,1,1.9,8,No,26-35,<50K,10+ Years
EMP12536,Priya,Patel,Male,53,Customer Support,Customer Success Specialist,Delhi NCR,Bachelor's,Full-Time,Onsite,2012-07-26,14.1,61700,Exceeds Expectations,5,Very Satisfied,4,No,None,14,1,10.6,19,Yes,46-55,50K-75K,10+ Years
EMP12537,Kiran,Gupta,Male,39,Finance,Financial Analyst,Bengaluru,Master's,Full-Time,Onsite,2013-03-03,13.5,90500,Meets Expectations,2,Dissatisfied,3,No,Rarely,6,3,11.9,11,No,36-45,75K-100K,10+ Years
EMP12538,Rahul,Verma,Male,22,Human Resources,Recruiter,Delhi NCR,Diploma,Full-Time,Hybrid,2017-04-08,9.4,51500,Needs Improvement,2,Dissatisfied,2,No,None,13,2,7.9,14,No,21-25,50K-75K,5-10 Years
EMP12539,Vikram,Gupta,Female,27,Human Resources,HR Analyst,Hyderabad,Bachelor's,Full-Time,Hybrid,2018-10-08,7.9,69100,Needs Improvement,2,Dissatisfied,1,No,Rarely,20,0,9.1,3,No,26-35,50K-75K,5-10 Years
EMP12540,Pooja,Singh,Male,22,Human Resources,Recruiter,Mumbai,Master's,Contract,Onsite,2018-07-27,8.1,80500,Meets Expectations,3,Neutral,1,No,Frequently,40,1,6.4,13,No,21-25,75K-100K,5-10 Years
EMP12541,Pooja,Nair,Female,53,Finance,Finance Manager,Bengaluru,MBA,Full-Time,Hybrid,2026-04-08,0.4,104200,Needs Improvement,3,Neutral,2,Yes,None,7,2,7.6,1,Yes,46-55,100K-150K,<1 Year
EMP12542,Divya,Rao,Male,39,Customer Support,Team Lead,Pune,Bachelor's,Contract,Remote,2019-01-26,7.6,39200,Exceeds Expectations,4,Satisfied,3,No,Rarely,34,1,10.2,8,No,36-45,<50K,5-10 Years
EMP12543,Divya,Iyer,Female,23,Customer Support,Customer Success Specialist,Chennai,Bachelor's,Full-Time,Onsite,2017-04-08,9.4,44000,Exceeds Expectations,2,Dissatisfied,3,No,Rarely,20,2,10.7,2,No,21-25,<50K,5-10 Years
EMP12544,Sanjay,Reddy,Male,29,Finance,Senior Accountant,Hyderabad,Bachelor's,Full-Time,Onsite,2016-10-08,9.9,69100,Needs Improvement,3,Neutral,5,No,None,22,2,4.0,12,Yes,26-35,50K-75K,5-10 Years
EMP12545,Sneha,Nair,Male,45,Operations,Operations Analyst,Chennai,Bachelor's,Full-Time,Hybrid,2021-07-27,5.1,65600,Meets Expectations,1,Very Dissatisfied,4,No,None,12,0,9.6,14,No,36-45,50K-75K,5-10 Years
EMP12546,Vihaan,Verma,Female,44,Finance,Finance Manager,Delhi NCR,Bachelor's,Contract,Hybrid,2019-06-21,7.2,56700,Meets Expectations,5,Very Satisfied,5,Yes,Rarely,38,3,0.4,15,Yes,36-45,50K-75K,5-10 Years
EMP12547,Arjun,Verma,Male,53,Operations,Operations Manager,Pune,Master's,Full-Time,Onsite,2017-01-25,9.6,46200,Outstanding,2,Dissatisfied,4,No,None,2,2,1.6,20,No,46-55,<50K,5-10 Years
EMP12548,Kiran,Verma,Male,22,Marketing,Content Specialist,Bengaluru,Bachelor's,Full-Time,Hybrid,2020-03-02,6.5,84200,Meets Expectations,2,Dissatisfied,3,No,None,8,1,3.7,6,No,21-25,75K-100K,5-10 Years
EMP12549,Arjun,Reddy,Female,23,Human Resources,HR Analyst,Chennai,Master's,Contract,Hybrid,2012-04-08,14.4,69300,Needs Improvement,1,Very Dissatisfied,5,No,Frequently,12,1,6.0,17,No,21-25,50K-75K,10+ Years
EMP12550,Aisha,Verma,Female,22,Sales,Business Development Executive,Pune,Bachelor's,Contract,Hybrid,2016-01-26,10.6,46500,Meets Expectations,2,Dissatisfied,4,No,Rarely,23,1,2.9,21,No,21-25,<50K,10+ Years
EMP12551,Isha,Rao,Male,36,Marketing,Digital Marketing Analyst,Ahmedabad,Bachelor's,Full-Time,Hybrid,2026-06-20,0.2,63800,Meets Expectations,5,Very Satisfied,5,No,Rarely,17,2,10.5,12,No,36-45,50K-75K,<1 Year
EMP12552,Aarav,Kumar,Female,50,Finance,Accountant,Hyderabad,Diploma,Full-Time,Onsite,2026-03-03,0.5,56600,Meets Expectations,3,Neutral,2,No,Rarely,38,2,6.6,0,No,46-55,50K-75K,<1 Year
EMP12553,Kavya,Iyer,Female,47,Technology,Data Analyst,Chennai,Master's,Full-Time,Onsite,2016-04-08,10.4,84000,Meets Expectations,4,Satisfied,4,No,None,7,2,5.1,18,No,46-55,75K-100K,10+ Years
EMP12554,Kiran,Kumar,Female,29,Technology,BI Analyst,Delhi NCR,Bachelor's,Full-Time,Hybrid,2020-05-14,6.3,86600,Needs Improvement,3,Neutral,2,No,Rarely,23,2,9.6,7,No,26-35,75K-100K,5-10 Years
EMP12555,Sanjay,Rao,Female,47,Customer Support,Support Analyst,Chennai,Bachelor's,Full-Time,Hybrid,2014-01-25,12.6,36600,Needs Improvement,2,Dissatisfied,2,No,None,19,3,8.5,1,No,46-55,<50K,10+ Years
EMP12556,Vikram,Singh,Male,47,Sales,Sales Executive,Ahmedabad,Bachelor's,Contract,Hybrid,2023-11-14,2.8,41800,Meets Expectations,4,Satisfied,4,No,None,12,2,9.1,22,No,46-55,<50K,1-3 Years
EMP12557,Arjun,Rao,Female,28,Operations,Process Associate,Ahmedabad,Master's,Full-Time,Hybrid,2026-04-08,0.4,77200,Needs Improvement,2,Dissatisfied,3,No,Rarely,0,3,4.0,9,No,26-35,75K-100K,<1 Year
EMP12558,Aisha,Verma,Male,50,Customer Support,Team Lead,Chennai,Master's,Contract,Onsite,2020-10-08,5.9,66600,Meets Expectations,4,Satisfied,4,No,Frequently,33,3,3.9,18,No,46-55,50K-75K,5-10 Years
EMP12559,Rohit,Gupta,Male,37,Sales,Sales Executive,Delhi NCR,Diploma,Full-Time,Remote,2015-07-27,11.1,39100,Needs Improvement,5,Very Satisfied,4,No,None,8,2,3.7,7,No,36-45,<50K,10+ Years
EMP12560,Nikhil,Singh,Male,23,Marketing,Content Specialist,Pune,Master's,Full-Time,Hybrid,2012-01-26,14.6,77000,Exceeds Expectations,1,Very Dissatisfied,4,No,Frequently,5,0,9.5,1,Yes,21-25,75K-100K,10+ Years
EMP12561,Priya,Singh,Male,36,Marketing,Marketing Manager,Ahmedabad,Bachelor's,Full-Time,Onsite,2013-05-15,13.3,48400,Meets Expectations,1,Very Dissatisfied,1,No,Rarely,23,1,4.7,12,No,36-45,<50K,10+ Years
EMP12562,Ananya,Nair,Male,51,Finance,Financial Analyst,Mumbai,Bachelor's,Full-Time,Onsite,2019-04-09,7.4,96100,Meets Expectations,4,Satisfied,1,No,None,6,3,1.6,8,No,46-55,75K-100K,5-10 Years
EMP12563,Arjun,Nair,Male,48,Marketing,Digital Marketing Analyst,Mumbai,Diploma,Full-Time,Onsite,2014-06-20,12.2,89400,Meets Expectations,1,Very Dissatisfied,2,No,None,26,0,6.1,15,No,46-55,75K-100K,10+ Years
EMP12564,Kavya,Gupta,Female,31,Finance,Senior Accountant,Chennai,Bachelor's,Contract,Onsite,2025-06-20,1.2,84800,Meets Expectations,4,Satisfied,2,No,None,29,1,2.7,15,No,26-35,75K-100K,1-3 Years
EMP12565,Arjun,Verma,Female,51,Human Resources,HR Analyst,Chennai,Bachelor's,Contract,Hybrid,2017-12-20,8.7,72900,Meets Expectations,2,Dissatisfied,5,No,Rarely,9,3,7.0,20,No,46-55,50K-75K,5-10 Years
EMP12566,Aisha,Reddy,Male,36,Human Resources,HR Manager,Pune,MBA,Full-Time,Onsite,2012-10-08,13.9,60700,Outstanding,3,Neutral,1,No,None,2,0,6.4,12,No,36-45,50K-75K,10+ Years
EMP12567,Sneha,Verma,Female,39,Operations,Operations Analyst,Pune,Bachelor's,Full-Time,Hybrid,2020-07-26,6.1,48700,Exceeds Expectations,4,Satisfied,3,No,None,3,2,3.4,16,No,36-45,<50K,5-10 Years
EMP12568,Rohit,Kumar,Female,24,Marketing,Marketing Executive,Ahmedabad,Bachelor's,Contract,Hybrid,2012-04-08,14.4,69600,Meets Expectations,2,Dissatisfied,4,No,None,2,2,11.1,21,No,21-25,50K-75K,10+ Years
EMP12569,Vikram,Sharma,Male,60,Finance,Accountant,Pune,Bachelor's,Full-Time,Onsite,2023-03-03,3.5,56600,Meets Expectations,5,Very Satisfied,2,No,Frequently,19,1,5.4,22,Yes,56+,50K-75K,3-5 Years
EMP12570,Arjun,Gupta,Male,54,Customer Support,Support Analyst,Ahmedabad,Bachelor's,Full-Time,Onsite,2024-11-13,1.8,58300,Meets Expectations,5,Very Satisfied,2,No,None,15,1,6.5,18,Yes,46-55,50K-75K,1-3 Years
EMP12571,Nikhil,Verma,Female,28,Operations,Operations Manager,Hyderabad,Bachelor's,Full-Time,Onsite,2018-09-01,8.0,58700,Meets Expectations,2,Dissatisfied,2,Yes,None,31,1,8.6,14,No,26-35,50K-75K,5-10 Years
EMP12572,Arjun,Verma,Female,43,Customer Support,Team Lead,Delhi NCR,Bachelor's,Contract,Hybrid,2013-01-25,13.6,39100,Outstanding,4,Satisfied,3,No,None,16,0,7.7,15,No,36-45,<50K,10+ Years
EMP12573,Ananya,Nair,Male,52,Operations,Operations Executive,Kolkata,Bachelor's,Contract,Hybrid,2021-11-13,4.8,64000,Meets Expectations,4,Satisfied,4,No,None,26,2,0.7,19,No,46-55,50K-75K,3-5 Years
EMP12574,Arjun,Singh,Male,41,Finance,Senior Accountant,Hyderabad,Diploma,Full-Time,Hybrid,2014-09-01,12.0,95300,Outstanding,2,Dissatisfied,3,No,None,19,1,6.0,13,No,36-45,75K-100K,10+ Years
EMP12575,Pooja,Singh,Non-Binary,29,Operations,Operations Manager,Hyderabad,Bachelor's,Full-Time,Onsite,2023-12-20,2.7,64000,Exceeds Expectations,5,Very Satisfied,5,No,Rarely,17,0,10.8,14,No,26-35,50K-75K,1-3 Years
EMP12576,Aditya,Kumar,Female,59,Finance,Financial Analyst,Pune,Bachelor's,Full-Time,Remote,2015-06-21,11.2,79700,Needs Improvement,2,Dissatisfied,1,Yes,Rarely,30,1,10.7,22,No,56+,75K-100K,10+ Years
EMP12577,Neha,Sharma,Female,31,Technology,IT Support Specialist,Pune,Master's,Full-Time,Hybrid,2018-04-08,8.4,118000,Meets Expectations,2,Dissatisfied,2,No,None,20,0,1.7,17,Yes,26-35,100K-150K,5-10 Years
EMP12578,Nikhil,Iyer,Female,34,Human Resources,HR Analyst,Bengaluru,Bachelor's,Contract,Hybrid,2023-11-14,2.8,42500,Meets Expectations,4,Satisfied,2,No,Frequently,23,0,3.7,11,No,26-35,<50K,1-3 Years
EMP12579,Rohit,Patel,Male,35,Customer Support,Support Analyst,Mumbai,Bachelor's,Full-Time,Hybrid,2015-11-14,10.8,56100,Needs Improvement,1,Very Dissatisfied,2,No,None,18,2,3.4,12,Yes,26-35,50K-75K,10+ Years
EMP12580,Arjun,Rao,Female,56,Human Resources,Recruiter,Mumbai,Master's,Full-Time,Onsite,2015-11-14,10.8,62600,Meets Expectations,5,Very Satisfied,4,Yes,Frequently,29,1,11.0,0,Yes,56+,50K-75K,10+ Years
EMP12581,Sneha,Joshi,Male,41,Finance,Financial Analyst,Kolkata,Bachelor's,Full-Time,Hybrid,2018-11-14,7.8,60100,Meets Expectations,2,Dissatisfied,1,Yes,None,12,0,11.6,11,No,36-45,50K-75K,5-10 Years
EMP12582,Aisha,Kumar,Female,49,Human Resources,HR Executive,Chennai,Bachelor's,Contract,Hybrid,2023-03-03,3.5,91400,Needs Improvement,3,Neutral,2,No,Frequently,2,1,5.4,17,No,46-55,75K-100K,3-5 Years
EMP12583,Sneha,Kumar,Male,57,Finance,Finance Manager,Kolkata,Bachelor's,Full-Time,Onsite,2024-06-20,2.2,72400,Meets Expectations,4,Satisfied,1,No,Frequently,17,3,8.4,7,No,56+,50K-75K,1-3 Years
EMP12584,Aarav,Nair,Female,58,Marketing,Digital Marketing Analyst,Chennai,Bachelor's,Full-Time,Onsite,2012-04-08,14.4,61000,Exceeds Expectations,5,Very Satisfied,3,No,Frequently,12,2,2.2,12,No,56+,50K-75K,10+ Years
EMP12585,Isha,Singh,Male,55,Finance,Financial Analyst,Kolkata,MBA,Full-Time,Hybrid,2016-10-08,9.9,58600,Outstanding,4,Satisfied,5,Yes,None,36,2,8.0,11,No,46-55,50K-75K,5-10 Years
EMP12586,Divya,Patel,Male,57,Human Resources,HR Executive,Ahmedabad,Bachelor's,Full-Time,Hybrid,2014-06-20,12.2,92300,Meets Expectations,2,Dissatisfied,5,No,None,39,1,0.8,19,Yes,56+,75K-100K,10+ Years
EMP12587,Neha,Das,Female,58,Finance,Senior Accountant,Chennai,Bachelor's,Full-Time,Remote,2016-03-02,10.5,98800,Outstanding,4,Satisfied,1,No,Frequently,8,3,1.1,7,No,56+,75K-100K,10+ Years
EMP12588,Aarav,Patel,Female,60,Finance,Financial Analyst,Ahmedabad,Bachelor's,Full-Time,Hybrid,2014-03-03,12.5,52800,Needs Improvement,2,Dissatisfied,1,No,None,17,0,4.8,10,No,56+,50K-75K,10+ Years
EMP12589,Ananya,Sharma,Female,46,Customer Support,Support Executive,Mumbai,Bachelor's,Contract,Remote,2024-01-26,2.6,54100,Needs Improvement,3,Neutral,3,No,None,17,3,10.3,5,No,46-55,50K-75K,1-3 Years
EMP12590,Rohit,Das,Male,26,Finance,Finance Manager,Pune,Diploma,Full-Time,Onsite,2019-01-26,7.6,57400,Meets Expectations,4,Satisfied,2,No,None,9,2,0.4,3,No,26-35,50K-75K,5-10 Years
EMP12591,Kavya,Iyer,Male,25,Sales,Sales Executive,Kolkata,Bachelor's,Full-Time,Hybrid,2016-07-26,10.1,72500,Exceeds Expectations,3,Neutral,2,Yes,None,0,1,4.1,13,Yes,21-25,50K-75K,10+ Years
EMP12592,Aisha,Joshi,Male,52,Finance,Finance Manager,Mumbai,Bachelor's,Contract,Onsite,2024-12-20,1.7,77100,Needs Improvement,1,Very Dissatisfied,4,No,None,40,3,7.7,15,Yes,46-55,75K-100K,1-3 Years
EMP12593,Pooja,Reddy,Male,33,Human Resources,Recruiter,Mumbai,Master's,Full-Time,Remote,2024-04-08,2.4,47600,Needs Improvement,1,Very Dissatisfied,2,No,None,26,2,3.8,13,No,26-35,<50K,1-3 Years
EMP12594,Pooja,Rao,Female,53,Sales,Sales Manager,Kolkata,Bachelor's,Full-Time,Hybrid,2017-01-25,9.6,65100,Needs Improvement,1,Very Dissatisfied,3,Yes,Rarely,16,3,0.3,21,Yes,46-55,50K-75K,5-10 Years
EMP12595,Divya,Joshi,Female,58,Finance,Accountant,Delhi NCR,MBA,Contract,Hybrid,2013-07-27,13.1,102000,Needs Improvement,1,Very Dissatisfied,1,Yes,None,7,1,6.5,16,No,56+,100K-150K,10+ Years
EMP12596,Vihaan,Gupta,Female,46,Technology,IT Support Specialist,Ahmedabad,Master's,Contract,Onsite,2016-09-01,10.0,82500,Meets Expectations,4,Satisfied,5,No,None,19,0,1.7,2,No,46-55,75K-100K,5-10 Years
EMP12597,Aditya,Patel,Female,51,Human Resources,Recruiter,Hyderabad,Bachelor's,Full-Time,Hybrid,2025-12-20,0.7,44600,Meets Expectations,1,Very Dissatisfied,1,No,None,11,1,3.9,13,No,46-55,<50K,<1 Year
EMP12598,Isha,Singh,Male,32,Operations,Operations Analyst,Delhi NCR,Bachelor's,Full-Time,Hybrid,2012-01-26,14.6,80000,Meets Expectations,2,Dissatisfied,1,Yes,Frequently,9,2,10.8,4,No,26-35,75K-100K,10+ Years
EMP12599,Neha,Patel,Male,38,Customer Support,Support Executive,Chennai,Bachelor's,Full-Time,Onsite,2024-05-14,2.3,37700,Meets Expectations,2,Dissatisfied,3,No,Rarely,39,0,7.2,1,No,36-45,<50K,1-3 Years
EMP12600,Aisha,Gupta,Female,59,Finance,Accountant,Hyderabad,Bachelor's,Contract,Hybrid,2023-01-26,3.6,76500,Meets Expectations,1,Very Dissatisfied,5,Yes,Rarely,26,0,8.8,5,No,56+,75K-100K,3-5 Years
EMP12601,Rahul,Gupta,Male,53,Customer Support,Support Executive,Pune,Bachelor's,Full-Time,Hybrid,2012-01-26,14.6,53300,Exceeds Expectations,5,Very Satisfied,4,No,Rarely,12,0,2.1,17,No,46-55,50K-75K,10+ Years
EMP12602,Sanjay,Nair,Female,29,Technology,Software Engineer,Delhi NCR,Bachelor's,Full-Time,Hybrid,2015-01-26,11.6,75100,Meets Expectations,1,Very Dissatisfied,3,Yes,Rarely,8,1,9.0,3,No,26-35,75K-100K,10+ Years
EMP12603,Sneha,Patel,Male,58,Operations,Operations Analyst,Hyderabad,Master's,Full-Time,Hybrid,2012-07-26,14.1,45500,Meets Expectations,1,Very Dissatisfied,2,No,None,31,0,2.2,22,Yes,56+,<50K,10+ Years
EMP12604,Sneha,Nair,Male,40,Human Resources,HR Executive,Chennai,Diploma,Full-Time,Hybrid,2014-07-27,12.1,47700,Meets Expectations,2,Dissatisfied,2,No,Rarely,25,3,10.5,12,Yes,36-45,<50K,10+ Years
EMP12605,Pooja,Rao,Male,54,Operations,Operations Executive,Delhi NCR,Bachelor's,Full-Time,Onsite,2016-11-13,9.8,40600,Meets Expectations,1,Very Dissatisfied,4,No,None,35,2,8.3,8,Yes,46-55,<50K,5-10 Years
EMP12606,Vikram,Sharma,Male,41,Operations,Operations Analyst,Pune,Bachelor's,Full-Time,Hybrid,2022-04-08,4.4,60400,Meets Expectations,2,Dissatisfied,3,No,Rarely,31,0,8.1,1,No,36-45,50K-75K,3-5 Years
EMP12607,Isha,Das,Female,45,Human Resources,Recruiter,Kolkata,Bachelor's,Full-Time,Remote,2021-09-01,5.0,84400,Meets Expectations,1,Very Dissatisfied,4,No,None,16,1,2.8,7,No,36-45,75K-100K,3-5 Years
EMP12608,Rohit,Reddy,Non-Binary,27,Technology,Software Engineer,Ahmedabad,MBA,Full-Time,Onsite,2012-06-20,14.2,67400,Meets Expectations,2,Dissatisfied,3,No,Frequently,26,3,5.3,22,No,26-35,50K-75K,10+ Years
EMP12609,Aisha,Sharma,Male,34,Human Resources,HR Analyst,Delhi NCR,Bachelor's,Full-Time,Remote,2013-10-08,12.9,77300,Meets Expectations,1,Very Dissatisfied,2,No,None,15,3,0.7,9,No,26-35,75K-100K,10+ Years
EMP12610,Aarav,Nair,Female,49,Operations,Operations Executive,Delhi NCR,Master's,Contract,Remote,2021-03-03,5.5,56100,Meets Expectations,5,Very Satisfied,1,No,None,3,1,4.3,3,No,46-55,50K-75K,5-10 Years
EMP12611,Rahul,Reddy,Male,54,Customer Support,Support Executive,Pune,Bachelor's,Full-Time,Onsite,2020-12-20,5.7,33600,Outstanding,4,Satisfied,2,No,Rarely,1,1,0.5,21,No,46-55,<50K,5-10 Years
EMP12612,Aarav,Verma,Male,24,Customer Support,Support Executive,Ahmedabad,Master's,Contract,Onsite,2022-01-25,4.6,53000,Meets Expectations,4,Satisfied,2,No,None,3,2,0.3,1,No,21-25,50K-75K,3-5 Years
EMP12613,Rahul,Singh,Female,24,Technology,Data Analyst,Chennai,Bachelor's,Full-Time,Hybrid,2021-09-01,5.0,76200,Meets Expectations,3,Neutral,3,No,None,37,2,2.3,10,No,21-25,75K-100K,3-5 Years
EMP12614,Ananya,Iyer,Male,48,Marketing,Marketing Manager,Hyderabad,Bachelor's,Full-Time,Remote,2013-10-08,12.9,75100,Needs Improvement,4,Satisfied,2,No,Frequently,34,1,8.2,7,No,46-55,75K-100K,10+ Years
EMP12615,Pooja,Patel,Male,38,Sales,Business Development Executive,Pune,Bachelor's,Full-Time,Onsite,2026-04-08,0.4,55300,Meets Expectations,5,Very Satisfied,4,Yes,Rarely,16,2,3.0,9,No,36-45,50K-75K,<1 Year
EMP12616,Aarav,Reddy,Male,54,Marketing,Marketing Manager,Kolkata,MBA,Full-Time,Remote,2019-12-20,6.7,78300,Meets Expectations,1,Very Dissatisfied,3,No,Rarely,37,2,10.8,10,No,46-55,75K-100K,5-10 Years
EMP12617,Priya,Reddy,Male,23,Customer Support,Support Analyst,Mumbai,Bachelor's,Contract,Onsite,2012-06-20,14.2,67800,Needs Improvement,3,Neutral,2,Yes,None,30,2,6.7,10,Yes,21-25,50K-75K,10+ Years
EMP12618,Aditya,Iyer,Female,34,Sales,Business Development Executive,Mumbai,Bachelor's,Full-Time,Hybrid,2018-06-20,8.2,50400,Exceeds Expectations,1,Very Dissatisfied,1,No,None,5,2,5.5,18,No,26-35,50K-75K,5-10 Years
EMP12619,Arjun,Iyer,Male,22,Marketing,Digital Marketing Analyst,Delhi NCR,Bachelor's,Contract,Remote,2019-10-08,6.9,92600,Outstanding,3,Neutral,1,No,None,9,1,5.2,1,No,21-25,75K-100K,5-10 Years
EMP12620,Vihaan,Reddy,Male,49,Customer Support,Team Lead,Pune,Master's,Full-Time,Onsite,2021-11-13,4.8,40200,Meets Expectations,5,Very Satisfied,1,No,Rarely,15,0,5.5,14,No,46-55,<50K,3-5 Years
EMP12621,Priya,Singh,Female,55,Operations,Process Associate,Pune,Bachelor's,Full-Time,Hybrid,2025-05-15,1.3,40700,Needs Improvement,4,Satisfied,2,No,Rarely,32,2,2.7,14,No,46-55,<50K,1-3 Years
EMP12622,Sneha,Sharma,Male,27,Finance,Finance Manager,Ahmedabad,Bachelor's,Full-Time,Onsite,2023-03-03,3.5,60000,Outstanding,4,Satisfied,2,No,None,26,0,5.1,22,Yes,26-35,50K-75K,3-5 Years
EMP12623,Kiran,Das,Male,33,Sales,Business Development Executive,Chennai,Bachelor's,Full-Time,Hybrid,2025-03-03,1.5,77100,Needs Improvement,1,Very Dissatisfied,1,No,None,16,2,0.4,21,No,26-35,75K-100K,1-3 Years
EMP12624,Kavya,Joshi,Male,54,Customer Support,Support Executive,Kolkata,Bachelor's,Contract,Remote,2024-07-26,2.1,58500,Meets Expectations,5,Very Satisfied,4,No,None,34,3,5.1,9,No,46-55,50K-75K,1-3 Years
EMP12625,Nikhil,Nair,Female,22,Customer Support,Team Lead,Delhi NCR,Master's,Full-Time,Onsite,2024-01-26,2.6,69800,Meets Expectations,4,Satisfied,3,No,None,13,3,4.7,12,No,21-25,50K-75K,1-3 Years
EMP12626,Aisha,Verma,Female,59,Marketing,Marketing Manager,Mumbai,Bachelor's,Full-Time,Hybrid,2021-12-20,4.7,80600,Meets Expectations,2,Dissatisfied,5,Yes,None,37,3,0.7,2,No,56+,75K-100K,3-5 Years
EMP12627,Ananya,Singh,Female,56,Customer Support,Support Executive,Mumbai,Bachelor's,Full-Time,Remote,2026-04-08,0.4,48200,Meets Expectations,2,Dissatisfied,5,No,None,29,2,7.4,18,No,56+,<50K,<1 Year
EMP12628,Divya,Patel,Male,27,Sales,Sales Executive,Ahmedabad,MBA,Full-Time,Hybrid,2012-05-14,14.3,80800,Needs Improvement,3,Neutral,1,Yes,None,28,2,9.5,20,No,26-35,75K-100K,10+ Years
EMP12629,Kavya,Nair,Male,26,Marketing,Marketing Manager,Mumbai,Master's,Contract,Remote,2024-09-01,2.0,93500,Meets Expectations,4,Satisfied,4,No,None,3,3,2.5,19,No,26-35,75K-100K,1-3 Years
EMP12630,Divya,Verma,Female,48,Sales,Account Manager,Kolkata,MBA,Contract,Remote,2020-10-08,5.9,76000,Meets Expectations,3,Neutral,5,No,None,6,3,5.6,13,No,46-55,75K-100K,5-10 Years
EMP12631,Meera,Rao,Female,21,Customer Support,Customer Success Specialist,Bengaluru,Bachelor's,Full-Time,Onsite,2013-06-20,13.2,53800,Meets Expectations,5,Very Satisfied,5,No,None,40,3,11.0,19,No,21-25,50K-75K,10+ Years
EMP12632,Rahul,Singh,Male,41,Marketing,Digital Marketing Analyst,Chennai,Diploma,Full-Time,Hybrid,2024-11-13,1.8,86600,Meets Expectations,2,Dissatisfied,4,No,Frequently,31,0,10.8,11,No,36-45,75K-100K,1-3 Years
EMP12633,Rohit,Nair,Female,23,Customer Support,Team Lead,Mumbai,Master's,Full-Time,Hybrid,2019-04-09,7.4,39200,Meets Expectations,4,Satisfied,1,No,None,10,1,3.3,3,No,21-25,<50K,5-10 Years
EMP12634,Vikram,Iyer,Male,42,Human Resources,HR Analyst,Hyderabad,Bachelor's,Contract,Hybrid,2013-12-20,12.7,87400,Meets Expectations,5,Very Satisfied,5,Yes,None,35,3,2.8,10,No,36-45,75K-100K,10+ Years
EMP12635,Sneha,Reddy,Male,35,Sales,Sales Executive,Ahmedabad,Bachelor's,Full-Time,Hybrid,2018-04-08,8.4,85800,Meets Expectations,4,Satisfied,5,No,None,12,2,2.8,0,No,26-35,75K-100K,5-10 Years
EMP12636,Priya,Das,Male,49,Sales,Account Manager,Mumbai,Bachelor's,Full-Time,Onsite,2023-05-15,3.3,70100,Meets Expectations,2,Dissatisfied,3,Yes,None,14,1,7.2,4,Yes,46-55,50K-75K,3-5 Years
EMP12637,Sanjay,Rao,Female,56,Finance,Financial Analyst,Hyderabad,Diploma,Full-Time,Hybrid,2015-07-27,11.1,60200,Needs Improvement,3,Neutral,5,No,None,12,2,10.1,11,No,56+,50K-75K,10+ Years
EMP12638,Aarav,Gupta,Female,40,Operations,Operations Manager,Chennai,Master's,Contract,Hybrid,2016-05-14,10.3,44000,Meets Expectations,3,Neutral,3,No,None,20,3,3.1,8,No,36-45,<50K,10+ Years
EMP12639,Nikhil,Das,Male,46,Technology,IT Support Specialist,Ahmedabad,Master's,Full-Time,Hybrid,2021-01-25,5.6,125900,Meets Expectations,2,Dissatisfied,3,No,None,31,3,7.8,0,Yes,46-55,100K-150K,5-10 Years
EMP12640,Arjun,Patel,Male,45,Operations,Process Associate,Mumbai,MBA,Contract,Hybrid,2025-10-08,0.9,76700,Meets Expectations,1,Very Dissatisfied,4,Yes,Frequently,6,1,8.6,7,No,36-45,75K-100K,<1 Year
EMP12641,Meera,Kumar,Male,60,Technology,BI Analyst,Bengaluru,Bachelor's,Full-Time,Onsite,2026-05-15,0.3,111100,Meets Expectations,1,Very Dissatisfied,4,No,Frequently,39,2,1.8,10,No,56+,100K-150K,<1 Year
EMP12642,Pooja,Sharma,Male,30,Human Resources,HR Manager,Hyderabad,Bachelor's,Full-Time,Hybrid,2014-04-08,12.4,89800,Meets Expectations,4,Satisfied,3,Yes,None,12,3,1.3,8,No,26-35,75K-100K,10+ Years
EMP12643,Arjun,Iyer,Male,30,Technology,Data Analyst,Chennai,Bachelor's,Full-Time,Hybrid,2021-09-01,5.0,93800,Needs Improvement,2,Dissatisfied,4,No,None,39,2,1.2,10,No,26-35,75K-100K,3-5 Years
EMP12644,Nikhil,Das,Male,36,Human Resources,Recruiter,Kolkata,MBA,Full-Time,Remote,2024-06-20,2.2,86700,Meets Expectations,4,Satisfied,5,Yes,Frequently,35,3,5.5,6,No,36-45,75K-100K,1-3 Years
EMP12645,Sneha,Nair,Female,50,Human Resources,HR Executive,Pune,Master's,Contract,Hybrid,2018-10-08,7.9,50200,Needs Improvement,4,Satisfied,4,Yes,None,22,1,3.2,8,Yes,46-55,50K-75K,5-10 Years
EMP12646,Sanjay,Sharma,Female,55,Sales,Sales Manager,Kolkata,Bachelor's,Contract,Remote,2012-11-13,13.8,47600,Meets Expectations,3,Neutral,5,No,Frequently,3,3,4.4,11,No,46-55,<50K,10+ Years
EMP12647,Arjun,Iyer,Female,32,Human Resources,Recruiter,Mumbai,MBA,Full-Time,Hybrid,2026-05-15,0.3,67800,Needs Improvement,2,Dissatisfied,3,No,Rarely,23,0,11.7,4,No,26-35,50K-75K,<1 Year
EMP12648,Neha,Reddy,Female,25,Operations,Operations Executive,Kolkata,Bachelor's,Contract,Remote,2025-09-01,1.0,52500,Needs Improvement,5,Very Satisfied,3,No,None,31,0,4.0,17,No,21-25,50K-75K,<1 Year
EMP12649,Meera,Patel,Female,45,Customer Support,Support Analyst,Ahmedabad,Bachelor's,Contract,Onsite,2020-04-08,6.4,49000,Meets Expectations,1,Very Dissatisfied,4,Yes,None,40,0,4.1,5,No,36-45,<50K,5-10 Years
EMP12650,Isha,Gupta,Female,44,Finance,Finance Manager,Kolkata,Bachelor's,Full-Time,Hybrid,2016-06-20,10.2,95400,Meets Expectations,2,Dissatisfied,3,No,None,4,3,8.9,22,No,36-45,75K-100K,10+ Years
EMP12651,Vikram,Sharma,Female,35,Customer Support,Customer Success Specialist,Delhi NCR,Bachelor's,Full-Time,Onsite,2019-06-21,7.2,34300,Meets Expectations,4,Satisfied,1,No,Frequently,30,0,11.3,7,Yes,26-35,<50K,5-10 Years
EMP12652,Pooja,Das,Male,28,Customer Support,Support Analyst,Bengaluru,MBA,Full-Time,Hybrid,2013-03-03,13.5,60100,Meets Expectations,5,Very Satisfied,3,Yes,None,11,1,7.8,2,No,26-35,50K-75K,10+ Years
EMP12653,Pooja,Iyer,Male,54,Customer Support,Customer Success Specialist,Delhi NCR,Bachelor's,Full-Time,Remote,2025-10-08,0.9,35700,Meets Expectations,3,Neutral,1,No,Rarely,30,1,9.3,12,No,46-55,<50K,<1 Year
EMP12654,Pooja,Singh,Male,54,Finance,Accountant,Mumbai,Master's,Full-Time,Hybrid,2021-06-20,5.2,98300,Meets Expectations,4,Satisfied,4,No,None,23,1,2.9,20,No,46-55,75K-100K,5-10 Years
EMP12655,Isha,Reddy,Female,50,Operations,Operations Executive,Bengaluru,Bachelor's,Full-Time,Hybrid,2021-04-08,5.4,46600,Needs Improvement,2,Dissatisfied,4,No,Frequently,35,0,2.4,12,Yes,46-55,<50K,5-10 Years
EMP12656,Kiran,Gupta,Male,44,Human Resources,HR Analyst,Kolkata,Bachelor's,Contract,Hybrid,2021-06-20,5.2,79000,Needs Improvement,5,Very Satisfied,4,No,Rarely,0,2,12.0,7,No,36-45,75K-100K,5-10 Years
EMP12657,Ananya,Das,Female,31,Sales,Business Development Executive,Ahmedabad,MBA,Full-Time,Onsite,2019-04-09,7.4,66700,Exceeds Expectations,3,Neutral,5,No,None,20,2,11.6,19,No,26-35,50K-75K,5-10 Years
EMP12658,Sneha,Iyer,Female,37,Technology,IT Support Specialist,Mumbai,Master's,Full-Time,Remote,2014-10-08,11.9,85600,Needs Improvement,4,Satisfied,4,No,None,27,1,4.3,11,Yes,36-45,75K-100K,10+ Years
EMP12659,Isha,Patel,Male,23,Marketing,Marketing Manager,Kolkata,MBA,Full-Time,Onsite,2021-10-08,4.9,57500,Meets Expectations,1,Very Dissatisfied,2,Yes,None,15,2,9.7,10,No,21-25,50K-75K,3-5 Years
EMP12660,Aditya,Patel,Male,30,Technology,BI Analyst,Mumbai,Bachelor's,Contract,Onsite,2015-06-21,11.2,62500,Meets Expectations,3,Neutral,1,No,Frequently,12,2,3.5,2,No,26-35,50K-75K,10+ Years
EMP12661,Vihaan,Sharma,Non-Binary,39,Human Resources,Recruiter,Ahmedabad,Bachelor's,Contract,Onsite,2024-04-08,2.4,59800,Meets Expectations,4,Satisfied,1,Yes,Rarely,13,0,0.8,15,No,36-45,50K-75K,1-3 Years
EMP12662,Divya,Sharma,Male,38,Operations,Operations Analyst,Pune,Bachelor's,Full-Time,Remote,2018-03-03,8.5,46500,Meets Expectations,3,Neutral,5,No,None,30,3,8.4,3,No,36-45,<50K,5-10 Years
EMP12663,Kavya,Nair,Male,24,Technology,Data Analyst,Hyderabad,Bachelor's,Full-Time,Hybrid,2020-11-13,5.8,68000,Meets Expectations,5,Very Satisfied,4,Yes,Frequently,8,1,6.6,17,No,21-25,50K-75K,5-10 Years
EMP12664,Kiran,Kumar,Female,59,Human Resources,Recruiter,Delhi NCR,Bachelor's,Contract,Hybrid,2018-06-20,8.2,79200,Needs Improvement,5,Very Satisfied,2,No,None,39,3,0.8,18,No,56+,75K-100K,5-10 Years
EMP12665,Divya,Patel,Non-Binary,31,Technology,IT Support Specialist,Pune,Bachelor's,Full-Time,Hybrid,2024-11-13,1.8,73400,Meets Expectations,1,Very Dissatisfied,5,No,None,8,0,5.2,13,No,26-35,50K-75K,1-3 Years
EMP12666,Vikram,Rao,Male,41,Human Resources,HR Analyst,Hyderabad,Bachelor's,Full-Time,Onsite,2012-05-14,14.3,53200,Meets Expectations,5,Very Satisfied,2,Yes,Frequently,17,1,7.1,11,No,36-45,50K-75K,10+ Years
EMP12667,Sneha,Sharma,Male,39,Technology,BI Analyst,Mumbai,Bachelor's,Full-Time,Onsite,2013-01-25,13.6,82400,Meets Expectations,2,Dissatisfied,4,No,None,40,3,4.9,20,Yes,36-45,75K-100K,10+ Years
EMP12668,Meera,Das,Male,39,Customer Support,Customer Success Specialist,Hyderabad,Bachelor's,Full-Time,Onsite,2014-04-08,12.4,50200,Exceeds Expectations,3,Neutral,2,Yes,Frequently,1,1,0.7,5,No,36-45,50K-75K,10+ Years
EMP12669,Pooja,Verma,Female,54,Sales,Account Manager,Mumbai,Bachelor's,Contract,Hybrid,2013-04-08,13.4,63000,Meets Expectations,3,Neutral,4,No,None,13,3,11.3,2,No,46-55,50K-75K,10+ Years
EMP12670,Sneha,Rao,Female,50,Customer Support,Customer Success Specialist,Chennai,Bachelor's,Contract,Onsite,2024-04-08,2.4,58000,Needs Improvement,4,Satisfied,1,No,Rarely,34,1,11.1,21,Yes,46-55,50K-75K,1-3 Years
EMP12671,Priya,Kumar,Non-Binary,55,Operations,Operations Executive,Pune,MBA,Full-Time,Hybrid,2018-12-20,7.7,64000,Meets Expectations,3,Neutral,4,No,None,12,2,10.7,6,No,46-55,50K-75K,5-10 Years
EMP12672,Kiran,Gupta,Female,36,Operations,Operations Analyst,Mumbai,Bachelor's,Full-Time,Hybrid,2021-10-08,4.9,59200,Meets Expectations,3,Neutral,3,Yes,None,11,2,8.4,19,Yes,36-45,50K-75K,3-5 Years
EMP12673,Arjun,Nair,Male,31,Operations,Operations Manager,Chennai,Bachelor's,Full-Time,Hybrid,2013-05-15,13.3,55200,Meets Expectations,3,Neutral,3,No,None,0,0,10.9,3,No,26-35,50K-75K,10+ Years
EMP12674,Vihaan,Verma,Female,38,Technology,BI Analyst,Pune,Bachelor's,Full-Time,Remote,2023-09-02,3.0,77200,Meets Expectations,2,Dissatisfied,1,No,Rarely,6,3,10.3,8,No,36-45,75K-100K,1-3 Years
EMP12675,Aarav,Das,Female,43,Customer Support,Team Lead,Hyderabad,Bachelor's,Full-Time,Onsite,2023-03-03,3.5,59700,Meets Expectations,3,Neutral,2,No,None,8,1,6.6,18,No,36-45,50K-75K,3-5 Years
EMP12676,Sanjay,Rao,Male,34,Marketing,Marketing Executive,Delhi NCR,Diploma,Contract,Hybrid,2016-04-08,10.4,60100,Meets Expectations,1,Very Dissatisfied,1,No,None,36,1,6.2,4,No,26-35,50K-75K,10+ Years
EMP12677,Rohit,Reddy,Female,39,Customer Support,Team Lead,Hyderabad,Master's,Contract,Onsite,2025-03-03,1.5,65100,Needs Improvement,1,Very Dissatisfied,4,Yes,None,22,0,7.5,4,No,36-45,50K-75K,1-3 Years
EMP12678,Priya,Reddy,Male,27,Customer Support,Team Lead,Ahmedabad,Bachelor's,Full-Time,Remote,2015-09-02,11.0,54900,Needs Improvement,4,Satisfied,1,Yes,None,9,1,3.5,8,Yes,26-35,50K-75K,10+ Years
EMP12679,Ananya,Das,Female,44,Marketing,Digital Marketing Analyst,Kolkata,Bachelor's,Full-Time,Remote,2022-06-20,4.2,76600,Meets Expectations,2,Dissatisfied,5,No,Rarely,33,3,1.6,15,No,36-45,75K-100K,3-5 Years
EMP12680,Kavya,Sharma,Female,49,Finance,Accountant,Bengaluru,Master's,Full-Time,Onsite,2016-09-01,10.0,78500,Meets Expectations,4,Satisfied,1,No,Rarely,24,2,11.2,15,No,46-55,75K-100K,5-10 Years
EMP12681,Arjun,Rao,Male,42,Sales,Account Manager,Pune,Bachelor's,Full-Time,Onsite,2013-07-27,13.1,82500,Meets Expectations,4,Satisfied,3,No,Rarely,12,2,6.0,16,No,36-45,75K-100K,10+ Years
EMP12682,Arjun,Kumar,Female,55,Sales,Sales Manager,Chennai,Bachelor's,Full-Time,Onsite,2017-06-20,9.2,58700,Needs Improvement,4,Satisfied,5,No,None,10,1,1.2,7,No,46-55,50K-75K,5-10 Years
EMP12683,Aditya,Das,Male,60,Finance,Senior Accountant,Mumbai,Bachelor's,Full-Time,Onsite,2023-05-15,3.3,73700,Meets Expectations,3,Neutral,3,Yes,None,9,0,11.4,17,No,56+,50K-75K,3-5 Years
EMP12684,Neha,Patel,Male,57,Operations,Operations Manager,Ahmedabad,Bachelor's,Full-Time,Onsite,2025-10-08,0.9,77700,Meets Expectations,3,Neutral,3,No,None,29,0,9.7,10,No,56+,75K-100K,<1 Year
EMP12685,Meera,Das,Male,24,Human Resources,Recruiter,Hyderabad,MBA,Full-Time,Onsite,2025-10-08,0.9,72500,Outstanding,4,Satisfied,5,No,None,29,2,7.8,8,Yes,21-25,50K-75K,<1 Year
EMP12686,Vikram,Kumar,Female,56,Human Resources,Recruiter,Ahmedabad,Bachelor's,Contract,Onsite,2025-03-03,1.5,64600,Meets Expectations,2,Dissatisfied,1,Yes,Frequently,26,0,11.9,21,Yes,56+,50K-75K,1-3 Years
EMP12687,Aditya,Gupta,Male,34,Technology,Software Engineer,Delhi NCR,Bachelor's,Full-Time,Onsite,2017-11-13,8.8,76900,Outstanding,3,Neutral,3,Yes,None,18,0,9.9,22,No,26-35,75K-100K,5-10 Years
EMP12688,Meera,Kumar,Female,39,Human Resources,Recruiter,Chennai,Bachelor's,Full-Time,Hybrid,2021-04-08,5.4,54400,Meets Expectations,2,Dissatisfied,3,No,Frequently,20,2,1.1,21,Yes,36-45,50K-75K,5-10 Years
EMP12689,Rahul,Rao,Male,37,Marketing,Marketing Executive,Pune,Bachelor's,Full-Time,Onsite,2022-11-14,3.8,85300,Meets Expectations,2,Dissatisfied,4,Yes,None,36,1,8.7,12,No,36-45,75K-100K,3-5 Years
EMP12690,Kavya,Gupta,Male,32,Customer Support,Team Lead,Kolkata,MBA,Full-Time,Hybrid,2023-04-09,3.4,43100,Meets Expectations,1,Very Dissatisfied,4,No,Rarely,22,1,1.6,10,No,26-35,<50K,3-5 Years
EMP12691,Pooja,Reddy,Male,56,Operations,Process Associate,Hyderabad,Bachelor's,Full-Time,Remote,2012-06-20,14.2,37800,Needs Improvement,1,Very Dissatisfied,3,No,Rarely,25,2,9.3,2,No,56+,<50K,10+ Years
EMP12692,Meera,Rao,Male,46,Marketing,Marketing Manager,Bengaluru,Bachelor's,Full-Time,Hybrid,2024-09-01,2.0,44500,Meets Expectations,1,Very Dissatisfied,3,Yes,Rarely,9,2,3.4,20,No,46-55,<50K,1-3 Years
EMP12693,Rahul,Nair,Female,59,Customer Support,Customer Success Specialist,Kolkata,Master's,Full-Time,Onsite,2021-12-20,4.7,70100,Meets Expectations,4,Satisfied,2,No,Rarely,18,1,4.3,6,No,56+,50K-75K,3-5 Years
EMP12694,Aarav,Patel,Male,59,Finance,Finance Manager,Kolkata,Master's,Full-Time,Remote,2019-06-21,7.2,81500,Exceeds Expectations,4,Satisfied,2,Yes,None,0,3,10.0,8,No,56+,75K-100K,5-10 Years
EMP12695,Nikhil,Sharma,Female,37,Customer Support,Support Analyst,Chennai,Bachelor's,Full-Time,Onsite,2026-06-20,0.2,51200,Exceeds Expectations,1,Very Dissatisfied,5,No,Rarely,18,3,1.8,7,Yes,36-45,50K-75K,<1 Year
EMP12696,Meera,Kumar,Female,50,Finance,Finance Manager,Ahmedabad,Bachelor's,Full-Time,Onsite,2012-11-13,13.8,102400,Needs Improvement,4,Satisfied,4,Yes,None,32,1,11.3,11,No,46-55,100K-150K,10+ Years
EMP12697,Sanjay,Singh,Male,41,Sales,Sales Manager,Chennai,Bachelor's,Full-Time,Hybrid,2024-12-20,1.7,55500,Meets Expectations,4,Satisfied,4,No,None,27,3,1.7,8,Yes,36-45,50K-75K,1-3 Years
EMP12698,Pooja,Reddy,Male,40,Finance,Financial Analyst,Pune,Bachelor's,Contract,Onsite,2016-05-14,10.3,95300,Meets Expectations,5,Very Satisfied,1,No,None,36,2,0.5,4,No,36-45,75K-100K,10+ Years
EMP12699,Isha,Das,Male,50,Sales,Sales Executive,Bengaluru,Bachelor's,Full-Time,Hybrid,2017-03-03,9.5,72800,Needs Improvement,5,Very Satisfied,2,Yes,None,13,2,0.5,7,Yes,46-55,50K-75K,5-10 Years
EMP12700,Ananya,Nair,Female,48,Sales,Account Manager,Bengaluru,Bachelor's,Full-Time,Hybrid,2014-06-20,12.2,61300,Meets Expectations,1,Very Dissatisfied,2,Yes,Frequently,31,1,9.8,5,No,46-55,50K-75K,10+ Years
EMP12701,Pooja,Verma,Female,57,Customer Support,Support Analyst,Bengaluru,Master's,Full-Time,Hybrid,2016-11-13,9.8,62200,Meets Expectations,3,Neutral,5,Yes,None,30,2,5.9,17,No,56+,50K-75K,5-10 Years
EMP12702,Divya,Rao,Female,51,Operations,Operations Analyst,Hyderabad,Master's,Full-Time,Hybrid,2015-01-26,11.6,81000,Meets Expectations,5,Very Satisfied,5,No,None,29,3,6.2,15,No,46-55,75K-100K,10+ Years
EMP12703,Kavya,Das,Male,45,Technology,BI Analyst,Ahmedabad,Bachelor's,Contract,Onsite,2020-04-08,6.4,72600,Needs Improvement,2,Dissatisfied,2,No,None,32,0,10.0,0,Yes,36-45,50K-75K,5-10 Years
EMP12704,Neha,Gupta,Female,57,Operations,Operations Analyst,Chennai,Bachelor's,Full-Time,Onsite,2019-04-09,7.4,38300,Meets Expectations,3,Neutral,3,No,Rarely,19,3,6.3,17,No,56+,<50K,5-10 Years
EMP12705,Nikhil,Nair,Female,25,Sales,Business Development Executive,Ahmedabad,Bachelor's,Full-Time,Hybrid,2016-01-26,10.6,77400,Meets Expectations,1,Very Dissatisfied,4,No,Rarely,14,0,11.5,14,No,21-25,75K-100K,10+ Years
EMP12706,Divya,Singh,Male,51,Technology,Data Analyst,Pune,Master's,Full-Time,Hybrid,2018-01-25,8.6,86800,Needs Improvement,2,Dissatisfied,1,No,Frequently,23,2,0.2,13,No,46-55,75K-100K,5-10 Years
EMP12707,Vikram,Sharma,Male,36,Marketing,Content Specialist,Ahmedabad,Bachelor's,Full-Time,Hybrid,2018-11-14,7.8,71900,Needs Improvement,5,Very Satisfied,3,No,Rarely,15,2,2.1,11,No,36-45,50K-75K,5-10 Years
EMP12708,Aisha,Reddy,Male,38,Finance,Accountant,Chennai,Master's,Contract,Hybrid,2023-06-21,3.2,61800,Exceeds Expectations,4,Satisfied,2,No,None,28,1,9.5,14,No,36-45,50K-75K,3-5 Years
EMP12709,Meera,Nair,Female,52,Operations,Operations Analyst,Bengaluru,Bachelor's,Full-Time,Onsite,2022-09-01,4.0,75400,Meets Expectations,2,Dissatisfied,3,No,None,35,2,11.0,1,No,46-55,75K-100K,3-5 Years
EMP12710,Meera,Das,Female,31,Customer Support,Support Analyst,Mumbai,Diploma,Contract,Remote,2021-03-03,5.5,60200,Needs Improvement,5,Very Satisfied,4,Yes,None,1,3,8.5,7,No,26-35,50K-75K,5-10 Years
EMP12711,Pooja,Reddy,Male,56,Sales,Account Manager,Bengaluru,Bachelor's,Full-Time,Onsite,2026-05-15,0.3,83600,Needs Improvement,2,Dissatisfied,4,Yes,Rarely,25,3,3.7,13,Yes,56+,75K-100K,<1 Year
EMP12712,Arjun,Sharma,Female,40,Sales,Sales Executive,Kolkata,Bachelor's,Contract,Remote,2020-04-08,6.4,61200,Meets Expectations,2,Dissatisfied,1,No,Frequently,17,1,10.1,20,No,36-45,50K-75K,5-10 Years
EMP12713,Divya,Kumar,Female,34,Customer Support,Customer Success Specialist,Pune,Bachelor's,Full-Time,Onsite,2026-06-20,0.2,70000,Exceeds Expectations,3,Neutral,2,Yes,None,4,1,2.8,5,Yes,26-35,50K-75K,<1 Year
EMP12714,Arjun,Singh,Male,34,Human Resources,HR Manager,Ahmedabad,Bachelor's,Full-Time,Hybrid,2018-01-25,8.6,67700,Meets Expectations,4,Satisfied,2,Yes,None,9,2,5.4,15,No,26-35,50K-75K,5-10 Years
EMP12715,Rahul,Kumar,Male,37,Human Resources,HR Executive,Delhi NCR,Bachelor's,Full-Time,Hybrid,2016-01-26,10.6,73300,Outstanding,2,Dissatisfied,4,No,Rarely,33,0,9.5,21,No,36-45,50K-75K,10+ Years
EMP12716,Ananya,Gupta,Male,58,Human Resources,HR Analyst,Chennai,Master's,Full-Time,Hybrid,2018-03-03,8.5,76000,Exceeds Expectations,2,Dissatisfied,2,No,Rarely,14,3,5.0,20,No,56+,75K-100K,5-10 Years
EMP12717,Aditya,Joshi,Female,25,Human Resources,Recruiter,Chennai,Master's,Full-Time,Hybrid,2016-03-02,10.5,66700,Needs Improvement,4,Satisfied,3,Yes,Rarely,3,0,9.9,17,No,21-25,50K-75K,10+ Years
EMP12718,Neha,Gupta,Male,41,Marketing,Marketing Manager,Kolkata,Bachelor's,Full-Time,Hybrid,2026-06-20,0.2,72900,Meets Expectations,2,Dissatisfied,2,Yes,None,30,2,7.3,17,Yes,36-45,50K-75K,<1 Year
EMP12719,Meera,Patel,Female,54,Marketing,Digital Marketing Analyst,Hyderabad,Master's,Full-Time,Hybrid,2025-07-27,1.1,55200,Needs Improvement,1,Very Dissatisfied,2,No,None,9,1,10.4,14,No,46-55,50K-75K,1-3 Years
EMP12720,Kiran,Rao,Male,39,Technology,Software Engineer,Mumbai,Master's,Contract,Remote,2016-03-02,10.5,83900,Exceeds Expectations,1,Very Dissatisfied,3,No,None,14,1,3.0,10,No,36-45,75K-100K,10+ Years
EMP12721,Rohit,Iyer,Female,43,Marketing,Marketing Executive,Delhi NCR,Bachelor's,Full-Time,Onsite,2014-07-27,12.1,80100,Exceeds Expectations,2,Dissatisfied,2,Yes,None,8,0,7.7,20,No,36-45,75K-100K,10+ Years
EMP12722,Nikhil,Das,Female,34,Marketing,Digital Marketing Analyst,Delhi NCR,Bachelor's,Full-Time,Hybrid,2015-11-14,10.8,45500,Meets Expectations,1,Very Dissatisfied,1,No,Rarely,30,0,8.0,15,Yes,26-35,<50K,10+ Years
EMP12723,Vihaan,Reddy,Male,26,Sales,Business Development Executive,Ahmedabad,Bachelor's,Full-Time,Hybrid,2016-09-01,10.0,71800,Needs Improvement,1,Very Dissatisfied,1,No,None,37,2,5.1,21,No,26-35,50K-75K,5-10 Years
EMP12724,Arjun,Rao,Female,46,Finance,Financial Analyst,Delhi NCR,Master's,Full-Time,Onsite,2015-12-20,10.7,66500,Needs Improvement,4,Satisfied,3,No,None,39,3,5.3,3,No,46-55,50K-75K,10+ Years
EMP12725,Meera,Sharma,Female,57,Operations,Process Associate,Chennai,Bachelor's,Full-Time,Onsite,2015-07-27,11.1,49700,Meets Expectations,3,Neutral,1,Yes,Frequently,3,0,11.0,2,No,56+,<50K,10+ Years
EMP12726,Meera,Joshi,Male,41,Marketing,Marketing Manager,Kolkata,Bachelor's,Full-Time,Onsite,2015-10-08,10.9,79700,Outstanding,1,Very Dissatisfied,1,No,None,37,0,2.8,8,No,36-45,75K-100K,10+ Years
EMP12727,Ananya,Nair,Male,38,Sales,Sales Executive,Bengaluru,Bachelor's,Contract,Onsite,2015-07-27,11.1,49100,Meets Expectations,2,Dissatisfied,5,Yes,None,26,0,1.3,3,Yes,36-45,<50K,10+ Years
EMP12728,Neha,Kumar,Female,26,Sales,Account Manager,Bengaluru,Master's,Full-Time,Hybrid,2025-05-15,1.3,84000,Needs Improvement,4,Satisfied,5,No,Frequently,33,0,6.3,13,No,26-35,75K-100K,1-3 Years
EMP12729,Aarav,Nair,Female,58,Marketing,Marketing Executive,Hyderabad,Bachelor's,Full-Time,Hybrid,2025-07-27,1.1,95200,Exceeds Expectations,5,Very Satisfied,3,Yes,None,3,1,10.6,20,No,56+,75K-100K,1-3 Years
EMP12730,Aarav,Rao,Male,55,Human Resources,HR Manager,Kolkata,MBA,Contract,Onsite,2021-03-03,5.5,65100,Meets Expectations,5,Very Satisfied,4,No,Rarely,34,0,11.7,3,No,46-55,50K-75K,5-10 Years
EMP12731,Pooja,Das,Male,57,Customer Support,Support Analyst,Pune,Master's,Full-Time,Hybrid,2018-09-01,8.0,47800,Meets Expectations,2,Dissatisfied,1,Yes,None,13,1,10.8,19,No,56+,<50K,5-10 Years
EMP12732,Aarav,Sharma,Male,35,Human Resources,HR Analyst,Bengaluru,Bachelor's,Contract,Onsite,2015-03-03,11.5,46000,Outstanding,5,Very Satisfied,1,Yes,Frequently,16,2,9.3,18,No,26-35,<50K,10+ Years
EMP12733,Neha,Rao,Male,46,Customer Support,Customer Success Specialist,Bengaluru,MBA,Full-Time,Remote,2021-06-20,5.2,62400,Needs Improvement,3,Neutral,1,No,None,36,1,1.5,1,No,46-55,50K-75K,5-10 Years
EMP12734,Divya,Verma,Female,38,Technology,BI Analyst,Delhi NCR,Master's,Full-Time,Hybrid,2022-05-15,4.3,69900,Exceeds Expectations,2,Dissatisfied,1,No,None,29,3,7.5,8,No,36-45,50K-75K,3-5 Years
EMP12735,Aisha,Reddy,Female,30,Human Resources,HR Executive,Chennai,Bachelor's,Full-Time,Onsite,2014-11-14,11.8,89000,Outstanding,3,Neutral,1,Yes,Frequently,21,2,7.9,11,No,26-35,75K-100K,10+ Years
EMP12736,Vikram,Singh,Female,29,Sales,Account Manager,Ahmedabad,Bachelor's,Full-Time,Onsite,2022-10-08,3.9,85400,Needs Improvement,1,Very Dissatisfied,4,Yes,Rarely,27,0,6.0,21,No,26-35,75K-100K,3-5 Years
EMP12737,Ananya,Nair,Female,36,Marketing,Marketing Executive,Delhi NCR,Bachelor's,Full-Time,Remote,2014-05-15,12.3,49900,Needs Improvement,3,Neutral,4,No,None,14,1,10.1,11,No,36-45,<50K,10+ Years
EMP12738,Sneha,Nair,Male,43,Technology,BI Analyst,Mumbai,Bachelor's,Full-Time,Hybrid,2023-11-14,2.8,106400,Meets Expectations,3,Neutral,4,No,None,40,2,11.8,19,No,36-45,100K-150K,1-3 Years
EMP12739,Nikhil,Reddy,Male,25,Human Resources,Recruiter,Bengaluru,MBA,Full-Time,Hybrid,2021-03-03,5.5,65500,Meets Expectations,3,Neutral,2,Yes,None,2,1,11.7,9,No,21-25,50K-75K,5-10 Years
EMP12740,Meera,Nair,Male,49,Finance,Accountant,Ahmedabad,Bachelor's,Contract,Hybrid,2020-07-26,6.1,80400,Exceeds Expectations,1,Very Dissatisfied,2,Yes,None,23,2,0.4,6,No,46-55,75K-100K,5-10 Years
EMP12741,Aarav,Nair,Female,39,Technology,Software Engineer,Pune,Bachelor's,Contract,Hybrid,2022-01-25,4.6,71100,Meets Expectations,1,Very Dissatisfied,2,No,None,1,2,0.6,17,No,36-45,50K-75K,3-5 Years
EMP12742,Divya,Rao,Female,56,Sales,Account Manager,Kolkata,Bachelor's,Full-Time,Remote,2026-06-20,0.2,72900,Meets Expectations,2,Dissatisfied,1,No,None,17,2,0.8,0,No,56+,50K-75K,<1 Year
EMP12743,Pooja,Das,Female,32,Human Resources,HR Manager,Hyderabad,Master's,Full-Time,Remote,2022-12-20,3.7,50400,Meets Expectations,5,Very Satisfied,3,No,Frequently,20,0,3.9,11,Yes,26-35,50K-75K,3-5 Years
EMP12744,Vihaan,Gupta,Male,23,Customer Support,Support Executive,Delhi NCR,MBA,Full-Time,Onsite,2021-06-20,5.2,66500,Meets Expectations,3,Neutral,3,Yes,Rarely,34,2,9.0,1,No,21-25,50K-75K,5-10 Years
EMP12745,Priya,Iyer,Female,33,Technology,Software Engineer,Kolkata,Bachelor's,Full-Time,Hybrid,2021-11-13,4.8,90400,Meets Expectations,3,Neutral,2,Yes,Frequently,38,0,7.0,0,Yes,26-35,75K-100K,3-5 Years
EMP12746,Sneha,Nair,Female,59,Finance,Financial Analyst,Hyderabad,Bachelor's,Full-Time,Hybrid,2014-11-14,11.8,85900,Needs Improvement,4,Satisfied,2,No,None,30,2,5.9,1,No,56+,75K-100K,10+ Years
EMP12747,Divya,Iyer,Male,33,Technology,IT Support Specialist,Delhi NCR,Master's,Full-Time,Onsite,2025-10-08,0.9,123200,Meets Expectations,3,Neutral,3,No,None,39,2,8.9,3,No,26-35,100K-150K,<1 Year
EMP12748,Divya,Joshi,Female,49,Operations,Operations Executive,Hyderabad,Bachelor's,Full-Time,Remote,2020-09-01,6.0,70700,Meets Expectations,2,Dissatisfied,1,No,Rarely,5,3,3.2,6,No,46-55,50K-75K,5-10 Years
EMP12749,Sanjay,Singh,Male,54,Finance,Finance Manager,Mumbai,Bachelor's,Full-Time,Hybrid,2025-11-13,0.8,80400,Exceeds Expectations,5,Very Satisfied,3,No,None,21,3,11.9,21,Yes,46-55,75K-100K,<1 Year
EMP12750,Arjun,Reddy,Female,32,Customer Support,Team Lead,Ahmedabad,Bachelor's,Full-Time,Onsite,2012-09-01,14.0,47800,Meets Expectations,2,Dissatisfied,2,Yes,None,24,0,3.1,0,Yes,26-35,<50K,10+ Years
EMP12751,Isha,Gupta,Female,46,Technology,BI Analyst,Chennai,MBA,Contract,Remote,2014-10-08,11.9,90900,Exceeds Expectations,4,Satisfied,4,Yes,Frequently,3,3,4.6,21,No,46-55,75K-100K,10+ Years
EMP12752,Kavya,Verma,Male,29,Sales,Account Manager,Delhi NCR,Master's,Full-Time,Hybrid,2011-12-20,14.7,55000,Meets Expectations,5,Very Satisfied,4,No,Rarely,24,0,10.3,10,No,26-35,50K-75K,10+ Years
EMP12753,Ananya,Iyer,Female,35,Marketing,Marketing Executive,Bengaluru,Bachelor's,Full-Time,Onsite,2012-12-20,13.7,92900,Meets Expectations,4,Satisfied,2,No,None,1,0,9.5,19,No,26-35,75K-100K,10+ Years
EMP12754,Aisha,Iyer,Female,32,Marketing,Marketing Executive,Mumbai,Master's,Full-Time,Hybrid,2021-10-08,4.9,56700,Meets Expectations,5,Very Satisfied,2,No,None,25,3,2.0,13,No,26-35,50K-75K,3-5 Years
EMP12755,Vihaan,Sharma,Female,47,Customer Support,Support Executive,Chennai,MBA,Full-Time,Hybrid,2016-04-08,10.4,48100,Outstanding,1,Very Dissatisfied,3,No,None,9,3,0.9,16,No,46-55,<50K,10+ Years
EMP12756,Vihaan,Patel,Male,56,Customer Support,Team Lead,Hyderabad,MBA,Full-Time,Hybrid,2021-12-20,4.7,62400,Exceeds Expectations,4,Satisfied,1,No,Rarely,38,0,7.9,18,No,56+,50K-75K,3-5 Years
EMP12757,Sanjay,Verma,Female,31,Customer Support,Support Executive,Kolkata,Bachelor's,Full-Time,Onsite,2013-05-15,13.3,46400,Meets Expectations,1,Very Dissatisfied,1,No,None,13,1,8.4,15,No,26-35,<50K,10+ Years
EMP12758,Vikram,Gupta,Male,32,Marketing,Marketing Executive,Hyderabad,MBA,Full-Time,Hybrid,2020-05-14,6.3,89800,Needs Improvement,3,Neutral,1,Yes,Frequently,24,3,10.7,20,No,26-35,75K-100K,5-10 Years
EMP12759,Arjun,Singh,Male,53,Finance,Senior Accountant,Hyderabad,Master's,Full-Time,Hybrid,2020-11-13,5.8,63000,Exceeds Expectations,1,Very Dissatisfied,2,No,None,24,2,0.6,22,No,46-55,50K-75K,5-10 Years
EMP12760,Rahul,Patel,Female,39,Human Resources,HR Analyst,Delhi NCR,Bachelor's,Contract,Hybrid,2012-12-20,13.7,43600,Meets Expectations,4,Satisfied,3,Yes,None,35,1,10.5,0,No,36-45,<50K,10+ Years
EMP12761,Sanjay,Rao,Male,41,Sales,Account Manager,Kolkata,Bachelor's,Full-Time,Onsite,2014-01-25,12.6,68400,Needs Improvement,2,Dissatisfied,2,No,Rarely,13,3,4.2,5,No,36-45,50K-75K,10+ Years
EMP12762,Vihaan,Das,Male,49,Human Resources,Recruiter,Bengaluru,MBA,Full-Time,Remote,2012-03-02,14.5,67600,Meets Expectations,1,Very Dissatisfied,3,No,Frequently,14,1,4.5,22,No,46-55,50K-75K,10+ Years
EMP12763,Neha,Iyer,Female,26,Finance,Finance Manager,Delhi NCR,Bachelor's,Full-Time,Onsite,2025-06-20,1.2,103300,Meets Expectations,5,Very Satisfied,4,Yes,Frequently,28,1,7.8,17,No,26-35,100K-150K,1-3 Years
EMP12764,Vihaan,Nair,Male,55,Sales,Business Development Executive,Pune,Bachelor's,Contract,Hybrid,2022-11-14,3.8,58800,Exceeds Expectations,5,Very Satisfied,4,Yes,None,2,1,10.3,13,No,46-55,50K-75K,3-5 Years
EMP12765,Kavya,Reddy,Male,35,Technology,Data Analyst,Kolkata,Bachelor's,Contract,Onsite,2021-12-20,4.7,68000,Outstanding,1,Very Dissatisfied,3,Yes,None,22,3,5.1,11,No,26-35,50K-75K,3-5 Years
EMP12766,Rohit,Iyer,Male,47,Human Resources,Recruiter,Kolkata,Bachelor's,Contract,Remote,2020-03-02,6.5,58600,Needs Improvement,2,Dissatisfied,3,No,Rarely,15,1,0.3,14,No,46-55,50K-75K,5-10 Years
EMP12767,Arjun,Verma,Male,38,Finance,Senior Accountant,Mumbai,Bachelor's,Contract,Remote,2019-06-21,7.2,71800,Needs Improvement,1,Very Dissatisfied,3,No,Frequently,40,2,7.8,16,No,36-45,50K-75K,5-10 Years
EMP12768,Priya,Nair,Female,51,Customer Support,Customer Success Specialist,Pune,Bachelor's,Full-Time,Remote,2022-03-03,4.5,54800,Meets Expectations,4,Satisfied,3,No,Frequently,21,3,6.7,5,No,46-55,50K-75K,3-5 Years
EMP12769,Sneha,Nair,Female,45,Human Resources,HR Analyst,Pune,Master's,Full-Time,Onsite,2014-10-08,11.9,55800,Meets Expectations,5,Very Satisfied,4,No,None,31,0,11.7,19,No,36-45,50K-75K,10+ Years
EMP12770,Divya,Rao,Female,27,Customer Support,Team Lead,Mumbai,Bachelor's,Full-Time,Hybrid,2023-03-03,3.5,53500,Needs Improvement,2,Dissatisfied,3,No,Rarely,34,2,6.4,10,No,26-35,50K-75K,3-5 Years
EMP12771,Nikhil,Verma,Male,28,Marketing,Marketing Executive,Bengaluru,Diploma,Full-Time,Onsite,2016-03-02,10.5,90900,Exceeds Expectations,3,Neutral,2,No,None,6,3,7.6,17,Yes,26-35,75K-100K,10+ Years
EMP12772,Meera,Verma,Male,56,Sales,Sales Executive,Hyderabad,MBA,Full-Time,Hybrid,2013-11-13,12.8,58800,Outstanding,4,Satisfied,5,No,None,25,1,10.5,7,No,56+,50K-75K,10+ Years
EMP12773,Sanjay,Reddy,Male,41,Technology,BI Analyst,Delhi NCR,Bachelor's,Contract,Remote,2017-07-27,9.1,104200,Outstanding,3,Neutral,5,No,None,27,0,3.4,19,No,36-45,100K-150K,5-10 Years
EMP12774,Pooja,Das,Female,32,Marketing,Content Specialist,Chennai,Master's,Full-Time,Hybrid,2021-04-08,5.4,55400,Meets Expectations,4,Satisfied,5,No,None,18,3,0.4,9,No,26-35,50K-75K,5-10 Years
EMP12775,Kiran,Patel,Female,26,Human Resources,HR Executive,Mumbai,Master's,Full-Time,Hybrid,2023-09-02,3.0,82400,Meets Expectations,4,Satisfied,5,No,None,8,1,9.0,10,No,26-35,75K-100K,1-3 Years
EMP12776,Aisha,Nair,Male,26,Finance,Senior Accountant,Delhi NCR,Bachelor's,Full-Time,Onsite,2024-06-20,2.2,64500,Meets Expectations,4,Satisfied,2,Yes,None,18,2,8.3,8,No,26-35,50K-75K,1-3 Years
EMP12777,Rahul,Sharma,Male,57,Human Resources,HR Manager,Chennai,Bachelor's,Full-Time,Hybrid,2015-06-21,11.2,71200,Meets Expectations,4,Satisfied,5,Yes,Rarely,2,1,10.6,12,No,56+,50K-75K,10+ Years
EMP12778,Aarav,Reddy,Female,60,Customer Support,Team Lead,Bengaluru,Master's,Full-Time,Onsite,2019-07-27,7.1,43900,Meets Expectations,3,Neutral,4,No,Rarely,40,2,3.0,3,No,56+,<50K,5-10 Years
EMP12779,Aditya,Patel,Female,36,Finance,Accountant,Hyderabad,Bachelor's,Full-Time,Onsite,2025-10-08,0.9,52700,Needs Improvement,2,Dissatisfied,5,No,None,3,1,5.3,4,No,36-45,50K-75K,<1 Year
EMP12780,Nikhil,Patel,Female,29,Sales,Account Manager,Mumbai,Bachelor's,Full-Time,Remote,2011-11-14,14.8,54000,Meets Expectations,4,Satisfied,1,Yes,Rarely,5,1,0.8,7,No,26-35,50K-75K,10+ Years
EMP12781,Aditya,Reddy,Female,37,Finance,Finance Manager,Mumbai,Bachelor's,Full-Time,Hybrid,2016-07-26,10.1,61200,Meets Expectations,1,Very Dissatisfied,1,No,None,5,0,8.6,15,Yes,36-45,50K-75K,10+ Years
EMP12782,Aisha,Nair,Female,26,Customer Support,Support Executive,Mumbai,Bachelor's,Contract,Onsite,2013-12-20,12.7,66800,Meets Expectations,3,Neutral,1,Yes,None,8,3,2.5,17,No,26-35,50K-75K,10+ Years
EMP12783,Vihaan,Sharma,Male,42,Operations,Process Associate,Hyderabad,Bachelor's,Full-Time,Hybrid,2019-12-20,6.7,49500,Meets Expectations,1,Very Dissatisfied,5,No,Frequently,7,1,6.7,14,Yes,36-45,<50K,5-10 Years
EMP12784,Divya,Reddy,Female,46,Operations,Operations Manager,Kolkata,Diploma,Full-Time,Onsite,2012-05-14,14.3,81300,Meets Expectations,4,Satisfied,2,No,None,25,0,6.2,6,No,46-55,75K-100K,10+ Years
EMP12785,Vikram,Gupta,Male,60,Customer Support,Customer Success Specialist,Ahmedabad,Bachelor's,Full-Time,Onsite,2023-06-21,3.2,51300,Outstanding,4,Satisfied,1,No,None,4,0,5.0,3,Yes,56+,50K-75K,3-5 Years
EMP12786,Sanjay,Gupta,Male,33,Sales,Sales Manager,Pune,Master's,Full-Time,Hybrid,2023-10-08,2.9,49300,Exceeds Expectations,3,Neutral,4,Yes,Rarely,28,3,0.8,17,No,26-35,<50K,1-3 Years
EMP12787,Neha,Gupta,Male,28,Technology,BI Analyst,Hyderabad,Bachelor's,Contract,Onsite,2013-04-08,13.4,86000,Needs Improvement,2,Dissatisfied,4,No,None,16,2,7.4,15,No,26-35,75K-100K,10+ Years
EMP12788,Neha,Joshi,Female,26,Sales,Sales Manager,Ahmedabad,Master's,Full-Time,Onsite,2013-04-08,13.4,47600,Meets Expectations,3,Neutral,5,No,None,16,2,6.2,10,No,26-35,<50K,10+ Years
EMP12789,Isha,Das,Female,36,Sales,Business Development Executive,Delhi NCR,MBA,Full-Time,Onsite,2019-01-26,7.6,78000,Needs Improvement,4,Satisfied,3,No,Rarely,20,2,3.1,10,Yes,36-45,75K-100K,5-10 Years
EMP12790,Divya,Singh,Male,45,Operations,Process Associate,Chennai,Bachelor's,Full-Time,Hybrid,2024-07-26,2.1,42900,Meets Expectations,4,Satisfied,4,No,Rarely,1,3,8.0,22,No,36-45,<50K,1-3 Years
EMP12791,Rohit,Gupta,Male,23,Customer Support,Team Lead,Bengaluru,Bachelor's,Full-Time,Onsite,2021-12-20,4.7,66100,Meets Expectations,5,Very Satisfied,4,Yes,None,20,2,11.7,14,No,21-25,50K-75K,3-5 Years
EMP12792,Sneha,Kumar,Female,51,Technology,BI Analyst,Hyderabad,Master's,Contract,Onsite,2015-04-09,11.4,61700,Meets Expectations,1,Very Dissatisfied,4,No,Frequently,21,3,11.2,8,No,46-55,50K-75K,10+ Years
EMP12793,Kavya,Das,Female,39,Operations,Operations Manager,Bengaluru,MBA,Full-Time,Remote,2013-12-20,12.7,51000,Needs Improvement,1,Very Dissatisfied,3,No,None,30,2,10.7,7,Yes,36-45,50K-75K,10+ Years
EMP12794,Aisha,Joshi,Male,52,Human Resources,HR Analyst,Hyderabad,Bachelor's,Full-Time,Hybrid,2021-05-15,5.3,49100,Meets Expectations,4,Satisfied,1,No,None,5,0,9.1,22,No,46-55,<50K,5-10 Years
EMP12795,Kiran,Verma,Female,39,Sales,Sales Executive,Bengaluru,Master's,Contract,Onsite,2025-07-27,1.1,71100,Meets Expectations,1,Very Dissatisfied,1,No,None,2,1,9.6,11,No,36-45,50K-75K,1-3 Years
EMP12796,Divya,Rao,Male,27,Customer Support,Customer Success Specialist,Ahmedabad,Bachelor's,Full-Time,Remote,2016-07-26,10.1,52100,Meets Expectations,1,Very Dissatisfied,5,Yes,None,2,1,8.6,1,No,26-35,50K-75K,10+ Years
EMP12797,Rahul,Gupta,Female,21,Customer Support,Team Lead,Delhi NCR,MBA,Full-Time,Hybrid,2015-07-27,11.1,68600,Meets Expectations,2,Dissatisfied,1,Yes,Frequently,39,3,5.0,4,No,21-25,50K-75K,10+ Years
EMP12798,Neha,Das,Female,43,Human Resources,HR Executive,Hyderabad,Master's,Full-Time,Hybrid,2020-03-02,6.5,60500,Exceeds Expectations,4,Satisfied,1,No,Rarely,14,2,2.4,2,Yes,36-45,50K-75K,5-10 Years
EMP12799,Pooja,Joshi,Female,42,Marketing,Marketing Manager,Kolkata,MBA,Contract,Onsite,2017-11-13,8.8,45600,Exceeds Expectations,1,Very Dissatisfied,5,No,None,9,0,9.1,2,Yes,36-45,<50K,5-10 Years
EMP12800,Aditya,Sharma,Male,53,Finance,Financial Analyst,Kolkata,Bachelor's,Full-Time,Onsite,2011-11-14,14.8,93300,Needs Improvement,2,Dissatisfied,5,No,None,5,0,7.5,5,No,46-55,75K-100K,10+ Years
EMP12801,Ananya,Gupta,Male,56,Operations,Operations Analyst,Bengaluru,Bachelor's,Contract,Onsite,2022-11-14,3.8,63600,Meets Expectations,1,Very Dissatisfied,3,No,None,10,1,9.7,8,No,56+,50K-75K,3-5 Years
EMP12802,Divya,Kumar,Male,27,Human Resources,HR Executive,Ahmedabad,Bachelor's,Full-Time,Hybrid,2017-12-20,8.7,83700,Meets Expectations,5,Very Satisfied,1,No,Rarely,17,2,11.5,20,No,26-35,75K-100K,5-10 Years
EMP12803,Aditya,Sharma,Male,33,Customer Support,Support Analyst,Bengaluru,Bachelor's,Full-Time,Hybrid,2017-06-20,9.2,48700,Meets Expectations,4,Satisfied,3,No,None,39,1,4.8,17,No,26-35,<50K,5-10 Years
EMP12804,Isha,Sharma,Female,29,Sales,Business Development Executive,Kolkata,Bachelor's,Contract,Hybrid,2018-05-15,8.3,73500,Meets Expectations,1,Very Dissatisfied,1,No,Frequently,31,1,10.9,16,Yes,26-35,50K-75K,5-10 Years
EMP12805,Isha,Reddy,Male,25,Technology,IT Support Specialist,Pune,Bachelor's,Full-Time,Hybrid,2013-07-27,13.1,70500,Outstanding,2,Dissatisfied,2,No,None,34,2,1.0,22,No,21-25,50K-75K,10+ Years
EMP12806,Kiran,Rao,Male,21,Customer Support,Support Analyst,Chennai,Bachelor's,Contract,Hybrid,2017-06-20,9.2,70900,Needs Improvement,3,Neutral,3,No,None,1,3,3.2,6,Yes,21-25,50K-75K,5-10 Years
EMP12807,Neha,Joshi,Female,24,Finance,Financial Analyst,Chennai,Bachelor's,Contract,Hybrid,2018-12-20,7.7,58900,Needs Improvement,3,Neutral,5,No,Frequently,23,3,5.7,22,No,21-25,50K-75K,5-10 Years
EMP12808,Divya,Joshi,Male,41,Finance,Finance Manager,Bengaluru,Bachelor's,Full-Time,Onsite,2024-09-01,2.0,97300,Meets Expectations,1,Very Dissatisfied,1,No,Frequently,20,0,11.3,0,Yes,36-45,75K-100K,1-3 Years
EMP12809,Vikram,Das,Male,27,Operations,Operations Executive,Kolkata,Bachelor's,Full-Time,Hybrid,2016-01-26,10.6,47100,Meets Expectations,3,Neutral,4,Yes,None,8,3,11.7,0,No,26-35,<50K,10+ Years
EMP12810,Vihaan,Gupta,Male,28,Technology,Data Analyst,Bengaluru,Bachelor's,Full-Time,Remote,2024-06-20,2.2,113400,Outstanding,5,Very Satisfied,1,No,None,20,0,6.2,18,No,26-35,100K-150K,1-3 Years
EMP12811,Kiran,Gupta,Female,25,Human Resources,Recruiter,Mumbai,Master's,Full-Time,Remote,2026-01-25,0.6,85400,Exceeds Expectations,2,Dissatisfied,3,No,Frequently,23,0,7.1,9,Yes,21-25,75K-100K,<1 Year
EMP12812,Meera,Sharma,Non-Binary,49,Finance,Finance Manager,Pune,Master's,Full-Time,Onsite,2019-04-09,7.4,100000,Needs Improvement,1,Very Dissatisfied,4,No,Rarely,0,1,5.5,19,Yes,46-55,75K-100K,5-10 Years
EMP12813,Meera,Das,Male,46,Technology,Software Engineer,Ahmedabad,Bachelor's,Full-Time,Hybrid,2017-12-20,8.7,91900,Meets Expectations,2,Dissatisfied,1,No,Rarely,40,1,10.7,2,No,46-55,75K-100K,5-10 Years
EMP12814,Isha,Sharma,Male,59,Customer Support,Team Lead,Chennai,Bachelor's,Contract,Onsite,2011-09-02,15.0,48800,Meets Expectations,3,Neutral,4,No,Rarely,30,0,10.3,5,No,56+,<50K,10+ Years
EMP12815,Priya,Das,Female,25,Technology,Data Analyst,Ahmedabad,MBA,Full-Time,Hybrid,2015-12-20,10.7,117000,Outstanding,2,Dissatisfied,5,No,Frequently,37,2,3.2,19,No,21-25,100K-150K,10+ Years
EMP12816,Kiran,Nair,Female,29,Sales,Business Development Executive,Chennai,Bachelor's,Full-Time,Hybrid,2013-11-13,12.8,66100,Needs Improvement,1,Very Dissatisfied,2,No,None,3,3,1.0,0,No,26-35,50K-75K,10+ Years
EMP12817,Sneha,Patel,Male,39,Marketing,Marketing Manager,Delhi NCR,MBA,Full-Time,Remote,2021-05-15,5.3,75900,Needs Improvement,1,Very Dissatisfied,4,No,None,2,2,1.1,21,Yes,36-45,75K-100K,5-10 Years
EMP12818,Pooja,Reddy,Male,46,Customer Support,Support Analyst,Mumbai,Bachelor's,Contract,Remote,2018-12-20,7.7,41400,Needs Improvement,4,Satisfied,3,No,None,38,0,10.8,22,No,46-55,<50K,5-10 Years
EMP12819,Isha,Joshi,Male,26,Sales,Sales Manager,Pune,Bachelor's,Full-Time,Onsite,2012-01-26,14.6,59900,Meets Expectations,1,Very Dissatisfied,5,No,Rarely,38,3,8.8,6,No,26-35,50K-75K,10+ Years
EMP12820,Vihaan,Kumar,Male,29,Marketing,Content Specialist,Kolkata,Diploma,Full-Time,Hybrid,2020-04-08,6.4,62800,Meets Expectations,2,Dissatisfied,3,No,None,26,2,2.2,8,Yes,26-35,50K-75K,5-10 Years
EMP12821,Neha,Verma,Male,37,Human Resources,HR Executive,Pune,Master's,Full-Time,Hybrid,2014-07-27,12.1,75500,Meets Expectations,4,Satisfied,5,No,None,8,1,8.5,4,No,36-45,75K-100K,10+ Years
EMP12822,Divya,Nair,Male,21,Operations,Operations Manager,Bengaluru,Master's,Full-Time,Hybrid,2018-09-01,8.0,46300,Meets Expectations,3,Neutral,1,Yes,Rarely,11,1,5.0,5,No,21-25,<50K,5-10 Years
EMP12823,Aditya,Rao,Male,36,Sales,Sales Executive,Delhi NCR,Bachelor's,Full-Time,Hybrid,2023-03-03,3.5,58000,Meets Expectations,1,Very Dissatisfied,2,Yes,None,32,3,7.1,19,No,36-45,50K-75K,3-5 Years
EMP12824,Sneha,Kumar,Male,51,Customer Support,Customer Success Specialist,Pune,MBA,Full-Time,Onsite,2017-11-13,8.8,65100,Meets Expectations,1,Very Dissatisfied,3,Yes,Frequently,37,3,7.3,22,No,46-55,50K-75K,5-10 Years
EMP12825,Sneha,Rao,Male,42,Marketing,Content Specialist,Delhi NCR,Bachelor's,Full-Time,Onsite,2023-04-09,3.4,72000,Outstanding,3,Neutral,5,Yes,None,27,0,8.2,15,No,36-45,50K-75K,3-5 Years
EMP12826,Ananya,Rao,Male,38,Operations,Process Associate,Delhi NCR,Bachelor's,Full-Time,Hybrid,2026-06-20,0.2,77800,Needs Improvement,2,Dissatisfied,4,No,Rarely,16,3,3.5,17,Yes,36-45,75K-100K,<1 Year
EMP12827,Aisha,Rao,Male,40,Finance,Accountant,Delhi NCR,Bachelor's,Contract,Hybrid,2022-12-20,3.7,62400,Exceeds Expectations,5,Very Satisfied,2,No,Rarely,33,1,11.1,0,No,36-45,50K-75K,3-5 Years
EMP12828,Divya,Singh,Female,58,Customer Support,Customer Success Specialist,Ahmedabad,Master's,Contract,Hybrid,2023-07-27,3.1,49300,Meets Expectations,1,Very Dissatisfied,5,No,None,10,3,10.6,3,No,56+,<50K,3-5 Years
EMP12829,Kavya,Sharma,Male,41,Marketing,Marketing Manager,Kolkata,Bachelor's,Contract,Onsite,2020-12-20,5.7,69600,Needs Improvement,1,Very Dissatisfied,4,No,None,5,0,0.3,5,No,36-45,50K-75K,5-10 Years
EMP12830,Aarav,Singh,Female,42,Sales,Account Manager,Kolkata,Master's,Contract,Onsite,2013-04-08,13.4,57700,Needs Improvement,3,Neutral,3,Yes,None,15,1,8.3,10,No,36-45,50K-75K,10+ Years
EMP12831,Ananya,Singh,Female,58,Customer Support,Support Executive,Ahmedabad,Bachelor's,Full-Time,Onsite,2020-10-08,5.9,58700,Meets Expectations,5,Very Satisfied,2,Yes,Rarely,19,2,6.6,5,No,56+,50K-75K,5-10 Years
EMP12832,Ananya,Patel,Female,27,Operations,Operations Analyst,Ahmedabad,Bachelor's,Full-Time,Hybrid,2013-12-20,12.7,44200,Meets Expectations,1,Very Dissatisfied,4,No,Rarely,25,1,6.2,9,No,26-35,<50K,10+ Years
EMP12833,Kiran,Reddy,Female,24,Finance,Accountant,Hyderabad,Bachelor's,Full-Time,Hybrid,2018-04-08,8.4,79100,Meets Expectations,5,Very Satisfied,5,Yes,None,28,0,1.5,12,No,21-25,75K-100K,5-10 Years
EMP12834,Neha,Singh,Male,38,Human Resources,Recruiter,Kolkata,MBA,Contract,Onsite,2026-05-15,0.3,49000,Needs Improvement,5,Very Satisfied,3,No,None,29,0,6.6,9,No,36-45,<50K,<1 Year
EMP12835,Priya,Iyer,Female,33,Finance,Senior Accountant,Kolkata,Master's,Full-Time,Onsite,2023-09-02,3.0,85600,Needs Improvement,3,Neutral,5,No,Frequently,8,3,8.9,16,No,26-35,75K-100K,1-3 Years
EMP12836,Aditya,Kumar,Female,29,Human Resources,Recruiter,Ahmedabad,Bachelor's,Contract,Remote,2012-09-01,14.0,83800,Exceeds Expectations,3,Neutral,4,No,None,27,3,0.4,15,No,26-35,75K-100K,10+ Years
EMP12837,Aisha,Nair,Male,25,Customer Support,Customer Success Specialist,Bengaluru,Master's,Full-Time,Hybrid,2017-07-27,9.1,33000,Meets Expectations,5,Very Satisfied,1,Yes,Frequently,1,2,5.2,9,No,21-25,<50K,5-10 Years
EMP12838,Aarav,Iyer,Male,56,Customer Support,Support Analyst,Ahmedabad,Bachelor's,Contract,Remote,2012-09-01,14.0,49900,Exceeds Expectations,4,Satisfied,4,No,None,37,3,7.5,2,No,56+,<50K,10+ Years
EMP12839,Pooja,Iyer,Male,45,Technology,IT Support Specialist,Ahmedabad,MBA,Full-Time,Remote,2021-11-13,4.8,93100,Meets Expectations,3,Neutral,3,No,None,18,3,2.0,22,No,36-45,75K-100K,3-5 Years
EMP12840,Sneha,Patel,Female,48,Customer Support,Customer Success Specialist,Delhi NCR,Bachelor's,Full-Time,Onsite,2015-11-14,10.8,60100,Exceeds Expectations,2,Dissatisfied,3,No,None,39,0,11.9,10,Yes,46-55,50K-75K,10+ Years
EMP12841,Divya,Reddy,Female,25,Human Resources,HR Analyst,Chennai,Bachelor's,Contract,Remote,2015-01-26,11.6,45800,Needs Improvement,5,Very Satisfied,4,Yes,None,35,2,8.3,9,No,21-25,<50K,10+ Years
EMP12842,Rohit,Nair,Male,34,Marketing,Marketing Executive,Delhi NCR,Bachelor's,Full-Time,Hybrid,2012-01-26,14.6,64700,Meets Expectations,2,Dissatisfied,1,Yes,Frequently,8,1,8.3,12,Yes,26-35,50K-75K,10+ Years
EMP12843,Rahul,Patel,Female,45,Operations,Process Associate,Bengaluru,MBA,Contract,Hybrid,2026-03-03,0.5,72800,Meets Expectations,2,Dissatisfied,5,No,Rarely,4,3,5.5,16,Yes,36-45,50K-75K,<1 Year
EMP12844,Sanjay,Patel,Female,42,Human Resources,HR Manager,Pune,MBA,Full-Time,Hybrid,2012-05-14,14.3,68800,Needs Improvement,5,Very Satisfied,5,Yes,Rarely,37,2,1.2,14,No,36-45,50K-75K,10+ Years
EMP12845,Isha,Nair,Female,48,Human Resources,HR Executive,Mumbai,Bachelor's,Contract,Hybrid,2020-09-01,6.0,79800,Needs Improvement,3,Neutral,5,No,Rarely,20,0,10.8,19,No,46-55,75K-100K,5-10 Years
EMP12846,Sneha,Patel,Male,47,Human Resources,HR Analyst,Ahmedabad,Bachelor's,Contract,Hybrid,2014-01-25,12.6,60300,Meets Expectations,4,Satisfied,4,Yes,Rarely,4,2,0.9,3,Yes,46-55,50K-75K,10+ Years
EMP12847,Nikhil,Verma,Male,37,Customer Support,Customer Success Specialist,Chennai,Master's,Contract,Onsite,2018-05-15,8.3,67900,Needs Improvement,5,Very Satisfied,2,No,Rarely,24,2,9.4,15,No,36-45,50K-75K,5-10 Years
EMP12848,Vikram,Rao,Female,52,Finance,Senior Accountant,Delhi NCR,Bachelor's,Full-Time,Hybrid,2018-01-25,8.6,53300,Meets Expectations,4,Satisfied,4,Yes,Rarely,39,1,2.2,19,Yes,46-55,50K-75K,5-10 Years
EMP12849,Aisha,Joshi,Female,31,Technology,Software Engineer,Mumbai,Bachelor's,Full-Time,Onsite,2021-03-03,5.5,64900,Meets Expectations,1,Very Dissatisfied,2,Yes,Frequently,24,1,8.7,16,No,26-35,50K-75K,5-10 Years
EMP12850,Rahul,Nair,Male,24,Finance,Financial Analyst,Ahmedabad,Bachelor's,Contract,Onsite,2014-03-03,12.5,79700,Exceeds Expectations,4,Satisfied,3,Yes,Rarely,10,2,6.0,12,No,21-25,75K-100K,10+ Years
EMP12851,Aarav,Singh,Female,57,Technology,Data Analyst,Ahmedabad,Master's,Full-Time,Hybrid,2022-07-27,4.1,91600,Needs Improvement,3,Neutral,5,No,None,13,1,5.6,7,No,56+,75K-100K,3-5 Years
EMP12852,Rahul,Sharma,Male,21,Finance,Finance Manager,Bengaluru,MBA,Contract,Hybrid,2019-03-03,7.5,86100,Meets Expectations,1,Very Dissatisfied,1,Yes,None,10,3,12.0,22,Yes,21-25,75K-100K,5-10 Years
EMP12853,Rahul,Kumar,Female,32,Sales,Sales Executive,Chennai,Bachelor's,Full-Time,Onsite,2018-03-03,8.5,49700,Exceeds Expectations,1,Very Dissatisfied,3,No,None,22,1,12.0,17,No,26-35,<50K,5-10 Years
EMP12854,Arjun,Kumar,Male,25,Sales,Sales Manager,Pune,Bachelor's,Full-Time,Onsite,2015-06-21,11.2,49600,Meets Expectations,5,Very Satisfied,3,No,None,17,1,0.8,8,Yes,21-25,<50K,10+ Years
EMP12855,Rohit,Das,Non-Binary,30,Operations,Operations Manager,Delhi NCR,Bachelor's,Contract,Remote,2019-06-21,7.2,71200,Outstanding,1,Very Dissatisfied,5,No,None,14,0,10.8,22,No,26-35,50K-75K,5-10 Years
EMP12856,Neha,Das,Male,36,Sales,Business Development Executive,Hyderabad,Bachelor's,Full-Time,Hybrid,2016-05-14,10.3,52700,Needs Improvement,3,Neutral,3,No,None,7,0,0.3,21,No,36-45,50K-75K,10+ Years
EMP12857,Rahul,Sharma,Male,26,Human Resources,HR Executive,Bengaluru,Bachelor's,Full-Time,Hybrid,2019-04-09,7.4,78700,Needs Improvement,5,Very Satisfied,2,No,None,1,1,7.3,9,No,26-35,75K-100K,5-10 Years
EMP12858,Aditya,Singh,Male,39,Operations,Operations Executive,Ahmedabad,Bachelor's,Full-Time,Onsite,2016-09-01,10.0,66300,Meets Expectations,5,Very Satisfied,2,No,Frequently,33,1,9.9,2,Yes,36-45,50K-75K,5-10 Years
EMP12859,Vikram,Reddy,Non-Binary,58,Operations,Operations Executive,Kolkata,Bachelor's,Full-Time,Hybrid,2016-06-20,10.2,41200,Needs Improvement,5,Very Satisfied,2,No,Rarely,32,2,4.0,4,No,56+,<50K,10+ Years
EMP12860,Divya,Joshi,Non-Binary,26,Human Resources,HR Manager,Kolkata,Bachelor's,Full-Time,Hybrid,2015-12-20,10.7,77800,Meets Expectations,4,Satisfied,1,No,None,5,0,8.5,22,No,26-35,75K-100K,10+ Years
EMP12861,Meera,Nair,Female,58,Technology,BI Analyst,Delhi NCR,Diploma,Full-Time,Onsite,2014-04-08,12.4,120200,Outstanding,3,Neutral,4,Yes,Frequently,9,0,7.3,22,No,56+,100K-150K,10+ Years
EMP12862,Aarav,Reddy,Male,37,Customer Support,Support Analyst,Kolkata,Bachelor's,Full-Time,Hybrid,2018-06-20,8.2,63900,Meets Expectations,2,Dissatisfied,4,No,Frequently,18,2,5.6,17,No,36-45,50K-75K,5-10 Years
EMP12863,Aarav,Nair,Female,44,Operations,Process Associate,Chennai,MBA,Full-Time,Onsite,2023-07-27,3.1,37900,Meets Expectations,5,Very Satisfied,1,No,Frequently,24,0,10.2,3,No,36-45,<50K,3-5 Years
EMP12864,Rohit,Das,Female,38,Marketing,Marketing Manager,Chennai,Diploma,Full-Time,Onsite,2016-05-14,10.3,71700,Outstanding,3,Neutral,3,No,None,37,2,8.3,9,No,36-45,50K-75K,10+ Years
EMP12865,Aditya,Sharma,Male,33,Sales,Sales Executive,Chennai,Bachelor's,Full-Time,Hybrid,2025-05-15,1.3,81700,Outstanding,2,Dissatisfied,4,No,None,28,2,9.6,13,Yes,26-35,75K-100K,1-3 Years
EMP12866,Isha,Gupta,Male,25,Sales,Sales Manager,Hyderabad,Diploma,Full-Time,Hybrid,2023-04-09,3.4,67000,Exceeds Expectations,5,Very Satisfied,4,No,None,26,0,1.1,1,No,21-25,50K-75K,3-5 Years
EMP12867,Aditya,Verma,Male,44,Finance,Finance Manager,Pune,Bachelor's,Full-Time,Hybrid,2014-10-08,11.9,65700,Meets Expectations,2,Dissatisfied,1,No,Rarely,30,0,2.6,13,Yes,36-45,50K-75K,10+ Years
EMP12868,Vihaan,Kumar,Male,57,Technology,Software Engineer,Ahmedabad,Master's,Contract,Hybrid,2020-01-26,6.6,72200,Meets Expectations,1,Very Dissatisfied,1,Yes,Rarely,24,1,7.3,18,No,56+,50K-75K,5-10 Years
EMP12869,Rahul,Iyer,Male,41,Customer Support,Support Analyst,Kolkata,MBA,Full-Time,Hybrid,2019-01-26,7.6,58800,Exceeds Expectations,4,Satisfied,1,Yes,Rarely,38,0,9.9,18,No,36-45,50K-75K,5-10 Years
EMP12870,Priya,Sharma,Male,44,Technology,Data Analyst,Chennai,Master's,Full-Time,Hybrid,2011-11-14,14.8,112600,Meets Expectations,3,Neutral,3,No,Rarely,40,3,9.3,9,No,36-45,100K-150K,10+ Years
EMP12871,Arjun,Rao,Female,46,Technology,Software Engineer,Bengaluru,Bachelor's,Full-Time,Onsite,2022-12-20,3.7,122600,Meets Expectations,4,Satisfied,5,No,Frequently,18,2,5.7,16,No,46-55,100K-150K,3-5 Years
EMP12872,Kiran,Joshi,Female,36,Customer Support,Customer Success Specialist,Bengaluru,Master's,Full-Time,Onsite,2026-03-03,0.5,67300,Meets Expectations,4,Satisfied,1,No,Rarely,0,3,9.9,14,Yes,36-45,50K-75K,<1 Year
EMP12873,Ananya,Patel,Female,25,Operations,Operations Analyst,Mumbai,Bachelor's,Full-Time,Onsite,2024-11-13,1.8,52800,Meets Expectations,4,Satisfied,4,No,Frequently,40,1,10.7,9,No,21-25,50K-75K,1-3 Years
EMP12874,Divya,Patel,Male,41,Technology,Data Analyst,Kolkata,Bachelor's,Contract,Remote,2022-11-14,3.8,100900,Meets Expectations,2,Dissatisfied,4,No,Frequently,13,2,7.2,10,No,36-45,100K-150K,3-5 Years
EMP12875,Pooja,Nair,Male,55,Finance,Accountant,Pune,Bachelor's,Full-Time,Onsite,2015-10-08,10.9,54700,Meets Expectations,2,Dissatisfied,5,No,None,10,1,2.0,17,No,46-55,50K-75K,10+ Years
EMP12876,Rahul,Kumar,Male,33,Human Resources,Recruiter,Bengaluru,Bachelor's,Full-Time,Hybrid,2014-12-20,11.7,46800,Meets Expectations,2,Dissatisfied,3,No,Frequently,5,0,7.3,5,No,26-35,<50K,10+ Years
EMP12877,Kiran,Verma,Female,55,Marketing,Digital Marketing Analyst,Chennai,Master's,Full-Time,Hybrid,2018-01-25,8.6,47200,Outstanding,5,Very Satisfied,5,No,None,31,1,3.9,19,No,46-55,<50K,5-10 Years
EMP12878,Vihaan,Kumar,Male,55,Customer Support,Customer Success Specialist,Bengaluru,Master's,Full-Time,Hybrid,2022-09-01,4.0,68100,Exceeds Expectations,4,Satisfied,3,Yes,None,7,3,4.4,1,No,46-55,50K-75K,3-5 Years
EMP12879,Kiran,Sharma,Female,30,Customer Support,Team Lead,Chennai,Diploma,Full-Time,Hybrid,2018-10-08,7.9,38100,Needs Improvement,2,Dissatisfied,2,No,Frequently,39,0,10.7,5,Yes,26-35,<50K,5-10 Years
EMP12880,Sneha,Singh,Male,44,Customer Support,Support Executive,Chennai,Master's,Full-Time,Hybrid,2026-04-08,0.4,50900,Outstanding,5,Very Satisfied,5,No,None,8,0,11.8,22,Yes,36-45,50K-75K,<1 Year
EMP12881,Ananya,Reddy,Female,50,Sales,Account Manager,Pune,Diploma,Contract,Onsite,2016-05-14,10.3,59300,Meets Expectations,4,Satisfied,3,Yes,None,2,0,8.6,14,No,46-55,50K-75K,10+ Years
EMP12882,Vikram,Verma,Male,40,Technology,Software Engineer,Chennai,Bachelor's,Full-Time,Onsite,2017-05-15,9.3,81300,Needs Improvement,3,Neutral,2,No,Frequently,25,3,3.9,5,No,36-45,75K-100K,5-10 Years
EMP12883,Aarav,Rao,Male,48,Human Resources,HR Manager,Mumbai,Bachelor's,Full-Time,Hybrid,2026-03-03,0.5,69100,Meets Expectations,5,Very Satisfied,4,No,None,8,1,3.5,1,Yes,46-55,50K-75K,<1 Year
EMP12884,Meera,Rao,Female,57,Sales,Sales Executive,Ahmedabad,Bachelor's,Full-Time,Remote,2014-05-15,12.3,39100,Meets Expectations,5,Very Satisfied,3,No,None,11,2,0.7,10,No,56+,<50K,10+ Years
EMP12885,Vikram,Iyer,Male,46,Finance,Senior Accountant,Kolkata,Bachelor's,Full-Time,Remote,2015-03-03,11.5,71000,Meets Expectations,3,Neutral,4,No,None,4,2,0.9,20,No,46-55,50K-75K,10+ Years
EMP12886,Meera,Joshi,Male,54,Technology,Software Engineer,Ahmedabad,Master's,Contract,Remote,2021-11-13,4.8,92100,Meets Expectations,1,Very Dissatisfied,4,No,None,27,1,1.1,13,No,46-55,75K-100K,3-5 Years
EMP12887,Neha,Rao,Female,53,Customer Support,Customer Success Specialist,Mumbai,Bachelor's,Full-Time,Hybrid,2017-01-25,9.6,63300,Outstanding,3,Neutral,1,No,None,9,2,8.2,1,No,46-55,50K-75K,5-10 Years
EMP12888,Aisha,Kumar,Male,53,Sales,Sales Manager,Pune,MBA,Full-Time,Onsite,2017-07-27,9.1,71800,Exceeds Expectations,2,Dissatisfied,3,No,None,30,0,2.4,17,No,46-55,50K-75K,5-10 Years
EMP12889,Nikhil,Kumar,Female,55,Technology,IT Support Specialist,Hyderabad,Bachelor's,Contract,Hybrid,2024-05-14,2.3,118200,Meets Expectations,4,Satisfied,5,No,Frequently,10,0,1.2,11,Yes,46-55,100K-150K,1-3 Years
EMP12890,Aditya,Nair,Female,30,Technology,Software Engineer,Bengaluru,MBA,Full-Time,Hybrid,2023-07-27,3.1,84900,Needs Improvement,1,Very Dissatisfied,4,No,None,16,2,11.9,6,No,26-35,75K-100K,3-5 Years
EMP12891,Rahul,Joshi,Non-Binary,21,Technology,Software Engineer,Pune,Master's,Full-Time,Onsite,2016-05-14,10.3,68400,Meets Expectations,3,Neutral,4,No,Rarely,20,3,8.6,11,No,21-25,50K-75K,10+ Years
EMP12892,Kavya,Joshi,Female,27,Human Resources,HR Manager,Chennai,Diploma,Full-Time,Hybrid,2012-09-01,14.0,62200,Meets Expectations,3,Neutral,5,No,None,21,0,7.3,17,No,26-35,50K-75K,10+ Years
EMP12893,Priya,Iyer,Male,30,Finance,Accountant,Mumbai,Bachelor's,Full-Time,Remote,2017-12-20,8.7,105100,Meets Expectations,2,Dissatisfied,2,No,None,33,1,6.7,17,Yes,26-35,100K-150K,5-10 Years
EMP12894,Vihaan,Sharma,Female,48,Customer Support,Support Executive,Chennai,Bachelor's,Contract,Onsite,2018-01-25,8.6,40500,Meets Expectations,4,Satisfied,4,Yes,Rarely,5,1,11.5,2,No,46-55,<50K,5-10 Years
EMP12895,Pooja,Das,Female,41,Technology,BI Analyst,Pune,Master's,Contract,Hybrid,2016-11-13,9.8,70800,Exceeds Expectations,3,Neutral,1,No,None,9,2,7.5,4,No,36-45,50K-75K,5-10 Years
EMP12896,Aarav,Das,Male,39,Human Resources,HR Executive,Kolkata,MBA,Full-Time,Hybrid,2019-12-20,6.7,89600,Meets Expectations,2,Dissatisfied,1,No,None,30,0,0.6,18,Yes,36-45,75K-100K,5-10 Years
EMP12897,Sanjay,Reddy,Female,21,Marketing,Content Specialist,Mumbai,Bachelor's,Full-Time,Onsite,2025-09-01,1.0,93100,Meets Expectations,5,Very Satisfied,4,No,None,35,2,7.2,6,No,21-25,75K-100K,<1 Year
EMP12898,Arjun,Patel,Male,48,Marketing,Content Specialist,Hyderabad,Master's,Full-Time,Hybrid,2020-07-26,6.1,51300,Meets Expectations,3,Neutral,2,No,None,17,3,5.3,20,No,46-55,50K-75K,5-10 Years
EMP12899,Arjun,Iyer,Female,35,Operations,Process Associate,Mumbai,Bachelor's,Full-Time,Hybrid,2013-03-03,13.5,72100,Meets Expectations,1,Very Dissatisfied,4,No,None,0,3,12.0,3,No,26-35,50K-75K,10+ Years
EMP12900,Sanjay,Rao,Male,51,Technology,Data Analyst,Bengaluru,Bachelor's,Full-Time,Onsite,2014-07-27,12.1,88700,Meets Expectations,4,Satisfied,5,No,None,34,3,5.9,20,No,46-55,75K-100K,10+ Years
EMP12901,Rohit,Nair,Male,25,Human Resources,HR Executive,Kolkata,Bachelor's,Full-Time,Remote,2012-10-08,13.9,66800,Meets Expectations,2,Dissatisfied,5,No,None,25,2,9.4,11,Yes,21-25,50K-75K,10+ Years
EMP12902,Sanjay,Sharma,Male,32,Operations,Operations Analyst,Bengaluru,Bachelor's,Contract,Hybrid,2024-03-02,2.5,59900,Meets Expectations,4,Satisfied,1,No,None,21,0,9.9,0,No,26-35,50K-75K,1-3 Years
EMP12903,Meera,Gupta,Male,23,Customer Support,Customer Success Specialist,Mumbai,Bachelor's,Full-Time,Hybrid,2018-12-20,7.7,69700,Meets Expectations,4,Satisfied,2,No,None,15,2,0.8,2,Yes,21-25,50K-75K,5-10 Years
EMP12904,Aisha,Patel,Non-Binary,32,Marketing,Content Specialist,Hyderabad,Bachelor's,Contract,Hybrid,2017-10-08,8.9,53100,Needs Improvement,4,Satisfied,3,Yes,Frequently,28,2,11.6,11,No,26-35,50K-75K,5-10 Years
EMP12905,Rohit,Das,Female,57,Marketing,Marketing Manager,Ahmedabad,Bachelor's,Contract,Remote,2023-05-15,3.3,83900,Meets Expectations,5,Very Satisfied,1,No,None,11,0,6.3,2,No,56+,75K-100K,3-5 Years
EMP12906,Ananya,Reddy,Male,40,Customer Support,Team Lead,Hyderabad,Bachelor's,Contract,Onsite,2023-06-21,3.2,32500,Meets Expectations,4,Satisfied,5,No,Rarely,14,1,10.0,20,No,36-45,<50K,3-5 Years
EMP12907,Vikram,Iyer,Male,38,Marketing,Content Specialist,Delhi NCR,Bachelor's,Full-Time,Hybrid,2014-11-14,11.8,76300,Meets Expectations,2,Dissatisfied,5,Yes,Rarely,31,2,7.8,0,No,36-45,75K-100K,10+ Years
EMP12908,Kiran,Kumar,Female,31,Customer Support,Support Analyst,Mumbai,Bachelor's,Contract,Hybrid,2016-07-26,10.1,57500,Meets Expectations,5,Very Satisfied,4,No,None,15,0,5.5,18,No,26-35,50K-75K,10+ Years
EMP12909,Sanjay,Singh,Female,31,Sales,Sales Executive,Hyderabad,Bachelor's,Full-Time,Remote,2016-11-13,9.8,74300,Needs Improvement,3,Neutral,2,No,None,38,0,3.4,20,No,26-35,50K-75K,5-10 Years
EMP12910,Aditya,Sharma,Male,47,Finance,Financial Analyst,Ahmedabad,Bachelor's,Contract,Hybrid,2022-06-20,4.2,102900,Needs Improvement,4,Satisfied,1,No,None,17,1,2.4,20,No,46-55,100K-150K,3-5 Years
EMP12911,Rahul,Reddy,Female,60,Sales,Sales Executive,Chennai,Bachelor's,Contract,Remote,2018-12-20,7.7,74300,Exceeds Expectations,2,Dissatisfied,5,No,None,23,3,8.6,4,No,56+,50K-75K,5-10 Years
EMP12912,Priya,Iyer,Male,50,Sales,Sales Manager,Kolkata,Bachelor's,Full-Time,Onsite,2026-03-03,0.5,73300,Meets Expectations,5,Very Satisfied,4,No,None,26,1,1.1,16,No,46-55,50K-75K,<1 Year
EMP12913,Neha,Nair,Male,50,Human Resources,HR Executive,Chennai,Bachelor's,Full-Time,Hybrid,2024-07-26,2.1,54800,Meets Expectations,5,Very Satisfied,5,Yes,None,28,3,3.1,16,No,46-55,50K-75K,1-3 Years
EMP12914,Kavya,Joshi,Male,39,Technology,IT Support Specialist,Bengaluru,Bachelor's,Contract,Onsite,2018-10-08,7.9,128200,Needs Improvement,5,Very Satisfied,2,Yes,Frequently,20,0,6.4,19,No,36-45,100K-150K,5-10 Years
EMP12915,Divya,Joshi,Female,24,Finance,Financial Analyst,Pune,Bachelor's,Full-Time,Hybrid,2021-11-13,4.8,76200,Outstanding,2,Dissatisfied,1,No,Rarely,14,0,2.8,17,No,21-25,75K-100K,3-5 Years
EMP12916,Rahul,Gupta,Male,49,Human Resources,HR Manager,Bengaluru,Bachelor's,Contract,Hybrid,2012-03-02,14.5,63000,Meets Expectations,5,Very Satisfied,5,Yes,None,32,3,6.7,1,No,46-55,50K-75K,10+ Years
EMP12917,Aditya,Gupta,Male,53,Marketing,Marketing Manager,Chennai,Master's,Contract,Hybrid,2019-06-21,7.2,69700,Meets Expectations,4,Satisfied,1,Yes,Frequently,29,1,4.5,15,No,46-55,50K-75K,5-10 Years
EMP12918,Sneha,Patel,Female,41,Customer Support,Support Executive,Mumbai,Bachelor's,Full-Time,Onsite,2025-04-08,1.4,47500,Exceeds Expectations,1,Very Dissatisfied,3,No,None,2,0,3.4,4,No,36-45,<50K,1-3 Years
EMP12919,Priya,Nair,Male,24,Operations,Operations Executive,Mumbai,Bachelor's,Contract,Hybrid,2026-03-03,0.5,64200,Meets Expectations,5,Very Satisfied,3,No,None,25,2,8.6,1,No,21-25,50K-75K,<1 Year
EMP12920,Pooja,Iyer,Male,49,Finance,Accountant,Pune,Diploma,Full-Time,Onsite,2015-10-08,10.9,69200,Meets Expectations,3,Neutral,3,No,None,36,2,3.1,16,No,46-55,50K-75K,10+ Years
EMP12921,Aditya,Kumar,Male,57,Finance,Accountant,Pune,Bachelor's,Full-Time,Onsite,2023-12-20,2.7,62800,Needs Improvement,3,Neutral,3,No,Frequently,22,0,2.5,9,No,56+,50K-75K,1-3 Years
EMP12922,Rahul,Iyer,Male,29,Operations,Operations Analyst,Mumbai,Bachelor's,Full-Time,Hybrid,2023-09-02,3.0,79300,Meets Expectations,2,Dissatisfied,1,Yes,None,37,3,2.2,18,No,26-35,75K-100K,1-3 Years
EMP12923,Nikhil,Verma,Female,27,Sales,Sales Manager,Pune,Master's,Contract,Hybrid,2020-03-02,6.5,82400,Outstanding,5,Very Satisfied,4,Yes,Rarely,15,0,2.6,16,No,26-35,75K-100K,5-10 Years
EMP12924,Isha,Das,Female,50,Human Resources,HR Executive,Delhi NCR,Bachelor's,Contract,Onsite,2022-07-27,4.1,67000,Meets Expectations,1,Very Dissatisfied,2,Yes,Rarely,10,0,0.3,4,Yes,46-55,50K-75K,3-5 Years
EMP12925,Arjun,Singh,Male,34,Finance,Financial Analyst,Pune,Bachelor's,Full-Time,Hybrid,2017-05-15,9.3,105000,Exceeds Expectations,2,Dissatisfied,1,No,None,20,3,8.6,7,No,26-35,100K-150K,5-10 Years
EMP12926,Divya,Nair,Male,49,Technology,BI Analyst,Ahmedabad,Master's,Full-Time,Hybrid,2019-04-09,7.4,87700,Meets Expectations,3,Neutral,3,No,None,4,0,6.9,18,No,46-55,75K-100K,5-10 Years
EMP12927,Aditya,Verma,Female,49,Marketing,Content Specialist,Bengaluru,MBA,Full-Time,Onsite,2024-11-13,1.8,63700,Meets Expectations,1,Very Dissatisfied,2,No,None,2,1,0.8,12,No,46-55,50K-75K,1-3 Years
EMP12928,Meera,Patel,Female,31,Finance,Accountant,Bengaluru,MBA,Full-Time,Hybrid,2014-11-14,11.8,102400,Meets Expectations,2,Dissatisfied,4,No,Rarely,23,2,5.9,5,No,26-35,100K-150K,10+ Years
EMP12929,Kavya,Sharma,Male,22,Technology,IT Support Specialist,Ahmedabad,Bachelor's,Contract,Onsite,2020-03-02,6.5,102900,Exceeds Expectations,4,Satisfied,2,No,None,1,2,10.1,16,No,21-25,100K-150K,5-10 Years
EMP12930,Aditya,Joshi,Female,43,Marketing,Digital Marketing Analyst,Hyderabad,Diploma,Full-Time,Hybrid,2017-06-20,9.2,83300,Meets Expectations,3,Neutral,3,No,None,2,2,5.9,15,No,36-45,75K-100K,5-10 Years
EMP12931,Divya,Nair,Female,37,Technology,Data Analyst,Hyderabad,Bachelor's,Full-Time,Hybrid,2026-05-15,0.3,87500,Meets Expectations,5,Very Satisfied,3,No,None,18,0,12.0,20,No,36-45,75K-100K,<1 Year
EMP12932,Aarav,Rao,Male,55,Marketing,Marketing Executive,Bengaluru,Bachelor's,Full-Time,Onsite,2017-03-03,9.5,64700,Outstanding,5,Very Satisfied,5,No,Rarely,9,3,1.4,11,No,46-55,50K-75K,5-10 Years
EMP12933,Vikram,Verma,Female,35,Technology,Data Analyst,Bengaluru,Bachelor's,Full-Time,Onsite,2022-04-08,4.4,64300,Needs Improvement,1,Very Dissatisfied,1,No,Rarely,7,2,7.4,18,Yes,26-35,50K-75K,3-5 Years
EMP12934,Neha,Gupta,Female,30,Human Resources,HR Analyst,Mumbai,Bachelor's,Full-Time,Onsite,2019-03-03,7.5,90700,Needs Improvement,2,Dissatisfied,1,No,None,20,1,6.4,17,No,26-35,75K-100K,5-10 Years
EMP12935,Rohit,Sharma,Male,55,Operations,Operations Manager,Kolkata,Bachelor's,Full-Time,Remote,2022-01-25,4.6,47800,Meets Expectations,5,Very Satisfied,5,Yes,None,13,2,7.1,5,No,46-55,<50K,3-5 Years
EMP12936,Vikram,Kumar,Non-Binary,50,Technology,Software Engineer,Hyderabad,Master's,Full-Time,Hybrid,2011-10-08,14.9,93200,Exceeds Expectations,5,Very Satisfied,2,No,None,25,3,6.3,9,No,46-55,75K-100K,10+ Years
EMP12937,Kiran,Iyer,Female,45,Operations,Operations Executive,Mumbai,Bachelor's,Full-Time,Hybrid,2023-01-26,3.6,42700,Meets Expectations,1,Very Dissatisfied,4,No,None,17,2,6.8,10,No,36-45,<50K,3-5 Years
EMP12938,Arjun,Sharma,Male,59,Operations,Operations Analyst,Pune,Master's,Full-Time,Hybrid,2012-12-20,13.7,66600,Exceeds Expectations,4,Satisfied,3,No,None,7,0,10.9,4,No,56+,50K-75K,10+ Years
EMP12939,Priya,Reddy,Female,52,Customer Support,Support Executive,Kolkata,MBA,Contract,Hybrid,2012-11-13,13.8,47400,Meets Expectations,2,Dissatisfied,4,No,Rarely,28,3,4.5,13,No,46-55,<50K,10+ Years
EMP12940,Nikhil,Iyer,Male,55,Technology,Software Engineer,Pune,Bachelor's,Full-Time,Hybrid,2020-04-08,6.4,112400,Exceeds Expectations,5,Very Satisfied,4,No,None,38,1,8.0,18,Yes,46-55,100K-150K,5-10 Years
EMP12941,Isha,Das,Male,52,Operations,Operations Manager,Pune,Bachelor's,Full-Time,Onsite,2021-12-20,4.7,61300,Meets Expectations,3,Neutral,2,Yes,None,29,3,2.8,1,No,46-55,50K-75K,3-5 Years
EMP12942,Ananya,Gupta,Female,37,Customer Support,Team Lead,Hyderabad,Bachelor's,Contract,Hybrid,2020-11-13,5.8,37300,Meets Expectations,1,Very Dissatisfied,3,No,None,7,3,4.4,21,No,36-45,<50K,5-10 Years
EMP12943,Ananya,Iyer,Female,23,Operations,Operations Manager,Hyderabad,Bachelor's,Contract,Hybrid,2011-11-14,14.8,38000,Meets Expectations,2,Dissatisfied,2,No,None,22,3,6.5,19,No,21-25,<50K,10+ Years
EMP12944,Arjun,Nair,Male,45,Technology,Software Engineer,Ahmedabad,Bachelor's,Contract,Hybrid,2017-04-08,9.4,73400,Needs Improvement,5,Very Satisfied,2,No,Rarely,6,0,8.6,14,Yes,36-45,50K-75K,5-10 Years
EMP12945,Kiran,Reddy,Female,51,Operations,Process Associate,Chennai,Bachelor's,Contract,Onsite,2018-05-15,8.3,70100,Meets Expectations,4,Satisfied,3,No,Rarely,1,3,11.0,20,No,46-55,50K-75K,5-10 Years
EMP12946,Aarav,Sharma,Male,60,Sales,Sales Manager,Kolkata,Master's,Full-Time,Hybrid,2025-12-20,0.7,77800,Meets Expectations,1,Very Dissatisfied,1,Yes,None,6,2,8.5,19,Yes,56+,75K-100K,<1 Year
EMP12947,Divya,Joshi,Male,48,Marketing,Marketing Manager,Ahmedabad,Master's,Contract,Hybrid,2013-12-20,12.7,61300,Meets Expectations,5,Very Satisfied,1,No,None,33,3,8.3,22,No,46-55,50K-75K,10+ Years
EMP12948,Aisha,Rao,Male,43,Human Resources,HR Executive,Mumbai,Bachelor's,Full-Time,Onsite,2025-04-08,1.4,69000,Needs Improvement,5,Very Satisfied,4,No,Rarely,38,1,5.2,0,No,36-45,50K-75K,1-3 Years
EMP12949,Kiran,Singh,Female,44,Human Resources,Recruiter,Mumbai,Bachelor's,Full-Time,Onsite,2025-10-08,0.9,54100,Exceeds Expectations,3,Neutral,1,No,Rarely,24,2,3.0,20,Yes,36-45,50K-75K,<1 Year
EMP12950,Sanjay,Patel,Male,25,Human Resources,HR Executive,Ahmedabad,Master's,Full-Time,Hybrid,2022-05-15,4.3,86400,Needs Improvement,1,Very Dissatisfied,5,No,Frequently,36,2,8.6,12,No,21-25,75K-100K,3-5 Years
EMP12951,Priya,Das,Male,21,Sales,Sales Manager,Delhi NCR,Master's,Full-Time,Hybrid,2019-06-21,7.2,84200,Meets Expectations,3,Neutral,4,No,Frequently,16,1,4.6,18,No,21-25,75K-100K,5-10 Years
EMP12952,Rahul,Joshi,Female,22,Human Resources,HR Executive,Pune,Bachelor's,Full-Time,Hybrid,2013-03-03,13.5,79900,Meets Expectations,1,Very Dissatisfied,5,No,Frequently,1,0,10.5,8,No,21-25,75K-100K,10+ Years
EMP12953,Aditya,Gupta,Female,57,Customer Support,Team Lead,Ahmedabad,Bachelor's,Contract,Remote,2014-10-08,11.9,35700,Meets Expectations,2,Dissatisfied,3,Yes,Frequently,37,3,10.4,10,No,56+,<50K,10+ Years
EMP12954,Divya,Rao,Male,52,Human Resources,HR Executive,Kolkata,Master's,Full-Time,Hybrid,2023-07-27,3.1,64000,Meets Expectations,2,Dissatisfied,4,Yes,Frequently,29,2,1.1,16,Yes,46-55,50K-75K,3-5 Years
EMP12955,Vikram,Gupta,Female,31,Technology,BI Analyst,Hyderabad,Bachelor's,Full-Time,Onsite,2020-12-20,5.7,128000,Meets Expectations,4,Satisfied,1,No,Rarely,27,3,0.7,9,No,26-35,100K-150K,5-10 Years
EMP12956,Aisha,Singh,Male,37,Customer Support,Support Executive,Delhi NCR,Bachelor's,Full-Time,Onsite,2014-12-20,11.7,41100,Exceeds Expectations,4,Satisfied,4,Yes,Rarely,3,2,5.6,7,Yes,36-45,<50K,10+ Years
EMP12957,Sneha,Singh,Male,40,Sales,Sales Manager,Hyderabad,Bachelor's,Full-Time,Onsite,2018-09-01,8.0,70400,Meets Expectations,1,Very Dissatisfied,2,No,Rarely,39,0,2.8,2,No,36-45,50K-75K,5-10 Years
EMP12958,Nikhil,Reddy,Non-Binary,30,Human Resources,HR Analyst,Bengaluru,Bachelor's,Contract,Onsite,2023-11-14,2.8,89300,Meets Expectations,5,Very Satisfied,4,No,None,3,2,3.0,0,No,26-35,75K-100K,1-3 Years
EMP12959,Sneha,Rao,Male,37,Human Resources,HR Manager,Delhi NCR,Master's,Full-Time,Remote,2020-07-26,6.1,81000,Meets Expectations,4,Satisfied,2,No,None,0,0,5.0,20,No,36-45,75K-100K,5-10 Years
EMP12960,Kiran,Singh,Female,34,Human Resources,Recruiter,Delhi NCR,Bachelor's,Full-Time,Remote,2017-03-03,9.5,72700,Meets Expectations,4,Satisfied,4,No,Frequently,3,0,9.4,10,No,26-35,50K-75K,5-10 Years
EMP12961,Kiran,Patel,Female,48,Customer Support,Customer Success Specialist,Bengaluru,Bachelor's,Full-Time,Hybrid,2012-01-26,14.6,51900,Needs Improvement,4,Satisfied,5,No,None,38,2,2.2,6,No,46-55,50K-75K,10+ Years
EMP12962,Neha,Singh,Female,51,Finance,Financial Analyst,Mumbai,MBA,Contract,Onsite,2016-09-01,10.0,103100,Needs Improvement,4,Satisfied,1,Yes,None,34,1,11.4,13,No,46-55,100K-150K,5-10 Years
EMP12963,Aisha,Nair,Male,24,Customer Support,Support Analyst,Hyderabad,Bachelor's,Full-Time,Onsite,2026-04-08,0.4,47500,Meets Expectations,4,Satisfied,1,No,None,4,3,7.4,22,No,21-25,<50K,<1 Year
EMP12964,Neha,Das,Male,39,Sales,Account Manager,Chennai,Bachelor's,Contract,Hybrid,2016-01-26,10.6,81200,Outstanding,2,Dissatisfied,2,No,None,17,1,9.2,15,No,36-45,75K-100K,10+ Years
EMP12965,Kavya,Das,Male,60,Operations,Operations Executive,Pune,Master's,Full-Time,Remote,2022-10-08,3.9,56900,Meets Expectations,4,Satisfied,3,No,None,21,2,2.1,12,No,56+,50K-75K,3-5 Years
EMP12966,Pooja,Joshi,Male,55,Marketing,Marketing Manager,Ahmedabad,Bachelor's,Full-Time,Hybrid,2013-09-01,13.0,83000,Needs Improvement,5,Very Satisfied,5,No,None,22,2,2.0,19,No,46-55,75K-100K,10+ Years
EMP12967,Rohit,Iyer,Female,52,Technology,Software Engineer,Kolkata,MBA,Full-Time,Remote,2020-10-08,5.9,122800,Outstanding,4,Satisfied,3,No,None,8,0,3.9,0,No,46-55,100K-150K,5-10 Years
EMP12968,Aarav,Singh,Male,50,Technology,Software Engineer,Chennai,Master's,Full-Time,Onsite,2023-06-21,3.2,97200,Meets Expectations,3,Neutral,5,No,None,1,3,10.8,22,No,46-55,75K-100K,3-5 Years
EMP12969,Kiran,Joshi,Male,21,Operations,Operations Executive,Chennai,Bachelor's,Contract,Hybrid,2019-07-27,7.1,51400,Exceeds Expectations,4,Satisfied,4,No,None,1,1,10.1,16,Yes,21-25,50K-75K,5-10 Years
EMP12970,Sneha,Singh,Male,59,Marketing,Digital Marketing Analyst,Ahmedabad,Bachelor's,Full-Time,Onsite,2022-09-01,4.0,46200,Outstanding,5,Very Satisfied,4,No,None,36,0,3.3,17,No,56+,<50K,3-5 Years
EMP12971,Priya,Das,Male,50,Marketing,Marketing Executive,Kolkata,Bachelor's,Contract,Hybrid,2022-12-20,3.7,85700,Meets Expectations,4,Satisfied,5,No,None,25,2,5.1,5,No,46-55,75K-100K,3-5 Years
EMP12972,Kiran,Iyer,Male,56,Sales,Sales Executive,Kolkata,Bachelor's,Contract,Hybrid,2017-12-20,8.7,68100,Meets Expectations,4,Satisfied,2,No,None,40,3,6.1,7,No,56+,50K-75K,5-10 Years
EMP12973,Aisha,Das,Female,57,Marketing,Digital Marketing Analyst,Mumbai,Bachelor's,Contract,Hybrid,2015-01-26,11.6,57200,Outstanding,5,Very Satisfied,4,Yes,Rarely,35,3,4.0,14,No,56+,50K-75K,10+ Years
EMP12974,Divya,Singh,Male,31,Customer Support,Support Executive,Chennai,Bachelor's,Contract,Hybrid,2014-01-25,12.6,66200,Meets Expectations,2,Dissatisfied,4,No,None,9,3,11.4,21,Yes,26-35,50K-75K,10+ Years
EMP12975,Aditya,Singh,Male,21,Sales,Sales Executive,Mumbai,Master's,Full-Time,Onsite,2020-07-26,6.1,82100,Meets Expectations,2,Dissatisfied,5,No,Frequently,3,0,8.2,5,Yes,21-25,75K-100K,5-10 Years
EMP12976,Aarav,Gupta,Female,47,Human Resources,HR Analyst,Kolkata,Bachelor's,Full-Time,Onsite,2025-06-20,1.2,86700,Meets Expectations,2,Dissatisfied,2,No,Rarely,26,1,5.3,15,Yes,46-55,75K-100K,1-3 Years
EMP12977,Kavya,Iyer,Female,39,Human Resources,HR Executive,Hyderabad,Bachelor's,Full-Time,Hybrid,2019-04-09,7.4,72300,Outstanding,2,Dissatisfied,4,No,None,9,2,0.3,7,No,36-45,50K-75K,5-10 Years
EMP12978,Sanjay,Reddy,Female,21,Customer Support,Team Lead,Hyderabad,Bachelor's,Contract,Hybrid,2020-01-26,6.6,70000,Meets Expectations,4,Satisfied,2,No,None,27,2,0.9,20,No,21-25,50K-75K,5-10 Years
EMP12979,Kavya,Patel,Female,31,Technology,Data Analyst,Chennai,Bachelor's,Full-Time,Remote,2023-07-27,3.1,119900,Needs Improvement,3,Neutral,5,No,None,39,0,6.7,13,No,26-35,100K-150K,3-5 Years
EMP12980,Neha,Rao,Male,60,Human Resources,HR Manager,Mumbai,MBA,Full-Time,Hybrid,2013-03-03,13.5,47300,Meets Expectations,5,Very Satisfied,3,Yes,None,39,1,9.1,9,No,56+,<50K,10+ Years
EMP12981,Aarav,Das,Male,35,Operations,Process Associate,Bengaluru,Bachelor's,Contract,Hybrid,2012-01-26,14.6,81600,Meets Expectations,4,Satisfied,5,No,Frequently,10,0,7.5,22,No,26-35,75K-100K,10+ Years
EMP12982,Aisha,Kumar,Female,31,Sales,Business Development Executive,Hyderabad,MBA,Full-Time,Hybrid,2025-09-01,1.0,64700,Meets Expectations,4,Satisfied,3,No,Rarely,19,1,9.8,3,No,26-35,50K-75K,<1 Year
EMP12983,Arjun,Rao,Female,47,Operations,Operations Manager,Mumbai,Master's,Full-Time,Hybrid,2014-09-01,12.0,78900,Meets Expectations,5,Very Satisfied,1,No,Rarely,28,0,9.3,9,No,46-55,75K-100K,10+ Years
EMP12984,Sneha,Kumar,Female,47,Operations,Operations Analyst,Bengaluru,Bachelor's,Full-Time,Onsite,2016-11-13,9.8,71700,Meets Expectations,5,Very Satisfied,2,Yes,Rarely,9,3,9.7,15,No,46-55,50K-75K,5-10 Years
EMP12985,Divya,Nair,Male,34,Operations,Operations Manager,Bengaluru,Bachelor's,Contract,Hybrid,2022-07-27,4.1,66600,Exceeds Expectations,1,Very Dissatisfied,4,No,Frequently,23,2,7.4,9,No,26-35,50K-75K,3-5 Years
EMP12986,Sanjay,Kumar,Non-Binary,54,Marketing,Marketing Executive,Pune,Bachelor's,Full-Time,Onsite,2017-01-25,9.6,60600,Meets Expectations,5,Very Satisfied,4,Yes,Frequently,14,0,10.4,3,No,46-55,50K-75K,5-10 Years
EMP12987,Rohit,Reddy,Non-Binary,44,Operations,Process Associate,Ahmedabad,Bachelor's,Full-Time,Onsite,2024-07-26,2.1,38700,Needs Improvement,5,Very Satisfied,3,No,None,23,3,4.2,6,No,36-45,<50K,1-3 Years
EMP12988,Meera,Rao,Male,27,Operations,Operations Analyst,Hyderabad,Master's,Full-Time,Hybrid,2025-06-20,1.2,50000,Meets Expectations,2,Dissatisfied,4,No,None,26,3,2.0,20,No,26-35,<50K,1-3 Years
EMP12989,Nikhil,Sharma,Male,33,Customer Support,Support Executive,Chennai,Diploma,Contract,Hybrid,2011-10-08,14.9,58800,Needs Improvement,2,Dissatisfied,3,Yes,None,35,1,9.6,4,No,26-35,50K-75K,10+ Years
EMP12990,Priya,Patel,Male,54,Finance,Financial Analyst,Ahmedabad,Bachelor's,Full-Time,Remote,2017-01-25,9.6,99200,Needs Improvement,3,Neutral,1,Yes,None,19,2,3.7,14,Yes,46-55,75K-100K,5-10 Years
EMP12991,Rahul,Iyer,Male,24,Human Resources,HR Executive,Hyderabad,Diploma,Full-Time,Remote,2022-10-08,3.9,42100,Needs Improvement,5,Very Satisfied,1,No,None,11,0,2.9,3,Yes,21-25,<50K,3-5 Years
EMP12992,Ananya,Das,Male,21,Marketing,Marketing Executive,Ahmedabad,MBA,Contract,Hybrid,2019-10-08,6.9,54400,Needs Improvement,4,Satisfied,2,Yes,None,3,2,6.8,10,No,21-25,50K-75K,5-10 Years
EMP12993,Vihaan,Gupta,Male,47,Technology,BI Analyst,Kolkata,Bachelor's,Contract,Hybrid,2012-05-14,14.3,105700,Meets Expectations,3,Neutral,1,No,Rarely,28,2,6.8,9,No,46-55,100K-150K,10+ Years
EMP12994,Pooja,Rao,Female,38,Operations,Operations Executive,Hyderabad,Bachelor's,Full-Time,Onsite,2019-12-20,6.7,50300,Outstanding,2,Dissatisfied,4,Yes,None,33,1,1.1,2,No,36-45,50K-75K,5-10 Years
EMP12995,Sneha,Das,Male,31,Operations,Process Associate,Chennai,Bachelor's,Full-Time,Onsite,2013-03-03,13.5,43900,Needs Improvement,5,Very Satisfied,5,Yes,Rarely,16,0,7.6,18,No,26-35,<50K,10+ Years
EMP12996,Nikhil,Sharma,Female,39,Marketing,Digital Marketing Analyst,Hyderabad,Bachelor's,Full-Time,Hybrid,2013-07-27,13.1,47800,Meets Expectations,4,Satisfied,5,No,None,35,0,2.9,6,Yes,36-45,<50K,10+ Years
EMP12997,Neha,Rao,Male,28,Finance,Finance Manager,Chennai,Bachelor's,Contract,Onsite,2021-05-15,5.3,86100,Needs Improvement,1,Very Dissatisfied,3,No,None,19,0,1.8,13,No,26-35,75K-100K,5-10 Years
EMP12998,Sneha,Rao,Female,35,Finance,Accountant,Ahmedabad,Bachelor's,Full-Time,Hybrid,2016-03-02,10.5,83500,Needs Improvement,2,Dissatisfied,5,No,Frequently,19,1,11.6,6,No,26-35,75K-100K,10+ Years
EMP12999,Nikhil,Sharma,Male,30,Human Resources,HR Executive,Kolkata,Master's,Full-Time,Remote,2016-09-01,10.0,85300,Needs Improvement,5,Very Satisfied,4,No,None,1,0,3.6,9,No,26-35,75K-100K,5-10 Years
EMP13000,Rohit,Reddy,Male,44,Marketing,Marketing Executive,Hyderabad,MBA,Full-Time,Hybrid,2015-01-26,11.6,59900,Meets Expectations,4,Satisfied,1,No,Rarely,21,2,5.1,1,No,36-45,50K-75K,10+ Years
EMP13001,Vihaan,Rao,Female,47,Operations,Operations Manager,Kolkata,Bachelor's,Full-Time,Onsite,2021-01-25,5.6,43700,Meets Expectations,3,Neutral,3,No,Frequently,24,1,1.9,5,No,46-55,<50K,5-10 Years
EMP13002,Rahul,Reddy,Male,57,Marketing,Marketing Manager,Ahmedabad,Bachelor's,Full-Time,Hybrid,2025-09-01,1.0,85200,Needs Improvement,3,Neutral,3,Yes,None,20,1,11.4,3,No,56+,75K-100K,<1 Year
EMP13003,Nikhil,Iyer,Male,23,Customer Support,Customer Success Specialist,Delhi NCR,Master's,Full-Time,Hybrid,2023-12-20,2.7,70500,Outstanding,1,Very Dissatisfied,3,No,None,22,3,0.4,15,No,21-25,50K-75K,1-3 Years
EMP13004,Sanjay,Reddy,Male,34,Customer Support,Customer Success Specialist,Mumbai,Master's,Full-Time,Remote,2017-05-15,9.3,46200,Meets Expectations,5,Very Satisfied,5,No,None,21,2,0.3,13,No,26-35,<50K,5-10 Years
EMP13005,Divya,Sharma,Female,31,Marketing,Content Specialist,Delhi NCR,Bachelor's,Full-Time,Hybrid,2014-12-20,11.7,88700,Meets Expectations,4,Satisfied,5,Yes,None,28,3,5.0,5,No,26-35,75K-100K,10+ Years
EMP13006,Rohit,Das,Female,44,Finance,Senior Accountant,Mumbai,Diploma,Full-Time,Onsite,2015-04-09,11.4,93400,Meets Expectations,3,Neutral,2,Yes,Frequently,4,0,1.6,0,No,36-45,75K-100K,10+ Years
EMP13007,Sanjay,Singh,Male,42,Marketing,Digital Marketing Analyst,Bengaluru,Master's,Full-Time,Hybrid,2017-11-13,8.8,91100,Needs Improvement,4,Satisfied,1,No,Frequently,21,0,2.5,7,Yes,36-45,75K-100K,5-10 Years
EMP13008,Aarav,Rao,Female,56,Finance,Financial Analyst,Hyderabad,Bachelor's,Full-Time,Hybrid,2025-03-03,1.5,73600,Exceeds Expectations,3,Neutral,4,No,None,17,2,3.6,10,No,56+,50K-75K,1-3 Years
EMP13009,Vihaan,Patel,Male,57,Marketing,Digital Marketing Analyst,Hyderabad,Bachelor's,Full-Time,Hybrid,2026-03-03,0.5,48800,Outstanding,3,Neutral,1,No,Rarely,14,3,5.7,1,Yes,56+,<50K,<1 Year
EMP13010,Sanjay,Sharma,Female,51,Operations,Operations Manager,Pune,Bachelor's,Full-Time,Hybrid,2014-11-14,11.8,42800,Meets Expectations,1,Very Dissatisfied,3,No,Frequently,18,2,10.7,13,No,46-55,<50K,10+ Years
EMP13011,Rohit,Nair,Female,28,Finance,Finance Manager,Delhi NCR,Bachelor's,Contract,Hybrid,2018-05-15,8.3,93400,Meets Expectations,3,Neutral,5,No,None,27,1,5.2,10,No,26-35,75K-100K,5-10 Years
EMP13012,Kavya,Verma,Male,22,Human Resources,HR Executive,Kolkata,Bachelor's,Full-Time,Remote,2014-11-14,11.8,85500,Exceeds Expectations,5,Very Satisfied,4,No,None,40,3,9.5,5,No,21-25,75K-100K,10+ Years
EMP13013,Isha,Singh,Female,56,Sales,Sales Executive,Bengaluru,Bachelor's,Full-Time,Remote,2024-01-26,2.6,60400,Meets Expectations,1,Very Dissatisfied,5,No,Frequently,9,1,11.5,9,Yes,56+,50K-75K,1-3 Years
EMP13014,Vihaan,Kumar,Female,58,Operations,Operations Analyst,Pune,Diploma,Full-Time,Onsite,2020-06-20,6.2,40200,Meets Expectations,3,Neutral,1,No,Rarely,1,1,10.2,22,Yes,56+,<50K,5-10 Years
EMP13015,Arjun,Reddy,Female,31,Human Resources,HR Manager,Hyderabad,Bachelor's,Full-Time,Hybrid,2012-11-13,13.8,45400,Needs Improvement,5,Very Satisfied,4,Yes,None,14,3,10.3,22,No,26-35,<50K,10+ Years
EMP13016,Priya,Nair,Female,22,Human Resources,HR Executive,Ahmedabad,Diploma,Contract,Onsite,2023-12-20,2.7,72200,Meets Expectations,3,Neutral,2,Yes,None,12,0,9.6,10,No,21-25,50K-75K,1-3 Years
EMP13017,Vihaan,Sharma,Male,48,Human Resources,HR Analyst,Bengaluru,Bachelor's,Full-Time,Onsite,2025-07-27,1.1,88300,Meets Expectations,1,Very Dissatisfied,1,No,None,2,3,1.6,20,No,46-55,75K-100K,1-3 Years
EMP13018,Rohit,Iyer,Female,44,Technology,Software Engineer,Mumbai,Master's,Contract,Onsite,2016-10-08,9.9,86600,Meets Expectations,5,Very Satisfied,2,No,Rarely,20,3,2.2,17,No,36-45,75K-100K,5-10 Years
EMP13019,Neha,Verma,Male,56,Marketing,Marketing Executive,Hyderabad,Bachelor's,Full-Time,Hybrid,2017-09-01,9.0,77500,Meets Expectations,1,Very Dissatisfied,5,No,Rarely,21,1,3.4,6,No,56+,75K-100K,5-10 Years
EMP13020,Aarav,Kumar,Female,44,Operations,Operations Manager,Kolkata,Bachelor's,Full-Time,Onsite,2012-05-14,14.3,61900,Meets Expectations,3,Neutral,3,No,None,34,3,8.2,5,No,36-45,50K-75K,10+ Years
EMP13021,Sneha,Joshi,Male,51,Finance,Accountant,Ahmedabad,Bachelor's,Full-Time,Hybrid,2013-01-25,13.6,100800,Meets Expectations,1,Very Dissatisfied,5,Yes,Rarely,28,0,5.1,1,No,46-55,100K-150K,10+ Years
EMP13022,Vihaan,Patel,Female,52,Sales,Account Manager,Kolkata,Bachelor's,Full-Time,Onsite,2015-05-15,11.3,78000,Needs Improvement,2,Dissatisfied,1,No,None,18,2,6.1,0,No,46-55,75K-100K,10+ Years
EMP13023,Aisha,Patel,Female,21,Finance,Senior Accountant,Bengaluru,Master's,Full-Time,Onsite,2026-03-03,0.5,60400,Exceeds Expectations,2,Dissatisfied,4,No,Rarely,26,3,9.8,9,No,21-25,50K-75K,<1 Year
EMP13024,Neha,Nair,Male,26,Technology,Software Engineer,Chennai,Diploma,Full-Time,Onsite,2019-05-15,7.3,106100,Meets Expectations,2,Dissatisfied,3,No,Rarely,11,1,0.6,1,No,26-35,100K-150K,5-10 Years
EMP13025,Vihaan,Reddy,Female,52,Finance,Financial Analyst,Ahmedabad,Bachelor's,Full-Time,Hybrid,2013-03-03,13.5,98300,Exceeds Expectations,5,Very Satisfied,2,No,None,6,1,10.4,16,No,46-55,75K-100K,10+ Years
EMP13026,Ananya,Gupta,Female,28,Marketing,Content Specialist,Kolkata,Bachelor's,Full-Time,Onsite,2020-01-26,6.6,92100,Exceeds Expectations,3,Neutral,3,No,None,21,2,6.9,6,No,26-35,75K-100K,5-10 Years
EMP13027,Sanjay,Patel,Female,29,Sales,Sales Manager,Bengaluru,Diploma,Full-Time,Remote,2012-04-08,14.4,66600,Meets Expectations,2,Dissatisfied,4,No,None,20,2,7.2,5,No,26-35,50K-75K,10+ Years
EMP13028,Divya,Das,Male,51,Operations,Operations Executive,Kolkata,Bachelor's,Full-Time,Hybrid,2016-10-08,9.9,45400,Meets Expectations,2,Dissatisfied,1,No,Rarely,12,3,3.5,6,No,46-55,<50K,5-10 Years
EMP13029,Aarav,Rao,Female,29,Technology,Data Analyst,Chennai,Bachelor's,Full-Time,Remote,2024-11-13,1.8,97700,Meets Expectations,3,Neutral,4,No,Rarely,36,1,2.1,11,No,26-35,75K-100K,1-3 Years
EMP13030,Kavya,Gupta,Male,26,Customer Support,Support Analyst,Ahmedabad,Bachelor's,Full-Time,Onsite,2018-12-20,7.7,58000,Needs Improvement,2,Dissatisfied,2,Yes,None,22,0,6.9,4,Yes,26-35,50K-75K,5-10 Years
EMP13031,Ananya,Rao,Female,21,Operations,Operations Analyst,Chennai,Bachelor's,Full-Time,Onsite,2016-03-02,10.5,49800,Meets Expectations,5,Very Satisfied,5,No,Frequently,23,3,10.1,7,No,21-25,<50K,10+ Years
EMP13032,Divya,Kumar,Male,39,Technology,BI Analyst,Hyderabad,Bachelor's,Full-Time,Hybrid,2025-06-20,1.2,126800,Meets Expectations,2,Dissatisfied,1,No,Frequently,28,0,9.1,7,Yes,36-45,100K-150K,1-3 Years
EMP13033,Neha,Patel,Male,46,Human Resources,Recruiter,Chennai,Master's,Full-Time,Hybrid,2021-05-15,5.3,53600,Outstanding,4,Satisfied,2,No,None,11,0,9.6,22,No,46-55,50K-75K,5-10 Years
EMP13034,Kiran,Joshi,Female,50,Sales,Account Manager,Kolkata,Bachelor's,Full-Time,Onsite,2015-11-14,10.8,81700,Meets Expectations,3,Neutral,5,Yes,None,21,3,4.2,2,No,46-55,75K-100K,10+ Years
EMP13035,Aditya,Verma,Male,57,Sales,Business Development Executive,Kolkata,Master's,Full-Time,Onsite,2024-03-02,2.5,58900,Meets Expectations,2,Dissatisfied,2,No,None,36,2,7.6,3,No,56+,50K-75K,1-3 Years
EMP13036,Priya,Reddy,Male,47,Customer Support,Customer Success Specialist,Delhi NCR,Master's,Full-Time,Remote,2021-04-08,5.4,32300,Needs Improvement,3,Neutral,1,No,None,24,0,6.9,20,No,46-55,<50K,5-10 Years
EMP13037,Isha,Sharma,Female,51,Operations,Process Associate,Kolkata,Bachelor's,Contract,Onsite,2016-04-08,10.4,61900,Meets Expectations,1,Very Dissatisfied,3,No,Frequently,34,0,1.2,16,No,46-55,50K-75K,10+ Years
EMP13038,Priya,Reddy,Male,29,Technology,Software Engineer,Delhi NCR,MBA,Contract,Hybrid,2014-12-20,11.7,102600,Exceeds Expectations,3,Neutral,4,No,Rarely,1,2,6.6,7,No,26-35,100K-150K,10+ Years
EMP13039,Priya,Das,Male,34,Technology,Data Analyst,Mumbai,MBA,Full-Time,Remote,2018-10-08,7.9,119500,Needs Improvement,4,Satisfied,3,Yes,None,29,2,0.2,1,No,26-35,100K-150K,5-10 Years
EMP13040,Ananya,Iyer,Female,33,Technology,BI Analyst,Ahmedabad,MBA,Full-Time,Hybrid,2012-04-08,14.4,96400,Meets Expectations,3,Neutral,3,No,None,27,3,8.9,16,No,26-35,75K-100K,10+ Years
EMP13041,Vikram,Verma,Male,23,Finance,Senior Accountant,Pune,Bachelor's,Full-Time,Hybrid,2012-10-08,13.9,54300,Meets Expectations,1,Very Dissatisfied,1,No,None,36,1,10.7,14,No,21-25,50K-75K,10+ Years
EMP13042,Pooja,Gupta,Male,59,Finance,Financial Analyst,Hyderabad,Master's,Contract,Hybrid,2019-06-21,7.2,103000,Meets Expectations,3,Neutral,2,Yes,None,39,0,10.7,21,No,56+,100K-150K,5-10 Years
EMP13043,Arjun,Verma,Male,30,Finance,Senior Accountant,Ahmedabad,Bachelor's,Full-Time,Hybrid,2024-01-26,2.6,81800,Exceeds Expectations,1,Very Dissatisfied,1,No,None,5,0,4.0,1,No,26-35,75K-100K,1-3 Years
EMP13044,Ananya,Patel,Male,38,Human Resources,HR Executive,Kolkata,Bachelor's,Full-Time,Hybrid,2015-01-26,11.6,55700,Needs Improvement,2,Dissatisfied,5,No,Frequently,20,3,7.4,21,Yes,36-45,50K-75K,10+ Years
EMP13045,Pooja,Das,Female,35,Technology,Data Analyst,Kolkata,Bachelor's,Contract,Onsite,2022-11-14,3.8,121600,Needs Improvement,4,Satisfied,2,No,Rarely,38,0,9.0,12,No,26-35,100K-150K,3-5 Years
EMP13046,Kiran,Patel,Male,22,Customer Support,Customer Success Specialist,Chennai,Master's,Contract,Hybrid,2013-12-20,12.7,36900,Needs Improvement,5,Very Satisfied,4,No,Frequently,32,3,7.8,13,No,21-25,<50K,10+ Years
EMP13047,Nikhil,Nair,Female,57,Operations,Operations Analyst,Mumbai,Bachelor's,Full-Time,Remote,2017-10-08,8.9,41900,Meets Expectations,5,Very Satisfied,2,Yes,None,4,2,0.4,17,No,56+,<50K,5-10 Years
EMP13048,Neha,Reddy,Male,29,Operations,Process Associate,Mumbai,Bachelor's,Contract,Onsite,2020-09-01,6.0,61600,Outstanding,3,Neutral,4,No,None,22,2,6.4,7,No,26-35,50K-75K,5-10 Years
EMP13049,Aditya,Verma,Female,25,Technology,BI Analyst,Delhi NCR,MBA,Full-Time,Hybrid,2018-04-08,8.4,102400,Meets Expectations,2,Dissatisfied,1,No,Frequently,14,2,6.3,12,No,21-25,100K-150K,5-10 Years
EMP13050,Kiran,Verma,Male,34,Marketing,Content Specialist,Bengaluru,Master's,Contract,Hybrid,2018-07-27,8.1,70200,Meets Expectations,5,Very Satisfied,1,Yes,None,28,2,9.8,20,No,26-35,50K-75K,5-10 Years
EMP13051,Neha,Reddy,Female,26,Operations,Operations Analyst,Chennai,MBA,Full-Time,Hybrid,2012-10-08,13.9,79300,Needs Improvement,2,Dissatisfied,2,No,None,21,2,9.7,12,No,26-35,75K-100K,10+ Years
EMP13052,Vihaan,Joshi,Female,60,Technology,IT Support Specialist,Pune,Bachelor's,Full-Time,Hybrid,2023-04-09,3.4,77000,Needs Improvement,3,Neutral,2,No,Frequently,12,0,8.0,22,No,56+,75K-100K,3-5 Years
EMP13053,Vikram,Kumar,Male,28,Operations,Operations Analyst,Chennai,Bachelor's,Contract,Hybrid,2012-10-08,13.9,82100,Meets Expectations,1,Very Dissatisfied,2,No,Rarely,17,3,2.0,1,No,26-35,75K-100K,10+ Years
EMP13054,Priya,Nair,Male,33,Finance,Finance Manager,Mumbai,Master's,Full-Time,Onsite,2025-12-20,0.7,49900,Meets Expectations,2,Dissatisfied,2,No,Frequently,39,2,6.8,17,No,26-35,<50K,<1 Year
EMP13055,Pooja,Rao,Female,31,Operations,Operations Manager,Pune,Bachelor's,Full-Time,Onsite,2015-01-26,11.6,42800,Meets Expectations,3,Neutral,4,No,None,14,0,10.7,22,No,26-35,<50K,10+ Years
EMP13056,Aditya,Das,Male,22,Human Resources,Recruiter,Pune,Bachelor's,Contract,Onsite,2012-11-13,13.8,51400,Exceeds Expectations,4,Satisfied,3,No,Rarely,8,0,2.1,13,Yes,21-25,50K-75K,10+ Years
EMP13057,Ananya,Rao,Male,21,Operations,Operations Manager,Pune,Bachelor's,Full-Time,Hybrid,2020-09-01,6.0,41100,Exceeds Expectations,5,Very Satisfied,1,No,None,4,2,10.3,0,No,21-25,<50K,5-10 Years
EMP13058,Neha,Gupta,Female,41,Technology,Data Analyst,Pune,Bachelor's,Full-Time,Hybrid,2025-05-15,1.3,89300,Meets Expectations,1,Very Dissatisfied,5,No,None,6,1,1.2,3,No,36-45,75K-100K,1-3 Years
EMP13059,Vikram,Nair,Female,30,Finance,Finance Manager,Kolkata,Bachelor's,Full-Time,Hybrid,2014-07-27,12.1,99400,Meets Expectations,3,Neutral,4,No,None,2,3,11.6,6,No,26-35,75K-100K,10+ Years
EMP13060,Nikhil,Sharma,Female,24,Technology,IT Support Specialist,Hyderabad,Bachelor's,Contract,Hybrid,2013-12-20,12.7,116100,Needs Improvement,5,Very Satisfied,3,No,Frequently,1,2,11.6,14,No,21-25,100K-150K,10+ Years
EMP13061,Sanjay,Kumar,Female,32,Technology,Data Analyst,Mumbai,Diploma,Full-Time,Hybrid,2021-06-20,5.2,110800,Needs Improvement,1,Very Dissatisfied,3,No,None,21,3,11.8,18,No,26-35,100K-150K,5-10 Years
EMP13062,Pooja,Rao,Female,31,Finance,Finance Manager,Bengaluru,Diploma,Full-Time,Hybrid,2018-10-08,7.9,49200,Meets Expectations,3,Neutral,2,No,Rarely,22,3,4.2,5,No,26-35,<50K,5-10 Years
EMP13063,Sneha,Singh,Male,37,Finance,Financial Analyst,Chennai,Master's,Contract,Hybrid,2014-06-20,12.2,99400,Meets Expectations,4,Satisfied,2,No,Frequently,32,2,10.3,3,Yes,36-45,75K-100K,10+ Years
EMP13064,Nikhil,Sharma,Female,60,Sales,Account Manager,Mumbai,Bachelor's,Full-Time,Hybrid,2023-09-02,3.0,57600,Meets Expectations,1,Very Dissatisfied,1,No,Rarely,25,0,4.3,4,No,56+,50K-75K,1-3 Years
EMP13065,Aarav,Gupta,Male,33,Marketing,Content Specialist,Chennai,Bachelor's,Full-Time,Onsite,2017-03-03,9.5,81700,Meets Expectations,4,Satisfied,5,Yes,None,7,2,1.4,5,No,26-35,75K-100K,5-10 Years
EMP13066,Vikram,Sharma,Male,49,Human Resources,Recruiter,Chennai,Bachelor's,Full-Time,Hybrid,2020-01-26,6.6,78600,Needs Improvement,3,Neutral,2,Yes,Rarely,26,0,5.3,9,Yes,46-55,75K-100K,5-10 Years
EMP13067,Isha,Das,Female,51,Operations,Operations Executive,Mumbai,Master's,Full-Time,Onsite,2023-11-14,2.8,45500,Meets Expectations,4,Satisfied,4,No,None,18,0,9.7,17,No,46-55,<50K,1-3 Years
EMP13068,Nikhil,Kumar,Female,23,Marketing,Marketing Manager,Hyderabad,Master's,Contract,Onsite,2014-03-03,12.5,70400,Outstanding,4,Satisfied,1,Yes,None,7,0,0.5,9,No,21-25,50K-75K,10+ Years
EMP13069,Vikram,Gupta,Male,41,Technology,IT Support Specialist,Ahmedabad,Bachelor's,Full-Time,Hybrid,2021-09-01,5.0,123500,Meets Expectations,1,Very Dissatisfied,1,No,None,26,3,5.4,18,Yes,36-45,100K-150K,3-5 Years
EMP13070,Neha,Joshi,Female,38,Sales,Sales Executive,Pune,Bachelor's,Full-Time,Onsite,2012-09-01,14.0,51300,Needs Improvement,1,Very Dissatisfied,2,Yes,Rarely,26,3,7.3,11,Yes,36-45,50K-75K,10+ Years
EMP13071,Divya,Singh,Male,41,Finance,Financial Analyst,Hyderabad,Master's,Full-Time,Onsite,2018-01-25,8.6,90600,Meets Expectations,2,Dissatisfied,1,Yes,Rarely,17,1,9.8,15,No,36-45,75K-100K,5-10 Years
EMP13072,Arjun,Kumar,Female,27,Human Resources,HR Analyst,Pune,Bachelor's,Full-Time,Onsite,2018-11-14,7.8,90300,Meets Expectations,2,Dissatisfied,5,No,Frequently,6,1,3.1,8,No,26-35,75K-100K,5-10 Years
EMP13073,Meera,Kumar,Male,39,Technology,BI Analyst,Pune,MBA,Full-Time,Hybrid,2020-03-02,6.5,83800,Meets Expectations,2,Dissatisfied,1,No,None,1,1,1.5,19,No,36-45,75K-100K,5-10 Years
EMP13074,Rohit,Rao,Female,25,Operations,Operations Analyst,Bengaluru,Bachelor's,Contract,Onsite,2020-07-26,6.1,54900,Meets Expectations,5,Very Satisfied,3,No,None,30,0,2.6,0,No,21-25,50K-75K,5-10 Years
EMP13075,Priya,Patel,Female,58,Marketing,Content Specialist,Mumbai,Master's,Full-Time,Hybrid,2014-05-15,12.3,67100,Meets Expectations,4,Satisfied,2,No,None,6,1,7.4,8,No,56+,50K-75K,10+ Years
EMP13076,Kiran,Joshi,Male,44,Operations,Process Associate,Bengaluru,Master's,Contract,Hybrid,2016-06-20,10.2,73900,Meets Expectations,2,Dissatisfied,2,No,Frequently,11,3,7.5,11,No,36-45,50K-75K,10+ Years
EMP13077,Aarav,Joshi,Female,22,Sales,Sales Manager,Pune,Master's,Full-Time,Onsite,2014-12-20,11.7,59600,Meets Expectations,4,Satisfied,1,No,Frequently,27,0,4.4,18,No,21-25,50K-75K,10+ Years
EMP13078,Vikram,Nair,Male,41,Operations,Operations Analyst,Hyderabad,Master's,Contract,Hybrid,2020-04-08,6.4,59400,Meets Expectations,1,Very Dissatisfied,2,No,Frequently,17,0,6.3,6,Yes,36-45,50K-75K,5-10 Years
EMP13079,Pooja,Singh,Male,58,Technology,Software Engineer,Bengaluru,MBA,Contract,Hybrid,2022-07-27,4.1,74100,Meets Expectations,1,Very Dissatisfied,1,Yes,None,33,0,4.6,4,No,56+,50K-75K,3-5 Years
EMP13080,Meera,Reddy,Female,50,Human Resources,HR Manager,Delhi NCR,Master's,Full-Time,Hybrid,2025-03-03,1.5,91800,Exceeds Expectations,1,Very Dissatisfied,3,Yes,None,15,2,1.3,13,No,46-55,75K-100K,1-3 Years
EMP13081,Vikram,Kumar,Female,31,Human Resources,HR Manager,Pune,Diploma,Full-Time,Onsite,2014-12-20,11.7,87000,Meets Expectations,3,Neutral,2,No,Rarely,36,3,1.3,12,No,26-35,75K-100K,10+ Years
EMP13082,Sneha,Rao,Female,56,Operations,Operations Analyst,Kolkata,Bachelor's,Full-Time,Hybrid,2020-05-14,6.3,64500,Meets Expectations,4,Satisfied,1,No,None,15,2,6.2,9,No,56+,50K-75K,5-10 Years
EMP13083,Aisha,Das,Non-Binary,28,Technology,BI Analyst,Mumbai,Bachelor's,Full-Time,Hybrid,2018-12-20,7.7,125900,Meets Expectations,3,Neutral,1,Yes,None,3,1,11.2,12,No,26-35,100K-150K,5-10 Years
EMP13084,Ananya,Das,Male,30,Technology,IT Support Specialist,Bengaluru,Bachelor's,Full-Time,Remote,2019-07-27,7.1,106700,Meets Expectations,3,Neutral,5,No,None,29,3,5.4,9,No,26-35,100K-150K,5-10 Years
EMP13085,Isha,Iyer,Female,27,Finance,Finance Manager,Pune,Bachelor's,Full-Time,Hybrid,2020-01-26,6.6,104900,Meets Expectations,1,Very Dissatisfied,2,Yes,None,27,1,6.4,3,Yes,26-35,100K-150K,5-10 Years
EMP13086,Aditya,Rao,Male,57,Finance,Financial Analyst,Pune,MBA,Contract,Onsite,2016-05-14,10.3,58200,Meets Expectations,4,Satisfied,3,No,None,40,1,9.7,19,No,56+,50K-75K,10+ Years
EMP13087,Meera,Verma,Female,49,Technology,BI Analyst,Mumbai,Master's,Contract,Hybrid,2017-06-20,9.2,74300,Exceeds Expectations,3,Neutral,3,No,Frequently,4,3,6.6,3,No,46-55,50K-75K,5-10 Years
EMP13088,Priya,Kumar,Female,41,Technology,IT Support Specialist,Ahmedabad,Master's,Full-Time,Onsite,2012-01-26,14.6,120600,Meets Expectations,5,Very Satisfied,3,No,Rarely,21,2,0.8,17,No,36-45,100K-150K,10+ Years
EMP13089,Arjun,Nair,Female,47,Technology,IT Support Specialist,Bengaluru,Master's,Full-Time,Hybrid,2024-05-14,2.3,88000,Meets Expectations,2,Dissatisfied,5,No,Rarely,29,2,4.6,4,No,46-55,75K-100K,1-3 Years
EMP13090,Aisha,Gupta,Male,31,Human Resources,HR Analyst,Ahmedabad,Master's,Contract,Hybrid,2017-12-20,8.7,60700,Meets Expectations,1,Very Dissatisfied,4,No,None,16,0,0.5,18,No,26-35,50K-75K,5-10 Years
EMP13091,Meera,Sharma,Female,23,Finance,Finance Manager,Delhi NCR,MBA,Full-Time,Onsite,2025-07-27,1.1,92900,Meets Expectations,3,Neutral,3,Yes,Rarely,10,0,11.1,4,No,21-25,75K-100K,1-3 Years
EMP13092,Vikram,Singh,Female,54,Finance,Accountant,Mumbai,Bachelor's,Full-Time,Onsite,2014-06-20,12.2,85600,Meets Expectations,1,Very Dissatisfied,2,No,None,12,2,11.8,14,No,46-55,75K-100K,10+ Years
EMP13093,Sanjay,Iyer,Female,59,Operations,Operations Manager,Pune,Diploma,Full-Time,Onsite,2017-05-15,9.3,53000,Meets Expectations,1,Very Dissatisfied,5,No,None,0,2,2.8,22,No,56+,50K-75K,5-10 Years
EMP13094,Meera,Verma,Male,22,Technology,Software Engineer,Chennai,Diploma,Contract,Onsite,2020-03-02,6.5,86400,Meets Expectations,2,Dissatisfied,1,No,None,25,1,6.6,20,No,21-25,75K-100K,5-10 Years
EMP13095,Ananya,Rao,Male,23,Customer Support,Customer Success Specialist,Kolkata,MBA,Full-Time,Hybrid,2014-07-27,12.1,48100,Needs Improvement,4,Satisfied,3,No,None,31,1,1.1,5,No,21-25,<50K,10+ Years
EMP13096,Vikram,Reddy,Female,43,Operations,Operations Analyst,Ahmedabad,Bachelor's,Full-Time,Hybrid,2019-10-08,6.9,43200,Needs Improvement,3,Neutral,4,No,Frequently,18,1,2.8,14,No,36-45,<50K,5-10 Years
EMP13097,Sneha,Das,Female,22,Technology,Data Analyst,Mumbai,Diploma,Full-Time,Onsite,2023-01-26,3.6,74600,Exceeds Expectations,5,Very Satisfied,5,No,Frequently,1,0,1.2,7,No,21-25,50K-75K,3-5 Years
EMP13098,Arjun,Joshi,Male,49,Finance,Accountant,Hyderabad,Bachelor's,Full-Time,Onsite,2019-06-21,7.2,80200,Needs Improvement,1,Very Dissatisfied,1,No,None,31,3,0.2,0,No,46-55,75K-100K,5-10 Years
EMP13099,Rohit,Joshi,Male,58,Technology,Software Engineer,Mumbai,Bachelor's,Full-Time,Hybrid,2025-06-20,1.2,113400,Needs Improvement,5,Very Satisfied,2,Yes,Rarely,37,0,7.9,22,Yes,56+,100K-150K,1-3 Years
EMP13100,Isha,Iyer,Male,32,Technology,BI Analyst,Pune,Bachelor's,Contract,Onsite,2013-03-03,13.5,87900,Outstanding,3,Neutral,1,Yes,None,24,2,5.3,11,No,26-35,75K-100K,10+ Years
EMP13101,Vihaan,Iyer,Female,32,Finance,Accountant,Kolkata,Bachelor's,Full-Time,Hybrid,2015-09-02,11.0,71200,Exceeds Expectations,3,Neutral,2,No,None,3,2,8.4,10,No,26-35,50K-75K,10+ Years
EMP13102,Priya,Patel,Male,55,Sales,Business Development Executive,Mumbai,Bachelor's,Full-Time,Onsite,2015-03-03,11.5,69400,Needs Improvement,5,Very Satisfied,5,No,Rarely,16,2,11.6,13,Yes,46-55,50K-75K,10+ Years
EMP13103,Kavya,Das,Male,35,Sales,Sales Executive,Bengaluru,MBA,Full-Time,Hybrid,2013-07-27,13.1,46400,Meets Expectations,3,Neutral,1,Yes,Rarely,23,2,10.8,3,No,26-35,<50K,10+ Years
EMP13104,Ananya,Patel,Male,30,Human Resources,Recruiter,Bengaluru,Master's,Full-Time,Hybrid,2014-10-08,11.9,61200,Meets Expectations,1,Very Dissatisfied,4,No,Rarely,39,0,0.6,20,Yes,26-35,50K-75K,10+ Years
EMP13105,Vikram,Singh,Male,24,Marketing,Marketing Executive,Ahmedabad,Bachelor's,Full-Time,Onsite,2020-01-26,6.6,54400,Meets Expectations,2,Dissatisfied,5,No,None,20,1,5.0,9,No,21-25,50K-75K,5-10 Years
EMP13106,Meera,Kumar,Male,54,Finance,Finance Manager,Ahmedabad,Diploma,Full-Time,Onsite,2024-09-01,2.0,86900,Meets Expectations,5,Very Satisfied,1,No,None,0,2,11.2,11,No,46-55,75K-100K,1-3 Years
EMP13107,Isha,Sharma,Female,58,Customer Support,Customer Success Specialist,Chennai,MBA,Full-Time,Onsite,2020-12-20,5.7,36600,Meets Expectations,1,Very Dissatisfied,2,No,None,28,2,11.6,21,No,56+,<50K,5-10 Years
EMP13108,Isha,Gupta,Non-Binary,24,Finance,Accountant,Mumbai,MBA,Full-Time,Onsite,2012-09-01,14.0,74900,Meets Expectations,5,Very Satisfied,5,No,None,28,1,8.7,5,No,21-25,50K-75K,10+ Years
EMP13109,Vihaan,Sharma,Male,53,Customer Support,Support Analyst,Pune,Diploma,Full-Time,Hybrid,2012-06-20,14.2,55300,Meets Expectations,4,Satisfied,4,No,None,9,0,3.2,20,No,46-55,50K-75K,10+ Years
EMP13110,Divya,Kumar,Female,27,Technology,IT Support Specialist,Ahmedabad,Diploma,Full-Time,Hybrid,2015-01-26,11.6,117000,Meets Expectations,3,Neutral,1,No,None,16,2,5.3,10,No,26-35,100K-150K,10+ Years
EMP13111,Ananya,Kumar,Female,26,Human Resources,HR Analyst,Kolkata,Bachelor's,Full-Time,Hybrid,2023-06-21,3.2,78500,Meets Expectations,2,Dissatisfied,5,No,None,1,0,3.5,2,No,26-35,75K-100K,3-5 Years
EMP13112,Kavya,Gupta,Female,36,Operations,Process Associate,Pune,Bachelor's,Contract,Onsite,2023-07-27,3.1,79900,Meets Expectations,5,Very Satisfied,5,No,None,4,2,3.2,9,No,36-45,75K-100K,3-5 Years
EMP13113,Vikram,Rao,Male,38,Sales,Sales Executive,Bengaluru,Bachelor's,Contract,Hybrid,2013-06-20,13.2,70800,Meets Expectations,1,Very Dissatisfied,2,No,Rarely,12,3,3.3,10,No,36-45,50K-75K,10+ Years
EMP13114,Priya,Iyer,Female,55,Customer Support,Customer Success Specialist,Bengaluru,Bachelor's,Contract,Onsite,2024-05-14,2.3,45800,Meets Expectations,4,Satisfied,3,No,None,3,3,8.3,12,No,46-55,<50K,1-3 Years
EMP13115,Neha,Gupta,Non-Binary,48,Finance,Accountant,Kolkata,Bachelor's,Contract,Onsite,2017-11-13,8.8,62300,Meets Expectations,2,Dissatisfied,2,No,None,11,2,8.5,12,No,46-55,50K-75K,5-10 Years
EMP13116,Ananya,Kumar,Female,26,Human Resources,HR Manager,Ahmedabad,Bachelor's,Full-Time,Onsite,2020-11-13,5.8,44900,Exceeds Expectations,2,Dissatisfied,3,No,Frequently,26,1,6.9,6,No,26-35,<50K,5-10 Years
EMP13117,Priya,Patel,Female,44,Marketing,Marketing Executive,Mumbai,MBA,Contract,Onsite,2021-12-20,4.7,58000,Outstanding,1,Very Dissatisfied,4,No,Frequently,15,0,11.3,20,No,36-45,50K-75K,3-5 Years
EMP13118,Vikram,Kumar,Male,56,Marketing,Digital Marketing Analyst,Chennai,Bachelor's,Full-Time,Onsite,2016-06-20,10.2,50600,Meets Expectations,3,Neutral,4,No,None,6,3,9.2,7,Yes,56+,50K-75K,10+ Years
EMP13119,Divya,Rao,Male,47,Sales,Account Manager,Pune,Master's,Contract,Onsite,2012-04-08,14.4,56300,Meets Expectations,1,Very Dissatisfied,5,No,None,25,2,5.2,15,No,46-55,50K-75K,10+ Years
EMP13120,Arjun,Reddy,Female,30,Customer Support,Team Lead,Kolkata,Bachelor's,Full-Time,Hybrid,2014-12-20,11.7,59400,Meets Expectations,1,Very Dissatisfied,1,No,None,35,1,9.9,22,Yes,26-35,50K-75K,10+ Years
EMP13121,Vikram,Rao,Male,26,Marketing,Digital Marketing Analyst,Hyderabad,Bachelor's,Full-Time,Remote,2019-04-09,7.4,79600,Needs Improvement,2,Dissatisfied,5,Yes,Frequently,24,1,3.1,3,No,26-35,75K-100K,5-10 Years
EMP13122,Isha,Patel,Male,39,Customer Support,Team Lead,Pune,Diploma,Full-Time,Hybrid,2019-12-20,6.7,44600,Meets Expectations,3,Neutral,5,No,None,12,2,5.1,11,No,36-45,<50K,5-10 Years
EMP13123,Sanjay,Reddy,Female,39,Human Resources,Recruiter,Mumbai,Bachelor's,Full-Time,Remote,2013-01-25,13.6,67600,Needs Improvement,5,Very Satisfied,2,No,None,33,0,0.8,2,No,36-45,50K-75K,10+ Years
EMP13124,Aarav,Joshi,Female,35,Marketing,Marketing Manager,Hyderabad,Master's,Contract,Onsite,2017-11-13,8.8,54800,Meets Expectations,5,Very Satisfied,1,No,Rarely,14,1,11.0,19,No,26-35,50K-75K,5-10 Years
EMP13125,Aditya,Singh,Female,25,Human Resources,HR Manager,Pune,Bachelor's,Full-Time,Remote,2019-01-26,7.6,67400,Meets Expectations,3,Neutral,2,No,Rarely,0,2,3.5,18,No,21-25,50K-75K,5-10 Years
EMP13126,Pooja,Sharma,Female,25,Customer Support,Support Executive,Delhi NCR,Bachelor's,Full-Time,Onsite,2016-05-14,10.3,52000,Meets Expectations,3,Neutral,5,Yes,None,27,3,1.4,22,No,21-25,50K-75K,10+ Years
EMP13127,Divya,Nair,Male,42,Operations,Operations Analyst,Pune,Bachelor's,Contract,Onsite,2022-12-20,3.7,51100,Outstanding,4,Satisfied,1,Yes,None,29,3,9.3,20,No,36-45,50K-75K,3-5 Years
EMP13128,Kiran,Gupta,Female,58,Customer Support,Support Analyst,Pune,Master's,Full-Time,Onsite,2025-07-27,1.1,42300,Meets Expectations,2,Dissatisfied,1,No,None,9,1,11.3,18,Yes,56+,<50K,1-3 Years
EMP13129,Rahul,Singh,Female,44,Human Resources,HR Executive,Delhi NCR,Bachelor's,Full-Time,Hybrid,2013-10-08,12.9,91400,Meets Expectations,4,Satisfied,1,No,None,15,2,10.1,7,No,36-45,75K-100K,10+ Years
EMP13130,Rahul,Singh,Male,38,Operations,Operations Executive,Ahmedabad,Master's,Contract,Onsite,2017-06-20,9.2,61700,Meets Expectations,4,Satisfied,1,No,None,0,0,4.0,9,No,36-45,50K-75K,5-10 Years
EMP13131,Meera,Kumar,Female,58,Finance,Financial Analyst,Bengaluru,Bachelor's,Contract,Hybrid,2024-01-26,2.6,81600,Meets Expectations,4,Satisfied,4,No,Frequently,19,0,12.0,1,No,56+,75K-100K,1-3 Years
EMP13132,Aarav,Patel,Male,48,Human Resources,HR Manager,Pune,Master's,Contract,Hybrid,2022-01-25,4.6,42400,Outstanding,5,Very Satisfied,1,No,Rarely,18,3,3.5,4,No,46-55,<50K,3-5 Years
EMP13133,Vihaan,Reddy,Female,49,Operations,Operations Manager,Bengaluru,Master's,Full-Time,Onsite,2011-10-08,14.9,45700,Needs Improvement,2,Dissatisfied,5,Yes,Rarely,10,0,2.9,10,No,46-55,<50K,10+ Years
EMP13134,Vikram,Kumar,Female,44,Sales,Account Manager,Pune,Bachelor's,Full-Time,Hybrid,2017-01-25,9.6,55700,Meets Expectations,1,Very Dissatisfied,2,No,Rarely,21,1,2.6,18,No,36-45,50K-75K,5-10 Years
EMP13135,Divya,Singh,Female,51,Marketing,Marketing Manager,Ahmedabad,Bachelor's,Contract,Onsite,2017-01-25,9.6,93900,Needs Improvement,3,Neutral,3,Yes,None,27,2,0.4,20,No,46-55,75K-100K,5-10 Years
EMP13136,Vihaan,Das,Male,41,Sales,Sales Manager,Kolkata,Bachelor's,Full-Time,Onsite,2025-05-15,1.3,47200,Outstanding,2,Dissatisfied,3,Yes,None,18,3,7.1,14,No,36-45,<50K,1-3 Years
EMP13137,Rohit,Kumar,Male,45,Marketing,Content Specialist,Kolkata,Bachelor's,Contract,Onsite,2012-03-02,14.5,59300,Needs Improvement,1,Very Dissatisfied,5,No,Rarely,32,2,8.9,4,No,36-45,50K-75K,10+ Years
EMP13138,Arjun,Das,Female,45,Human Resources,HR Manager,Chennai,Bachelor's,Full-Time,Onsite,2013-04-08,13.4,91900,Meets Expectations,1,Very Dissatisfied,4,No,None,18,3,7.4,7,No,36-45,75K-100K,10+ Years
EMP13139,Rohit,Das,Male,51,Human Resources,HR Manager,Hyderabad,Bachelor's,Contract,Onsite,2018-05-15,8.3,66200,Needs Improvement,3,Neutral,1,No,None,16,0,6.5,4,No,46-55,50K-75K,5-10 Years
EMP13140,Kavya,Sharma,Male,56,Human Resources,HR Executive,Bengaluru,Bachelor's,Contract,Onsite,2021-11-13,4.8,58000,Needs Improvement,5,Very Satisfied,5,Yes,None,27,2,7.8,18,No,56+,50K-75K,3-5 Years
EMP13141,Arjun,Patel,Male,32,Human Resources,HR Manager,Ahmedabad,Master's,Contract,Onsite,2016-03-02,10.5,74000,Needs Improvement,2,Dissatisfied,1,No,Rarely,7,1,10.5,19,No,26-35,50K-75K,10+ Years
EMP13142,Nikhil,Verma,Female,48,Finance,Accountant,Bengaluru,Diploma,Contract,Remote,2014-03-03,12.5,77800,Meets Expectations,3,Neutral,3,No,Rarely,34,1,3.8,13,No,46-55,75K-100K,10+ Years
EMP13143,Arjun,Reddy,Female,22,Human Resources,HR Analyst,Hyderabad,Bachelor's,Full-Time,Remote,2014-11-14,11.8,90300,Meets Expectations,1,Very Dissatisfied,5,No,None,24,2,5.8,8,No,21-25,75K-100K,10+ Years
EMP13144,Aarav,Singh,Male,42,Human Resources,Recruiter,Delhi NCR,Master's,Full-Time,Remote,2011-12-20,14.7,46200,Meets Expectations,1,Very Dissatisfied,3,No,None,14,0,10.9,17,No,36-45,<50K,10+ Years
EMP13145,Sanjay,Nair,Female,56,Operations,Operations Manager,Pune,Bachelor's,Full-Time,Onsite,2017-01-25,9.6,73100,Meets Expectations,4,Satisfied,3,No,Frequently,9,1,3.4,18,No,56+,50K-75K,5-10 Years
EMP13146,Rohit,Sharma,Female,46,Human Resources,HR Analyst,Hyderabad,Bachelor's,Full-Time,Onsite,2021-09-01,5.0,56100,Exceeds Expectations,4,Satisfied,2,Yes,None,32,1,0.8,11,No,46-55,50K-75K,3-5 Years
EMP13147,Neha,Gupta,Female,31,Marketing,Content Specialist,Pune,Bachelor's,Contract,Hybrid,2019-01-26,7.6,85600,Needs Improvement,1,Very Dissatisfied,4,No,None,0,1,4.1,17,Yes,26-35,75K-100K,5-10 Years
EMP13148,Aarav,Patel,Male,45,Operations,Operations Executive,Delhi NCR,Diploma,Full-Time,Hybrid,2014-05-15,12.3,75600,Outstanding,3,Neutral,4,No,Rarely,2,3,8.0,14,No,36-45,75K-100K,10+ Years
EMP13149,Aarav,Das,Female,35,Customer Support,Support Executive,Pune,MBA,Contract,Onsite,2022-07-27,4.1,65100,Exceeds Expectations,3,Neutral,5,No,Rarely,24,2,0.9,21,No,26-35,50K-75K,3-5 Years
EMP13150,Meera,Kumar,Female,38,Sales,Sales Executive,Ahmedabad,Bachelor's,Full-Time,Hybrid,2023-01-26,3.6,79600,Meets Expectations,1,Very Dissatisfied,5,No,None,19,1,2.5,8,No,36-45,75K-100K,3-5 Years
EMP13151,Nikhil,Nair,Male,30,Marketing,Content Specialist,Chennai,Bachelor's,Full-Time,Remote,2015-10-08,10.9,81000,Needs Improvement,2,Dissatisfied,3,No,None,7,3,5.3,4,No,26-35,75K-100K,10+ Years
EMP13152,Pooja,Das,Female,45,Technology,Data Analyst,Bengaluru,Bachelor's,Full-Time,Onsite,2019-11-14,6.8,68500,Exceeds Expectations,5,Very Satisfied,2,No,Frequently,15,0,4.6,7,No,36-45,50K-75K,5-10 Years
EMP13153,Aditya,Rao,Female,28,Technology,Data Analyst,Ahmedabad,Bachelor's,Full-Time,Remote,2014-05-15,12.3,62100,Meets Expectations,2,Dissatisfied,3,Yes,None,32,3,11.1,4,No,26-35,50K-75K,10+ Years
EMP13154,Vikram,Rao,Male,38,Operations,Operations Manager,Pune,Bachelor's,Full-Time,Onsite,2024-05-14,2.3,52800,Needs Improvement,4,Satisfied,2,No,Frequently,19,0,6.5,16,Yes,36-45,50K-75K,1-3 Years
EMP13155,Kavya,Singh,Female,58,Sales,Account Manager,Pune,Bachelor's,Contract,Hybrid,2021-06-20,5.2,62200,Meets Expectations,4,Satisfied,2,No,Rarely,21,3,10.7,3,No,56+,50K-75K,5-10 Years
EMP13156,Rahul,Das,Male,51,Operations,Operations Manager,Pune,Master's,Full-Time,Onsite,2022-06-20,4.2,51100,Meets Expectations,1,Very Dissatisfied,2,Yes,Frequently,3,2,4.9,8,Yes,46-55,50K-75K,3-5 Years
EMP13157,Rahul,Singh,Male,37,Operations,Operations Executive,Chennai,Bachelor's,Full-Time,Hybrid,2016-03-02,10.5,70900,Meets Expectations,5,Very Satisfied,3,No,None,29,0,7.1,0,No,36-45,50K-75K,10+ Years
EMP13158,Aditya,Iyer,Female,59,Customer Support,Support Executive,Mumbai,Master's,Full-Time,Onsite,2015-04-09,11.4,60200,Needs Improvement,5,Very Satisfied,2,Yes,None,5,2,6.9,9,No,56+,50K-75K,10+ Years
EMP13159,Rohit,Reddy,Male,21,Marketing,Content Specialist,Mumbai,Master's,Full-Time,Hybrid,2019-10-08,6.9,94200,Meets Expectations,4,Satisfied,2,No,None,9,3,2.1,16,No,21-25,75K-100K,5-10 Years
EMP13160,Neha,Singh,Female,59,Customer Support,Customer Success Specialist,Delhi NCR,MBA,Contract,Onsite,2019-05-15,7.3,47800,Meets Expectations,1,Very Dissatisfied,3,No,None,12,2,0.4,6,Yes,56+,<50K,5-10 Years
EMP13161,Kiran,Verma,Female,35,Sales,Sales Executive,Pune,Bachelor's,Full-Time,Hybrid,2024-06-20,2.2,75800,Exceeds Expectations,5,Very Satisfied,1,No,None,17,3,3.4,19,No,26-35,75K-100K,1-3 Years
EMP13162,Aditya,Verma,Male,53,Customer Support,Customer Success Specialist,Ahmedabad,MBA,Full-Time,Hybrid,2016-01-26,10.6,60900,Meets Expectations,1,Very Dissatisfied,1,No,None,11,3,0.8,18,Yes,46-55,50K-75K,10+ Years
EMP13163,Sneha,Rao,Male,58,Technology,Data Analyst,Chennai,Master's,Contract,Onsite,2011-10-08,14.9,127900,Meets Expectations,3,Neutral,4,Yes,None,33,1,9.0,2,No,56+,100K-150K,10+ Years
EMP13164,Kavya,Iyer,Male,45,Finance,Accountant,Ahmedabad,Master's,Full-Time,Hybrid,2014-12-20,11.7,94000,Meets Expectations,3,Neutral,5,Yes,Rarely,15,0,10.2,19,No,36-45,75K-100K,10+ Years
EMP13165,Nikhil,Rao,Female,45,Sales,Account Manager,Hyderabad,Bachelor's,Full-Time,Remote,2023-03-03,3.5,52300,Meets Expectations,4,Satisfied,2,No,None,1,2,4.2,10,No,36-45,50K-75K,3-5 Years
EMP13166,Kiran,Reddy,Male,50,Finance,Finance Manager,Pune,Bachelor's,Contract,Remote,2017-04-08,9.4,49600,Needs Improvement,1,Very Dissatisfied,1,No,None,18,1,2.3,3,Yes,46-55,<50K,5-10 Years
EMP13167,Neha,Singh,Female,30,Operations,Operations Executive,Kolkata,Bachelor's,Full-Time,Remote,2022-01-25,4.6,81100,Needs Improvement,5,Very Satisfied,3,No,None,5,2,2.0,16,No,26-35,75K-100K,3-5 Years
EMP13168,Neha,Sharma,Female,28,Technology,Data Analyst,Bengaluru,Bachelor's,Full-Time,Onsite,2026-01-25,0.6,108800,Meets Expectations,3,Neutral,1,No,Rarely,9,2,6.2,15,No,26-35,100K-150K,<1 Year
EMP13169,Priya,Patel,Female,34,Operations,Operations Analyst,Delhi NCR,MBA,Full-Time,Hybrid,2023-10-08,2.9,74100,Meets Expectations,2,Dissatisfied,5,No,None,24,0,5.4,3,No,26-35,50K-75K,1-3 Years
EMP13170,Vikram,Rao,Female,40,Marketing,Marketing Manager,Bengaluru,Diploma,Contract,Hybrid,2024-12-20,1.7,84900,Exceeds Expectations,2,Dissatisfied,1,No,Rarely,25,0,11.3,5,No,36-45,75K-100K,1-3 Years
EMP13171,Ananya,Sharma,Male,50,Marketing,Content Specialist,Kolkata,Bachelor's,Full-Time,Remote,2023-07-27,3.1,81900,Needs Improvement,4,Satisfied,3,No,None,27,3,10.9,10,No,46-55,75K-100K,3-5 Years
EMP13172,Aditya,Rao,Male,31,Customer Support,Team Lead,Mumbai,Bachelor's,Full-Time,Onsite,2014-09-01,12.0,61300,Meets Expectations,1,Very Dissatisfied,2,No,Rarely,15,1,11.4,5,No,26-35,50K-75K,10+ Years
EMP13173,Aarav,Kumar,Male,43,Human Resources,HR Analyst,Chennai,Bachelor's,Contract,Remote,2022-03-03,4.5,88800,Meets Expectations,2,Dissatisfied,3,No,Rarely,34,1,7.9,12,No,36-45,75K-100K,3-5 Years
EMP13174,Kiran,Iyer,Male,21,Finance,Finance Manager,Pune,Bachelor's,Full-Time,Hybrid,2015-04-09,11.4,102200,Needs Improvement,5,Very Satisfied,4,No,None,2,3,10.2,4,No,21-25,100K-150K,10+ Years
EMP13175,Ananya,Reddy,Non-Binary,22,Customer Support,Support Executive,Ahmedabad,Bachelor's,Full-Time,Hybrid,2012-06-20,14.2,46900,Meets Expectations,5,Very Satisfied,2,No,Rarely,15,0,9.7,17,Yes,21-25,<50K,10+ Years
EMP13176,Kavya,Rao,Female,59,Human Resources,Recruiter,Kolkata,Master's,Contract,Hybrid,2017-12-20,8.7,43600,Meets Expectations,2,Dissatisfied,5,No,Frequently,9,0,3.7,5,No,56+,<50K,5-10 Years
EMP13177,Rahul,Kumar,Male,55,Marketing,Marketing Executive,Chennai,Bachelor's,Full-Time,Onsite,2019-04-09,7.4,45500,Meets Expectations,3,Neutral,5,No,None,1,1,7.5,1,No,46-55,<50K,5-10 Years
EMP13178,Kavya,Rao,Male,55,Finance,Financial Analyst,Chennai,Diploma,Contract,Onsite,2015-05-15,11.3,74900,Meets Expectations,3,Neutral,3,No,None,22,3,6.2,9,No,46-55,50K-75K,10+ Years
EMP13179,Rohit,Rao,Male,34,Technology,BI Analyst,Kolkata,Bachelor's,Full-Time,Onsite,2025-01-25,1.6,117100,Needs Improvement,2,Dissatisfied,2,No,Frequently,2,2,6.9,5,Yes,26-35,100K-150K,1-3 Years
EMP13180,Priya,Rao,Male,41,Technology,Software Engineer,Hyderabad,MBA,Full-Time,Hybrid,2020-03-02,6.5,118000,Needs Improvement,2,Dissatisfied,2,Yes,Frequently,24,3,5.4,6,No,36-45,100K-150K,5-10 Years
EMP13181,Aditya,Rao,Male,47,Technology,Data Analyst,Kolkata,Diploma,Full-Time,Hybrid,2019-01-26,7.6,86900,Meets Expectations,1,Very Dissatisfied,5,No,Rarely,35,2,3.1,9,No,46-55,75K-100K,5-10 Years
EMP13182,Rohit,Rao,Female,31,Technology,Software Engineer,Kolkata,Bachelor's,Contract,Hybrid,2014-03-03,12.5,79700,Needs Improvement,5,Very Satisfied,4,No,None,32,1,9.6,4,No,26-35,75K-100K,10+ Years
EMP13183,Arjun,Patel,Female,50,Operations,Operations Manager,Delhi NCR,Diploma,Full-Time,Hybrid,2014-05-15,12.3,60300,Exceeds Expectations,2,Dissatisfied,3,No,None,27,3,2.0,2,No,46-55,50K-75K,10+ Years
EMP13184,Sneha,Joshi,Female,48,Sales,Business Development Executive,Chennai,Master's,Full-Time,Hybrid,2013-11-13,12.8,78000,Meets Expectations,1,Very Dissatisfied,4,Yes,Frequently,10,1,3.4,14,Yes,46-55,75K-100K,10+ Years
EMP13185,Neha,Gupta,Male,37,Marketing,Marketing Manager,Chennai,Bachelor's,Full-Time,Onsite,2016-03-02,10.5,76700,Meets Expectations,4,Satisfied,2,No,Rarely,26,1,9.8,14,No,36-45,75K-100K,10+ Years
EMP13186,Aarav,Gupta,Male,38,Customer Support,Team Lead,Ahmedabad,Bachelor's,Full-Time,Onsite,2018-07-27,8.1,37700,Meets Expectations,1,Very Dissatisfied,4,No,None,23,0,10.8,18,No,36-45,<50K,5-10 Years
EMP13187,Vikram,Singh,Male,33,Operations,Operations Analyst,Delhi NCR,Bachelor's,Full-Time,Hybrid,2014-03-03,12.5,53800,Needs Improvement,5,Very Satisfied,5,No,None,20,1,11.2,12,No,26-35,50K-75K,10+ Years
EMP13188,Sneha,Das,Male,53,Finance,Financial Analyst,Kolkata,Bachelor's,Full-Time,Hybrid,2013-07-27,13.1,81200,Meets Expectations,5,Very Satisfied,3,No,Rarely,19,0,11.5,9,No,46-55,75K-100K,10+ Years
EMP13189,Neha,Nair,Male,60,Sales,Sales Executive,Chennai,Bachelor's,Full-Time,Remote,2019-05-15,7.3,64200,Meets Expectations,3,Neutral,4,Yes,Rarely,5,3,1.9,2,No,56+,50K-75K,5-10 Years
EMP13190,Aisha,Reddy,Female,60,Operations,Operations Executive,Mumbai,Master's,Full-Time,Remote,2011-11-14,14.8,74900,Meets Expectations,1,Very Dissatisfied,3,Yes,Frequently,34,2,6.6,0,No,56+,50K-75K,10+ Years
EMP13191,Aisha,Rao,Female,51,Sales,Sales Executive,Chennai,Bachelor's,Full-Time,Hybrid,2013-07-27,13.1,82600,Needs Improvement,1,Very Dissatisfied,1,Yes,None,34,0,2.3,1,Yes,46-55,75K-100K,10+ Years
EMP13192,Aditya,Joshi,Female,34,Marketing,Digital Marketing Analyst,Hyderabad,Master's,Full-Time,Onsite,2018-11-14,7.8,48700,Exceeds Expectations,5,Very Satisfied,1,No,None,29,3,5.9,13,No,26-35,<50K,5-10 Years
EMP13193,Sneha,Joshi,Female,52,Marketing,Marketing Executive,Kolkata,Diploma,Full-Time,Hybrid,2025-06-20,1.2,55200,Needs Improvement,3,Neutral,2,No,None,22,3,8.9,10,No,46-55,50K-75K,1-3 Years
EMP13194,Isha,Iyer,Non-Binary,30,Technology,BI Analyst,Mumbai,Bachelor's,Full-Time,Onsite,2023-03-03,3.5,86000,Exceeds Expectations,3,Neutral,2,No,None,5,0,11.7,19,No,26-35,75K-100K,3-5 Years
EMP13195,Priya,Das,Female,56,Operations,Operations Executive,Mumbai,Master's,Full-Time,Hybrid,2014-12-20,11.7,50800,Meets Expectations,1,Very Dissatisfied,1,Yes,None,26,1,11.6,20,Yes,56+,50K-75K,10+ Years
EMP13196,Meera,Iyer,Male,31,Technology,BI Analyst,Mumbai,Diploma,Contract,Remote,2024-11-13,1.8,87200,Needs Improvement,5,Very Satisfied,5,No,None,39,1,7.0,14,No,26-35,75K-100K,1-3 Years
EMP13197,Isha,Patel,Male,37,Technology,Data Analyst,Delhi NCR,Bachelor's,Full-Time,Remote,2019-06-21,7.2,61400,Meets Expectations,3,Neutral,4,No,None,5,2,4.8,4,No,36-45,50K-75K,5-10 Years
EMP13198,Divya,Iyer,Female,24,Operations,Operations Manager,Kolkata,Bachelor's,Full-Time,Remote,2017-06-20,9.2,40500,Meets Expectations,1,Very Dissatisfied,1,Yes,None,14,1,4.4,19,No,21-25,<50K,5-10 Years
EMP13199,Meera,Iyer,Female,24,Customer Support,Support Analyst,Delhi NCR,Bachelor's,Contract,Onsite,2013-06-20,13.2,64700,Meets Expectations,1,Very Dissatisfied,5,Yes,Frequently,37,1,6.7,19,No,21-25,50K-75K,10+ Years
EMP13200,Aarav,Nair,Female,36,Technology,IT Support Specialist,Kolkata,MBA,Contract,Hybrid,2013-12-20,12.7,65700,Exceeds Expectations,5,Very Satisfied,2,No,None,39,0,1.6,0,No,36-45,50K-75K,10+ Years
EMP13201,Vikram,Nair,Female,43,Customer Support,Customer Success Specialist,Delhi NCR,Master's,Full-Time,Hybrid,2015-03-03,11.5,64100,Meets Expectations,1,Very Dissatisfied,5,No,None,18,3,4.7,17,No,36-45,50K-75K,10+ Years
EMP13202,Pooja,Nair,Female,21,Customer Support,Customer Success Specialist,Ahmedabad,Bachelor's,Full-Time,Onsite,2020-06-20,6.2,44100,Needs Improvement,2,Dissatisfied,2,No,Rarely,11,1,1.8,5,No,21-25,<50K,5-10 Years
EMP13203,Vihaan,Reddy,Male,54,Operations,Operations Manager,Hyderabad,Bachelor's,Full-Time,Hybrid,2024-05-14,2.3,51400,Meets Expectations,1,Very Dissatisfied,1,No,None,11,3,0.9,5,No,46-55,50K-75K,1-3 Years
EMP13204,Vihaan,Sharma,Male,25,Sales,Sales Manager,Delhi NCR,Bachelor's,Full-Time,Onsite,2016-07-26,10.1,43700,Needs Improvement,1,Very Dissatisfied,1,No,None,19,1,11.5,14,Yes,21-25,<50K,10+ Years
EMP13205,Kiran,Kumar,Male,60,Finance,Accountant,Hyderabad,Bachelor's,Full-Time,Remote,2023-10-08,2.9,49500,Exceeds Expectations,5,Very Satisfied,2,No,Frequently,13,3,3.9,10,No,56+,<50K,1-3 Years
EMP13206,Vikram,Patel,Male,31,Marketing,Marketing Manager,Chennai,Bachelor's,Full-Time,Hybrid,2018-03-03,8.5,62000,Needs Improvement,4,Satisfied,5,No,Rarely,22,3,5.8,8,No,26-35,50K-75K,5-10 Years
EMP13207,Sneha,Sharma,Female,36,Customer Support,Customer Success Specialist,Hyderabad,Diploma,Full-Time,Onsite,2011-12-20,14.7,64600,Needs Improvement,2,Dissatisfied,3,Yes,None,3,0,8.4,9,Yes,36-45,50K-75K,10+ Years
EMP13208,Ananya,Das,Male,27,Operations,Operations Analyst,Chennai,Master's,Full-Time,Remote,2018-05-15,8.3,78900,Outstanding,1,Very Dissatisfied,1,Yes,Frequently,2,0,6.2,4,No,26-35,75K-100K,5-10 Years
EMP13209,Neha,Sharma,Female,53,Finance,Accountant,Chennai,Master's,Contract,Hybrid,2016-11-13,9.8,52400,Needs Improvement,2,Dissatisfied,2,Yes,Frequently,0,2,10.8,5,No,46-55,50K-75K,5-10 Years
EMP13210,Rahul,Singh,Female,50,Technology,IT Support Specialist,Chennai,Bachelor's,Contract,Hybrid,2016-06-20,10.2,60700,Needs Improvement,2,Dissatisfied,3,Yes,Frequently,29,0,10.9,21,No,46-55,50K-75K,10+ Years
EMP13211,Sanjay,Reddy,Female,24,Customer Support,Support Analyst,Kolkata,Bachelor's,Contract,Remote,2014-03-03,12.5,38400,Outstanding,4,Satisfied,3,No,None,37,2,3.5,20,No,21-25,<50K,10+ Years
EMP13212,Rohit,Gupta,Female,25,Technology,Software Engineer,Pune,Bachelor's,Full-Time,Hybrid,2020-01-26,6.6,112300,Needs Improvement,3,Neutral,5,No,Rarely,4,1,5.3,9,No,21-25,100K-150K,5-10 Years
EMP13213,Meera,Iyer,Female,45,Finance,Senior Accountant,Hyderabad,Master's,Full-Time,Hybrid,2019-01-26,7.6,60700,Needs Improvement,3,Neutral,1,No,None,37,1,2.6,21,No,36-45,50K-75K,5-10 Years
EMP13214,Meera,Gupta,Female,55,Customer Support,Support Analyst,Bengaluru,MBA,Full-Time,Hybrid,2023-11-14,2.8,41200,Meets Expectations,1,Very Dissatisfied,1,No,None,6,0,11.2,19,No,46-55,<50K,1-3 Years
EMP13215,Isha,Verma,Female,25,Human Resources,HR Executive,Kolkata,Diploma,Contract,Hybrid,2017-05-15,9.3,86800,Needs Improvement,1,Very Dissatisfied,4,No,None,1,0,0.9,22,No,21-25,75K-100K,5-10 Years
EMP13216,Arjun,Verma,Male,29,Technology,BI Analyst,Pune,Bachelor's,Full-Time,Hybrid,2022-01-25,4.6,119900,Meets Expectations,2,Dissatisfied,1,No,Frequently,11,0,9.7,22,No,26-35,100K-150K,3-5 Years
EMP13217,Vihaan,Patel,Female,42,Sales,Sales Manager,Chennai,Bachelor's,Full-Time,Hybrid,2018-12-20,7.7,70400,Outstanding,2,Dissatisfied,4,Yes,None,11,2,10.0,15,No,36-45,50K-75K,5-10 Years
EMP13218,Ananya,Singh,Female,25,Human Resources,HR Manager,Delhi NCR,Bachelor's,Contract,Remote,2015-03-03,11.5,50300,Needs Improvement,3,Neutral,2,No,Frequently,39,3,10.6,0,No,21-25,50K-75K,10+ Years
EMP13219,Neha,Patel,Male,33,Customer Support,Customer Success Specialist,Ahmedabad,Bachelor's,Full-Time,Onsite,2026-03-03,0.5,47000,Meets Expectations,5,Very Satisfied,2,No,Frequently,4,1,7.9,19,Yes,26-35,<50K,<1 Year
EMP13220,Isha,Joshi,Male,21,Human Resources,Recruiter,Hyderabad,Master's,Full-Time,Hybrid,2018-03-03,8.5,53900,Meets Expectations,3,Neutral,1,Yes,None,39,3,6.3,21,No,21-25,50K-75K,5-10 Years
EMP13221,Aisha,Singh,Male,40,Marketing,Digital Marketing Analyst,Kolkata,Bachelor's,Full-Time,Hybrid,2023-11-14,2.8,78600,Meets Expectations,2,Dissatisfied,4,No,None,35,2,7.3,22,No,36-45,75K-100K,1-3 Years
EMP13222,Rahul,Kumar,Male,49,Technology,Data Analyst,Chennai,Diploma,Full-Time,Onsite,2022-05-15,4.3,113300,Meets Expectations,3,Neutral,1,No,Frequently,20,0,2.5,16,No,46-55,100K-150K,3-5 Years
EMP13223,Rohit,Verma,Female,37,Operations,Operations Manager,Mumbai,Bachelor's,Full-Time,Hybrid,2025-12-20,0.7,43900,Meets Expectations,1,Very Dissatisfied,1,No,None,27,2,2.3,22,No,36-45,<50K,<1 Year
EMP13224,Meera,Das,Female,31,Operations,Process Associate,Bengaluru,Bachelor's,Contract,Hybrid,2023-12-20,2.7,77900,Meets Expectations,4,Satisfied,3,No,Rarely,21,1,9.6,17,No,26-35,75K-100K,1-3 Years
EMP13225,Neha,Singh,Male,37,Marketing,Content Specialist,Hyderabad,Master's,Contract,Hybrid,2011-11-14,14.8,67700,Meets Expectations,1,Very Dissatisfied,1,No,None,37,2,6.6,6,No,36-45,50K-75K,10+ Years
EMP13226,Divya,Sharma,Male,41,Operations,Process Associate,Delhi NCR,Diploma,Full-Time,Onsite,2011-09-02,15.0,73300,Meets Expectations,2,Dissatisfied,1,No,None,8,3,11.2,4,No,36-45,50K-75K,10+ Years
EMP13227,Rahul,Singh,Female,27,Marketing,Marketing Manager,Mumbai,Diploma,Full-Time,Onsite,2015-10-08,10.9,46200,Needs Improvement,5,Very Satisfied,2,Yes,None,39,3,3.4,13,No,26-35,<50K,10+ Years
EMP13228,Kiran,Joshi,Female,25,Finance,Finance Manager,Pune,Bachelor's,Full-Time,Onsite,2017-05-15,9.3,69800,Meets Expectations,3,Neutral,4,No,None,17,1,3.5,4,No,21-25,50K-75K,5-10 Years
EMP13229,Kavya,Joshi,Male,28,Operations,Operations Analyst,Pune,Bachelor's,Full-Time,Hybrid,2014-12-20,11.7,38200,Exceeds Expectations,4,Satisfied,4,No,Frequently,38,1,6.2,15,No,26-35,<50K,10+ Years
EMP13230,Sanjay,Das,Female,60,Operations,Process Associate,Mumbai,Bachelor's,Full-Time,Hybrid,2013-03-03,13.5,69800,Meets Expectations,2,Dissatisfied,5,No,None,40,1,1.1,10,No,56+,50K-75K,10+ Years
EMP13231,Divya,Verma,Male,49,Operations,Operations Analyst,Chennai,MBA,Contract,Hybrid,2018-10-08,7.9,41100,Exceeds Expectations,5,Very Satisfied,5,No,None,34,2,9.0,12,No,46-55,<50K,5-10 Years
EMP13232,Aarav,Iyer,Male,26,Technology,Data Analyst,Kolkata,Bachelor's,Full-Time,Hybrid,2025-12-20,0.7,82200,Needs Improvement,2,Dissatisfied,2,Yes,Rarely,32,0,2.2,3,Yes,26-35,75K-100K,<1 Year
EMP13233,Sneha,Reddy,Male,33,Marketing,Content Specialist,Bengaluru,Master's,Contract,Hybrid,2015-12-20,10.7,84300,Needs Improvement,2,Dissatisfied,2,No,Frequently,17,3,6.8,7,Yes,26-35,75K-100K,10+ Years
EMP13234,Divya,Reddy,Male,37,Sales,Sales Manager,Mumbai,Bachelor's,Full-Time,Hybrid,2011-11-14,14.8,74100,Meets Expectations,1,Very Dissatisfied,2,Yes,None,28,2,1.4,16,No,36-45,50K-75K,10+ Years
EMP13235,Ananya,Nair,Male,28,Marketing,Digital Marketing Analyst,Delhi NCR,Bachelor's,Full-Time,Remote,2022-09-01,4.0,76900,Needs Improvement,2,Dissatisfied,1,Yes,Rarely,10,0,5.0,15,No,26-35,75K-100K,3-5 Years
EMP13236,Aditya,Das,Male,55,Human Resources,HR Manager,Pune,Bachelor's,Full-Time,Hybrid,2019-07-27,7.1,77000,Needs Improvement,3,Neutral,1,No,None,11,0,6.8,20,No,46-55,75K-100K,5-10 Years
EMP13237,Vihaan,Kumar,Male,58,Finance,Senior Accountant,Bengaluru,Master's,Full-Time,Hybrid,2021-03-03,5.5,86800,Exceeds Expectations,1,Very Dissatisfied,3,Yes,Frequently,30,2,6.5,18,No,56+,75K-100K,5-10 Years
EMP13238,Nikhil,Patel,Female,30,Customer Support,Customer Success Specialist,Mumbai,Bachelor's,Full-Time,Onsite,2020-09-01,6.0,57100,Meets Expectations,1,Very Dissatisfied,1,Yes,Rarely,31,2,11.7,21,No,26-35,50K-75K,5-10 Years
EMP13239,Aisha,Kumar,Female,21,Customer Support,Support Analyst,Chennai,Bachelor's,Full-Time,Remote,2015-10-08,10.9,45800,Meets Expectations,2,Dissatisfied,1,Yes,Frequently,10,0,8.1,5,No,21-25,<50K,10+ Years
EMP13240,Kavya,Kumar,Female,31,Sales,Account Manager,Ahmedabad,Bachelor's,Full-Time,Remote,2020-11-13,5.8,40300,Meets Expectations,4,Satisfied,2,No,Rarely,39,3,6.5,6,No,26-35,<50K,5-10 Years
EMP13241,Aditya,Sharma,Male,44,Technology,BI Analyst,Bengaluru,Bachelor's,Full-Time,Remote,2012-07-26,14.1,89500,Meets Expectations,3,Neutral,5,No,Frequently,27,2,7.9,11,Yes,36-45,75K-100K,10+ Years
EMP13242,Kavya,Kumar,Male,53,Technology,IT Support Specialist,Mumbai,Bachelor's,Full-Time,Hybrid,2014-10-08,11.9,61700,Outstanding,1,Very Dissatisfied,3,No,None,40,1,8.9,11,No,46-55,50K-75K,10+ Years
EMP13243,Meera,Nair,Male,34,Customer Support,Support Analyst,Chennai,Master's,Full-Time,Onsite,2026-01-25,0.6,50400,Meets Expectations,1,Very Dissatisfied,2,No,Rarely,19,1,11.5,11,No,26-35,50K-75K,<1 Year
EMP13244,Kavya,Nair,Male,31,Human Resources,HR Manager,Pune,Diploma,Full-Time,Hybrid,2014-05-15,12.3,65400,Outstanding,1,Very Dissatisfied,1,No,Rarely,24,3,1.9,4,No,26-35,50K-75K,10+ Years
EMP13245,Kiran,Joshi,Female,30,Operations,Operations Manager,Mumbai,Master's,Full-Time,Onsite,2015-01-26,11.6,45500,Meets Expectations,2,Dissatisfied,4,No,None,26,3,8.6,5,Yes,26-35,<50K,10+ Years
EMP13246,Aarav,Iyer,Female,21,Operations,Process Associate,Kolkata,Bachelor's,Full-Time,Hybrid,2018-11-14,7.8,72800,Meets Expectations,2,Dissatisfied,2,No,Frequently,6,2,0.4,7,No,21-25,50K-75K,5-10 Years
EMP13247,Priya,Kumar,Male,21,Operations,Operations Analyst,Pune,Bachelor's,Full-Time,Hybrid,2019-01-26,7.6,69200,Needs Improvement,1,Very Dissatisfied,5,Yes,Rarely,11,3,0.3,21,Yes,21-25,50K-75K,5-10 Years
EMP13248,Neha,Gupta,Male,38,Sales,Account Manager,Mumbai,Bachelor's,Contract,Remote,2014-01-25,12.6,65200,Needs Improvement,3,Neutral,1,No,Frequently,39,1,8.6,6,No,36-45,50K-75K,10+ Years
EMP13249,Pooja,Singh,Female,45,Sales,Account Manager,Kolkata,Bachelor's,Full-Time,Hybrid,2020-03-02,6.5,82300,Outstanding,3,Neutral,4,Yes,None,27,0,6.7,13,No,36-45,75K-100K,5-10 Years
EMP13250,Neha,Patel,Female,21,Finance,Senior Accountant,Ahmedabad,Bachelor's,Full-Time,Hybrid,2024-01-26,2.6,65600,Exceeds Expectations,4,Satisfied,4,No,Frequently,22,3,9.6,11,No,21-25,50K-75K,1-3 Years
EMP13251,Sanjay,Nair,Female,29,Finance,Finance Manager,Delhi NCR,Bachelor's,Full-Time,Hybrid,2021-11-13,4.8,64100,Meets Expectations,5,Very Satisfied,2,No,None,0,2,4.7,9,No,26-35,50K-75K,3-5 Years
EMP13252,Ananya,Singh,Male,57,Operations,Operations Executive,Bengaluru,Bachelor's,Full-Time,Onsite,2022-07-27,4.1,45800,Meets Expectations,4,Satisfied,2,Yes,Frequently,1,3,2.0,6,No,56+,<50K,3-5 Years
EMP13253,Arjun,Gupta,Female,60,Technology,Software Engineer,Kolkata,Master's,Full-Time,Onsite,2016-05-14,10.3,96700,Meets Expectations,5,Very Satisfied,5,No,None,22,2,7.8,11,No,56+,75K-100K,10+ Years
EMP13254,Neha,Kumar,Female,46,Finance,Finance Manager,Ahmedabad,Bachelor's,Full-Time,Hybrid,2023-11-14,2.8,60800,Meets Expectations,5,Very Satisfied,4,No,Rarely,3,1,6.3,0,No,46-55,50K-75K,1-3 Years
EMP13255,Kavya,Rao,Female,41,Technology,IT Support Specialist,Ahmedabad,Bachelor's,Contract,Onsite,2016-12-20,9.7,119500,Needs Improvement,5,Very Satisfied,1,Yes,None,5,2,3.7,21,No,36-45,100K-150K,5-10 Years
EMP13256,Aarav,Sharma,Male,44,Technology,Data Analyst,Delhi NCR,Bachelor's,Full-Time,Onsite,2019-07-27,7.1,79900,Exceeds Expectations,2,Dissatisfied,3,Yes,Rarely,23,3,5.7,6,No,36-45,75K-100K,5-10 Years
EMP13257,Rohit,Sharma,Female,35,Technology,BI Analyst,Hyderabad,Bachelor's,Full-Time,Hybrid,2014-01-25,12.6,93000,Needs Improvement,1,Very Dissatisfied,4,Yes,None,39,1,6.7,18,Yes,26-35,75K-100K,10+ Years
EMP13258,Arjun,Das,Male,29,Technology,IT Support Specialist,Mumbai,MBA,Full-Time,Onsite,2019-04-09,7.4,95700,Needs Improvement,1,Very Dissatisfied,2,No,Frequently,34,3,2.6,3,No,26-35,75K-100K,5-10 Years
EMP13259,Divya,Joshi,Male,36,Human Resources,Recruiter,Bengaluru,MBA,Full-Time,Onsite,2012-09-01,14.0,57500,Meets Expectations,5,Very Satisfied,4,No,Frequently,19,1,8.9,18,No,36-45,50K-75K,10+ Years
EMP13260,Vihaan,Reddy,Female,48,Finance,Senior Accountant,Kolkata,Bachelor's,Full-Time,Hybrid,2013-03-03,13.5,91900,Meets Expectations,5,Very Satisfied,4,No,None,38,1,7.4,0,No,46-55,75K-100K,10+ Years
EMP13261,Ananya,Nair,Non-Binary,47,Human Resources,Recruiter,Hyderabad,Bachelor's,Full-Time,Remote,2023-10-08,2.9,76900,Needs Improvement,2,Dissatisfied,2,No,Frequently,24,1,1.0,9,No,46-55,75K-100K,1-3 Years
EMP13262,Rohit,Gupta,Non-Binary,48,Human Resources,Recruiter,Bengaluru,Bachelor's,Full-Time,Onsite,2016-04-08,10.4,80300,Exceeds Expectations,4,Satisfied,1,Yes,Rarely,38,1,6.1,10,No,46-55,75K-100K,10+ Years
EMP13263,Meera,Patel,Female,45,Operations,Process Associate,Delhi NCR,Master's,Full-Time,Hybrid,2023-04-09,3.4,64800,Meets Expectations,3,Neutral,1,No,None,9,3,3.4,21,No,36-45,50K-75K,3-5 Years
EMP13264,Rahul,Rao,Female,23,Customer Support,Support Analyst,Pune,Bachelor's,Full-Time,Hybrid,2014-04-08,12.4,50100,Meets Expectations,1,Very Dissatisfied,4,Yes,None,23,0,10.7,14,No,21-25,50K-75K,10+ Years
EMP13265,Meera,Patel,Male,46,Human Resources,HR Executive,Hyderabad,MBA,Full-Time,Hybrid,2017-01-25,9.6,64600,Meets Expectations,4,Satisfied,4,No,None,37,0,5.5,14,No,46-55,50K-75K,5-10 Years
EMP13266,Arjun,Sharma,Female,56,Marketing,Digital Marketing Analyst,Hyderabad,Bachelor's,Contract,Hybrid,2022-01-25,4.6,80900,Meets Expectations,1,Very Dissatisfied,2,No,None,40,0,1.9,20,No,56+,75K-100K,3-5 Years
EMP13267,Aarav,Das,Male,46,Operations,Operations Executive,Pune,Bachelor's,Full-Time,Hybrid,2022-10-08,3.9,54500,Meets Expectations,1,Very Dissatisfied,3,No,None,35,2,8.1,20,No,46-55,50K-75K,3-5 Years
EMP13268,Nikhil,Patel,Female,44,Marketing,Marketing Manager,Chennai,Diploma,Contract,Remote,2020-01-26,6.6,66300,Meets Expectations,3,Neutral,3,No,None,6,0,3.3,4,No,36-45,50K-75K,5-10 Years
EMP13269,Sanjay,Verma,Female,29,Sales,Sales Executive,Delhi NCR,Master's,Full-Time,Onsite,2014-07-27,12.1,46700,Needs Improvement,1,Very Dissatisfied,5,No,None,25,3,11.5,9,No,26-35,<50K,10+ Years
EMP13270,Sneha,Sharma,Female,52,Customer Support,Support Analyst,Mumbai,Bachelor's,Contract,Hybrid,2014-09-01,12.0,58600,Meets Expectations,2,Dissatisfied,3,Yes,Frequently,3,1,0.6,1,Yes,46-55,50K-75K,10+ Years
EMP13271,Ananya,Sharma,Female,39,Technology,Data Analyst,Chennai,Bachelor's,Full-Time,Onsite,2025-12-20,0.7,63900,Meets Expectations,4,Satisfied,3,No,None,15,1,1.7,17,No,36-45,50K-75K,<1 Year
EMP13272,Ananya,Gupta,Male,31,Finance,Financial Analyst,Ahmedabad,MBA,Contract,Hybrid,2021-12-20,4.7,106700,Exceeds Expectations,3,Neutral,3,No,Frequently,1,3,11.9,16,Yes,26-35,100K-150K,3-5 Years
EMP13273,Rohit,Singh,Female,40,Marketing,Marketing Executive,Kolkata,MBA,Full-Time,Hybrid,2020-03-02,6.5,51000,Exceeds Expectations,1,Very Dissatisfied,1,No,Frequently,31,2,11.4,1,No,36-45,50K-75K,5-10 Years
EMP13274,Isha,Nair,Male,25,Finance,Finance Manager,Chennai,Master's,Full-Time,Hybrid,2017-10-08,8.9,71200,Meets Expectations,2,Dissatisfied,4,Yes,Rarely,31,1,0.9,11,No,21-25,50K-75K,5-10 Years
EMP13275,Ananya,Joshi,Male,58,Technology,Software Engineer,Ahmedabad,Bachelor's,Full-Time,Hybrid,2024-04-08,2.4,75200,Meets Expectations,5,Very Satisfied,5,No,None,3,3,4.7,19,No,56+,75K-100K,1-3 Years
EMP13276,Vikram,Joshi,Male,49,Customer Support,Team Lead,Delhi NCR,Bachelor's,Full-Time,Hybrid,2021-06-20,5.2,43500,Needs Improvement,5,Very Satisfied,1,No,None,37,2,11.3,21,Yes,46-55,<50K,5-10 Years
EMP13277,Vihaan,Sharma,Male,34,Sales,Business Development Executive,Pune,Master's,Full-Time,Onsite,2013-05-15,13.3,54100,Exceeds Expectations,5,Very Satisfied,1,No,Frequently,34,0,3.4,7,Yes,26-35,50K-75K,10+ Years
EMP13278,Nikhil,Patel,Female,52,Technology,BI Analyst,Chennai,Bachelor's,Full-Time,Hybrid,2019-05-15,7.3,108900,Needs Improvement,3,Neutral,3,Yes,Rarely,34,3,10.3,10,No,46-55,100K-150K,5-10 Years
EMP13279,Nikhil,Kumar,Male,23,Customer Support,Support Executive,Hyderabad,Bachelor's,Full-Time,Hybrid,2015-06-21,11.2,39100,Meets Expectations,3,Neutral,4,Yes,Frequently,18,0,6.3,7,No,21-25,<50K,10+ Years
EMP13280,Aarav,Kumar,Female,36,Operations,Process Associate,Kolkata,Bachelor's,Full-Time,Hybrid,2019-04-09,7.4,49400,Meets Expectations,4,Satisfied,1,Yes,None,38,2,9.7,19,No,36-45,<50K,5-10 Years
EMP13281,Isha,Rao,Male,47,Sales,Sales Manager,Mumbai,Bachelor's,Full-Time,Hybrid,2019-07-27,7.1,43700,Needs Improvement,5,Very Satisfied,4,No,Rarely,40,0,8.0,6,No,46-55,<50K,5-10 Years
EMP13282,Aisha,Rao,Male,21,Operations,Operations Analyst,Hyderabad,Master's,Contract,Onsite,2017-04-08,9.4,52400,Needs Improvement,1,Very Dissatisfied,2,No,None,22,3,9.7,1,No,21-25,50K-75K,5-10 Years
EMP13283,Rahul,Iyer,Female,49,Customer Support,Support Executive,Bengaluru,MBA,Full-Time,Hybrid,2022-09-01,4.0,68700,Meets Expectations,5,Very Satisfied,1,No,Rarely,15,3,4.3,18,Yes,46-55,50K-75K,3-5 Years
EMP13284,Sneha,Das,Male,53,Sales,Sales Manager,Hyderabad,Bachelor's,Contract,Hybrid,2022-10-08,3.9,56800,Exceeds Expectations,4,Satisfied,1,No,Rarely,31,1,11.8,22,No,46-55,50K-75K,3-5 Years
EMP13285,Aditya,Sharma,Male,44,Finance,Senior Accountant,Bengaluru,MBA,Full-Time,Hybrid,2011-11-14,14.8,94200,Meets Expectations,1,Very Dissatisfied,3,No,None,1,1,4.9,3,No,36-45,75K-100K,10+ Years
EMP13286,Aditya,Verma,Male,29,Human Resources,HR Executive,Pune,Bachelor's,Full-Time,Remote,2013-07-27,13.1,65300,Needs Improvement,5,Very Satisfied,3,No,None,13,1,0.7,9,No,26-35,50K-75K,10+ Years
EMP13287,Kavya,Kumar,Male,50,Sales,Sales Executive,Kolkata,MBA,Contract,Onsite,2015-07-27,11.1,60000,Meets Expectations,1,Very Dissatisfied,3,No,None,0,3,9.3,17,No,46-55,50K-75K,10+ Years
EMP13288,Arjun,Iyer,Female,34,Technology,Data Analyst,Ahmedabad,Master's,Full-Time,Onsite,2024-06-20,2.2,116300,Meets Expectations,1,Very Dissatisfied,4,No,None,31,3,2.8,19,No,26-35,100K-150K,1-3 Years
EMP13289,Meera,Patel,Male,50,Technology,BI Analyst,Chennai,Bachelor's,Full-Time,Remote,2026-01-25,0.6,60400,Meets Expectations,2,Dissatisfied,5,No,None,1,0,1.3,0,No,46-55,50K-75K,<1 Year
EMP13290,Arjun,Reddy,Female,46,Technology,Data Analyst,Mumbai,MBA,Full-Time,Hybrid,2023-11-14,2.8,119200,Needs Improvement,3,Neutral,5,Yes,None,30,2,8.3,0,No,46-55,100K-150K,1-3 Years
EMP13291,Kavya,Iyer,Female,24,Finance,Accountant,Mumbai,Master's,Full-Time,Hybrid,2012-07-26,14.1,77100,Meets Expectations,3,Neutral,4,No,None,23,3,9.4,21,No,21-25,75K-100K,10+ Years
EMP13292,Nikhil,Nair,Female,24,Human Resources,HR Analyst,Delhi NCR,Master's,Contract,Onsite,2014-05-15,12.3,59700,Meets Expectations,2,Dissatisfied,3,No,Rarely,17,2,7.7,4,No,21-25,50K-75K,10+ Years
EMP13293,Vihaan,Nair,Female,21,Technology,Software Engineer,Delhi NCR,MBA,Full-Time,Hybrid,2018-10-08,7.9,122200,Needs Improvement,4,Satisfied,2,No,Rarely,25,1,3.1,1,No,21-25,100K-150K,5-10 Years
EMP13294,Aarav,Gupta,Male,23,Finance,Financial Analyst,Hyderabad,Bachelor's,Full-Time,Hybrid,2012-03-02,14.5,68600,Needs Improvement,3,Neutral,4,No,None,1,1,2.7,13,No,21-25,50K-75K,10+ Years
EMP13295,Aditya,Nair,Non-Binary,32,Technology,Software Engineer,Mumbai,Bachelor's,Contract,Hybrid,2024-04-08,2.4,127100,Meets Expectations,1,Very Dissatisfied,4,No,None,33,3,3.9,6,No,26-35,100K-150K,1-3 Years
EMP13296,Aisha,Kumar,Male,22,Operations,Operations Manager,Chennai,Bachelor's,Contract,Hybrid,2018-03-03,8.5,79600,Exceeds Expectations,5,Very Satisfied,5,Yes,Rarely,10,1,8.3,0,No,21-25,75K-100K,5-10 Years
EMP13297,Divya,Nair,Female,58,Technology,IT Support Specialist,Kolkata,Bachelor's,Full-Time,Onsite,2023-10-08,2.9,77300,Meets Expectations,2,Dissatisfied,4,No,None,34,1,0.9,10,No,56+,75K-100K,1-3 Years
EMP13298,Rohit,Kumar,Male,57,Customer Support,Customer Success Specialist,Ahmedabad,Diploma,Contract,Hybrid,2021-12-20,4.7,45400,Meets Expectations,4,Satisfied,1,No,None,36,1,10.4,12,No,56+,<50K,3-5 Years
EMP13299,Kiran,Joshi,Female,27,Human Resources,HR Executive,Pune,MBA,Full-Time,Onsite,2012-07-26,14.1,82900,Needs Improvement,2,Dissatisfied,3,Yes,None,22,1,11.6,14,No,26-35,75K-100K,10+ Years
EMP13300,Meera,Singh,Female,33,Operations,Operations Analyst,Mumbai,Bachelor's,Contract,Hybrid,2013-07-27,13.1,46300,Meets Expectations,4,Satisfied,4,No,Frequently,24,3,10.6,6,Yes,26-35,<50K,10+ Years
EMP13301,Nikhil,Iyer,Male,50,Marketing,Content Specialist,Pune,Bachelor's,Full-Time,Remote,2024-12-20,1.7,81700,Meets Expectations,2,Dissatisfied,5,No,None,37,0,5.2,22,No,46-55,75K-100K,1-3 Years
EMP13302,Kiran,Patel,Female,47,Technology,Software Engineer,Hyderabad,Bachelor's,Full-Time,Onsite,2022-10-08,3.9,67600,Needs Improvement,2,Dissatisfied,2,No,Frequently,16,3,6.4,12,Yes,46-55,50K-75K,3-5 Years
EMP13303,Priya,Kumar,Male,44,Marketing,Digital Marketing Analyst,Bengaluru,MBA,Contract,Hybrid,2017-09-01,9.0,54200,Meets Expectations,1,Very Dissatisfied,5,No,None,16,2,6.3,1,No,36-45,50K-75K,5-10 Years
EMP13304,Vikram,Singh,Female,60,Technology,BI Analyst,Kolkata,Bachelor's,Full-Time,Onsite,2025-07-27,1.1,93600,Outstanding,5,Very Satisfied,2,No,None,38,0,7.2,17,No,56+,75K-100K,1-3 Years
EMP13305,Rohit,Verma,Female,46,Sales,Account Manager,Pune,Bachelor's,Full-Time,Hybrid,2018-05-15,8.3,73900,Meets Expectations,4,Satisfied,2,No,None,16,2,10.3,9,No,46-55,50K-75K,5-10 Years
EMP13306,Meera,Nair,Male,47,Technology,Data Analyst,Hyderabad,MBA,Full-Time,Onsite,2017-10-08,8.9,110400,Meets Expectations,4,Satisfied,5,No,Rarely,15,2,10.4,14,No,46-55,100K-150K,5-10 Years
EMP13307,Neha,Sharma,Female,41,Technology,Data Analyst,Bengaluru,Master's,Full-Time,Hybrid,2022-03-03,4.5,101200,Meets Expectations,4,Satisfied,1,Yes,None,0,3,3.9,15,No,36-45,100K-150K,3-5 Years
EMP13308,Arjun,Reddy,Female,42,Sales,Account Manager,Mumbai,Master's,Contract,Remote,2022-03-03,4.5,51700,Meets Expectations,1,Very Dissatisfied,2,No,Rarely,13,1,1.5,17,No,36-45,50K-75K,3-5 Years
EMP13309,Priya,Patel,Male,32,Sales,Sales Manager,Chennai,Bachelor's,Contract,Onsite,2023-01-26,3.6,58400,Outstanding,3,Neutral,5,No,Frequently,10,2,6.8,3,No,26-35,50K-75K,3-5 Years
EMP13310,Isha,Nair,Female,41,Customer Support,Support Analyst,Bengaluru,Bachelor's,Full-Time,Onsite,2012-09-01,14.0,41800,Needs Improvement,5,Very Satisfied,5,Yes,None,31,2,0.7,7,No,36-45,<50K,10+ Years
EMP13311,Sanjay,Patel,Male,57,Human Resources,HR Executive,Chennai,Bachelor's,Full-Time,Onsite,2020-09-01,6.0,56000,Meets Expectations,2,Dissatisfied,1,No,None,20,3,8.2,22,Yes,56+,50K-75K,5-10 Years
EMP13312,Arjun,Rao,Male,36,Finance,Financial Analyst,Kolkata,Bachelor's,Full-Time,Hybrid,2017-10-08,8.9,67700,Meets Expectations,1,Very Dissatisfied,5,No,Rarely,14,1,8.6,16,No,36-45,50K-75K,5-10 Years
EMP13313,Sanjay,Iyer,Male,26,Customer Support,Customer Success Specialist,Chennai,Master's,Contract,Onsite,2021-12-20,4.7,55400,Exceeds Expectations,5,Very Satisfied,3,No,None,38,0,8.1,0,No,26-35,50K-75K,3-5 Years
EMP13314,Sanjay,Kumar,Female,44,Technology,IT Support Specialist,Ahmedabad,Master's,Full-Time,Remote,2016-01-26,10.6,73100,Needs Improvement,1,Very Dissatisfied,5,Yes,Rarely,18,1,3.3,12,No,36-45,50K-75K,10+ Years
EMP13315,Rahul,Kumar,Male,52,Finance,Financial Analyst,Pune,MBA,Full-Time,Hybrid,2024-12-20,1.7,51200,Exceeds Expectations,4,Satisfied,3,Yes,Frequently,17,1,9.0,17,No,46-55,50K-75K,1-3 Years
EMP13316,Pooja,Nair,Female,59,Operations,Operations Executive,Pune,Bachelor's,Full-Time,Hybrid,2025-05-15,1.3,68700,Meets Expectations,5,Very Satisfied,3,No,None,29,1,3.7,11,Yes,56+,50K-75K,1-3 Years
EMP13317,Aarav,Das,Female,42,Marketing,Marketing Manager,Mumbai,Bachelor's,Contract,Onsite,2015-06-21,11.2,44600,Meets Expectations,4,Satisfied,2,No,None,10,3,5.2,17,No,36-45,<50K,10+ Years
EMP13318,Arjun,Singh,Female,52,Finance,Accountant,Kolkata,Diploma,Full-Time,Hybrid,2015-09-02,11.0,105500,Meets Expectations,1,Very Dissatisfied,3,No,Rarely,17,3,8.4,14,No,46-55,100K-150K,10+ Years
EMP13319,Aditya,Kumar,Male,31,Technology,Software Engineer,Kolkata,Bachelor's,Full-Time,Hybrid,2022-07-27,4.1,83100,Meets Expectations,5,Very Satisfied,3,No,None,28,0,3.9,18,No,26-35,75K-100K,3-5 Years
EMP13320,Aarav,Reddy,Male,37,Sales,Sales Executive,Ahmedabad,Bachelor's,Contract,Hybrid,2021-03-03,5.5,39300,Outstanding,1,Very Dissatisfied,3,No,None,13,1,10.7,11,Yes,36-45,<50K,5-10 Years
EMP13321,Kiran,Iyer,Male,37,Sales,Sales Manager,Hyderabad,Master's,Full-Time,Hybrid,2012-04-08,14.4,80400,Needs Improvement,5,Very Satisfied,2,No,None,17,0,4.0,22,No,36-45,75K-100K,10+ Years
EMP13322,Rahul,Gupta,Female,34,Technology,BI Analyst,Kolkata,Bachelor's,Full-Time,Hybrid,2024-12-20,1.7,100600,Outstanding,1,Very Dissatisfied,3,No,None,0,3,10.3,10,No,26-35,100K-150K,1-3 Years
EMP13323,Isha,Singh,Male,49,Operations,Operations Manager,Hyderabad,Bachelor's,Full-Time,Remote,2023-10-08,2.9,74300,Meets Expectations,3,Neutral,1,No,None,32,3,11.3,15,No,46-55,50K-75K,1-3 Years
EMP13324,Kiran,Patel,Male,56,Marketing,Digital Marketing Analyst,Kolkata,Master's,Full-Time,Hybrid,2020-01-26,6.6,66200,Meets Expectations,5,Very Satisfied,5,Yes,Rarely,35,0,4.6,7,Yes,56+,50K-75K,5-10 Years
EMP13325,Rahul,Reddy,Male,34,Human Resources,Recruiter,Pune,Bachelor's,Full-Time,Hybrid,2022-04-08,4.4,59900,Outstanding,2,Dissatisfied,3,No,None,27,2,0.8,18,No,26-35,50K-75K,3-5 Years
EMP13326,Nikhil,Patel,Male,26,Operations,Process Associate,Delhi NCR,Diploma,Full-Time,Onsite,2016-11-13,9.8,67000,Exceeds Expectations,1,Very Dissatisfied,2,No,None,21,0,3.2,13,No,26-35,50K-75K,5-10 Years
EMP13327,Vihaan,Das,Male,54,Technology,Data Analyst,Chennai,Bachelor's,Full-Time,Hybrid,2016-04-08,10.4,87000,Outstanding,1,Very Dissatisfied,5,Yes,Frequently,36,3,9.3,2,Yes,46-55,75K-100K,10+ Years
EMP13328,Neha,Rao,Male,54,Technology,Data Analyst,Hyderabad,Bachelor's,Contract,Hybrid,2018-09-01,8.0,97500,Exceeds Expectations,2,Dissatisfied,3,Yes,None,34,0,1.3,6,No,46-55,75K-100K,5-10 Years
EMP13329,Isha,Joshi,Female,58,Finance,Financial Analyst,Delhi NCR,MBA,Full-Time,Hybrid,2017-06-20,9.2,65000,Needs Improvement,2,Dissatisfied,4,Yes,None,19,1,10.5,13,No,56+,50K-75K,5-10 Years
EMP13330,Aarav,Verma,Female,31,Customer Support,Support Analyst,Pune,Bachelor's,Full-Time,Onsite,2020-01-26,6.6,45100,Needs Improvement,2,Dissatisfied,5,No,Frequently,25,1,7.3,0,No,26-35,<50K,5-10 Years
EMP13331,Sneha,Gupta,Male,49,Marketing,Marketing Executive,Bengaluru,Bachelor's,Contract,Hybrid,2015-03-03,11.5,47800,Meets Expectations,3,Neutral,5,No,None,38,1,9.6,21,No,46-55,<50K,10+ Years
EMP13332,Priya,Nair,Female,49,Operations,Operations Executive,Pune,Bachelor's,Full-Time,Onsite,2025-11-13,0.8,72700,Needs Improvement,2,Dissatisfied,2,No,Frequently,8,2,9.2,1,Yes,46-55,50K-75K,<1 Year
EMP13333,Divya,Kumar,Male,52,Technology,BI Analyst,Bengaluru,Bachelor's,Full-Time,Hybrid,2021-11-13,4.8,83000,Exceeds Expectations,3,Neutral,3,Yes,Rarely,31,1,9.1,2,No,46-55,75K-100K,3-5 Years
EMP13334,Neha,Rao,Female,53,Operations,Operations Executive,Bengaluru,Bachelor's,Full-Time,Onsite,2016-05-14,10.3,81400,Meets Expectations,2,Dissatisfied,5,Yes,None,14,1,0.5,20,No,46-55,75K-100K,10+ Years
EMP13335,Meera,Joshi,Male,59,Sales,Business Development Executive,Chennai,Bachelor's,Full-Time,Hybrid,2021-07-27,5.1,51200,Meets Expectations,2,Dissatisfied,3,Yes,None,3,3,8.9,4,Yes,56+,50K-75K,5-10 Years
EMP13336,Isha,Verma,Female,40,Technology,Data Analyst,Chennai,MBA,Full-Time,Hybrid,2025-04-08,1.4,91800,Outstanding,5,Very Satisfied,2,No,None,17,1,8.2,19,No,36-45,75K-100K,1-3 Years
EMP13337,Sneha,Patel,Male,24,Human Resources,HR Analyst,Pune,Bachelor's,Contract,Onsite,2021-05-15,5.3,57400,Meets Expectations,4,Satisfied,3,No,Frequently,21,3,7.3,7,Yes,21-25,50K-75K,5-10 Years
EMP13338,Divya,Verma,Female,28,Sales,Sales Manager,Pune,Bachelor's,Full-Time,Hybrid,2015-12-20,10.7,71500,Exceeds Expectations,4,Satisfied,1,No,None,30,3,10.3,22,No,26-35,50K-75K,10+ Years
EMP13339,Sneha,Gupta,Male,56,Customer Support,Support Analyst,Kolkata,Master's,Contract,Onsite,2024-09-01,2.0,63500,Meets Expectations,2,Dissatisfied,5,No,Rarely,6,3,6.4,6,No,56+,50K-75K,1-3 Years
EMP13340,Isha,Iyer,Female,54,Customer Support,Customer Success Specialist,Mumbai,Bachelor's,Full-Time,Hybrid,2015-10-08,10.9,51100,Needs Improvement,5,Very Satisfied,3,No,Frequently,22,3,6.9,10,No,46-55,50K-75K,10+ Years
EMP13341,Nikhil,Das,Male,21,Human Resources,HR Manager,Bengaluru,Bachelor's,Full-Time,Remote,2014-12-20,11.7,60500,Outstanding,2,Dissatisfied,2,No,Rarely,27,0,6.3,20,No,21-25,50K-75K,10+ Years
EMP13342,Aditya,Reddy,Male,35,Finance,Senior Accountant,Chennai,Bachelor's,Full-Time,Remote,2017-01-25,9.6,92300,Outstanding,4,Satisfied,3,Yes,None,26,1,9.0,6,No,26-35,75K-100K,5-10 Years
EMP13343,Kavya,Gupta,Female,30,Sales,Sales Executive,Ahmedabad,Master's,Full-Time,Hybrid,2022-11-14,3.8,48000,Meets Expectations,4,Satisfied,1,No,Rarely,34,1,11.2,6,Yes,26-35,<50K,3-5 Years
EMP13344,Arjun,Gupta,Male,33,Marketing,Marketing Manager,Hyderabad,Bachelor's,Contract,Hybrid,2014-07-27,12.1,74800,Needs Improvement,2,Dissatisfied,4,Yes,Rarely,30,2,7.3,22,No,26-35,50K-75K,10+ Years
EMP13345,Ananya,Nair,Male,46,Human Resources,HR Analyst,Ahmedabad,Bachelor's,Full-Time,Hybrid,2023-04-09,3.4,79000,Meets Expectations,4,Satisfied,3,No,None,19,0,4.4,3,No,46-55,75K-100K,3-5 Years
EMP13346,Neha,Sharma,Female,41,Operations,Process Associate,Bengaluru,Master's,Full-Time,Hybrid,2013-01-25,13.6,49600,Needs Improvement,1,Very Dissatisfied,1,No,Frequently,11,0,6.2,13,Yes,36-45,<50K,10+ Years
EMP13347,Pooja,Patel,Male,40,Marketing,Digital Marketing Analyst,Pune,Master's,Full-Time,Onsite,2015-12-20,10.7,77700,Needs Improvement,2,Dissatisfied,3,No,None,36,2,11.4,8,No,36-45,75K-100K,10+ Years
EMP13348,Rahul,Patel,Male,38,Sales,Account Manager,Mumbai,MBA,Full-Time,Onsite,2025-09-01,1.0,73400,Meets Expectations,3,Neutral,1,No,Frequently,36,1,2.4,20,No,36-45,50K-75K,<1 Year
EMP13349,Pooja,Kumar,Female,46,Sales,Sales Manager,Bengaluru,Master's,Contract,Remote,2014-09-01,12.0,44500,Meets Expectations,4,Satisfied,2,No,None,5,3,10.9,12,No,46-55,<50K,10+ Years
EMP13350,Rahul,Das,Female,48,Operations,Process Associate,Ahmedabad,Master's,Full-Time,Onsite,2018-12-20,7.7,52100,Meets Expectations,2,Dissatisfied,5,No,None,18,3,10.0,8,No,46-55,50K-75K,5-10 Years
EMP13351,Aisha,Rao,Male,22,Technology,Software Engineer,Delhi NCR,Bachelor's,Full-Time,Onsite,2019-10-08,6.9,87000,Meets Expectations,4,Satisfied,4,No,Rarely,30,0,4.5,7,No,21-25,75K-100K,5-10 Years
EMP13352,Isha,Singh,Male,26,Customer Support,Support Analyst,Mumbai,MBA,Full-Time,Onsite,2020-04-08,6.4,62300,Meets Expectations,4,Satisfied,3,No,None,27,3,10.6,17,No,26-35,50K-75K,5-10 Years
EMP13353,Kavya,Verma,Male,34,Sales,Account Manager,Chennai,Master's,Full-Time,Onsite,2017-06-20,9.2,65600,Meets Expectations,5,Very Satisfied,3,No,None,35,2,9.0,2,No,26-35,50K-75K,5-10 Years
EMP13354,Sanjay,Sharma,Female,38,Operations,Operations Manager,Ahmedabad,Bachelor's,Full-Time,Onsite,2015-10-08,10.9,57700,Meets Expectations,1,Very Dissatisfied,3,Yes,None,8,3,11.4,17,No,36-45,50K-75K,10+ Years
EMP13355,Priya,Kumar,Male,60,Customer Support,Support Analyst,Pune,Master's,Full-Time,Hybrid,2013-03-03,13.5,44600,Meets Expectations,3,Neutral,1,No,Frequently,38,3,6.2,2,No,56+,<50K,10+ Years
EMP13356,Vikram,Verma,Male,56,Human Resources,HR Manager,Ahmedabad,Bachelor's,Contract,Hybrid,2022-06-20,4.2,42200,Meets Expectations,4,Satisfied,2,No,None,9,2,8.7,15,No,56+,<50K,3-5 Years
EMP13357,Aditya,Kumar,Female,46,Sales,Business Development Executive,Ahmedabad,Diploma,Full-Time,Remote,2017-03-03,9.5,39900,Meets Expectations,3,Neutral,5,No,Rarely,3,2,4.4,8,Yes,46-55,<50K,5-10 Years
EMP13358,Sanjay,Rao,Male,22,Customer Support,Support Analyst,Delhi NCR,MBA,Contract,Hybrid,2016-04-08,10.4,41600,Outstanding,2,Dissatisfied,5,No,Rarely,30,3,4.7,5,Yes,21-25,<50K,10+ Years
EMP13359,Aarav,Patel,Male,25,Technology,BI Analyst,Delhi NCR,Bachelor's,Full-Time,Hybrid,2016-06-20,10.2,66700,Meets Expectations,3,Neutral,1,No,None,38,0,2.3,5,No,21-25,50K-75K,10+ Years
EMP13360,Kiran,Iyer,Male,39,Human Resources,HR Manager,Mumbai,Bachelor's,Full-Time,Hybrid,2019-03-03,7.5,48000,Meets Expectations,3,Neutral,5,Yes,None,14,0,7.0,19,No,36-45,<50K,5-10 Years
EMP13361,Divya,Joshi,Female,44,Customer Support,Support Executive,Ahmedabad,Master's,Full-Time,Onsite,2020-09-01,6.0,55600,Outstanding,3,Neutral,1,No,None,6,1,0.2,20,No,36-45,50K-75K,5-10 Years
EMP13362,Vihaan,Iyer,Female,47,Operations,Operations Manager,Mumbai,Master's,Full-Time,Hybrid,2015-03-03,11.5,64700,Meets Expectations,5,Very Satisfied,3,No,Frequently,35,1,11.0,10,No,46-55,50K-75K,10+ Years
EMP13363,Vihaan,Singh,Female,26,Sales,Business Development Executive,Ahmedabad,Master's,Contract,Hybrid,2022-01-25,4.6,41100,Needs Improvement,3,Neutral,5,No,Rarely,3,2,4.1,0,No,26-35,<50K,3-5 Years
EMP13364,Divya,Patel,Male,56,Operations,Operations Executive,Bengaluru,Bachelor's,Full-Time,Hybrid,2023-05-15,3.3,64200,Outstanding,2,Dissatisfied,2,No,Frequently,27,2,7.5,17,No,56+,50K-75K,3-5 Years
EMP13365,Neha,Verma,Male,40,Technology,IT Support Specialist,Chennai,Diploma,Contract,Onsite,2018-05-15,8.3,68700,Needs Improvement,1,Very Dissatisfied,5,Yes,Rarely,5,3,11.7,2,No,36-45,50K-75K,5-10 Years
EMP13366,Kiran,Das,Female,44,Operations,Operations Manager,Bengaluru,Master's,Full-Time,Hybrid,2022-06-20,4.2,54500,Exceeds Expectations,1,Very Dissatisfied,5,No,Frequently,27,2,5.1,12,Yes,36-45,50K-75K,3-5 Years
EMP13367,Aditya,Das,Female,22,Marketing,Digital Marketing Analyst,Hyderabad,Diploma,Full-Time,Onsite,2025-12-20,0.7,95200,Meets Expectations,3,Neutral,3,No,Frequently,4,1,1.0,20,No,21-25,75K-100K,<1 Year
EMP13368,Ananya,Verma,Male,53,Finance,Accountant,Pune,Bachelor's,Full-Time,Onsite,2025-09-01,1.0,79300,Meets Expectations,2,Dissatisfied,5,Yes,None,15,1,4.6,2,No,46-55,75K-100K,<1 Year
EMP13369,Meera,Verma,Male,42,Finance,Accountant,Ahmedabad,Bachelor's,Full-Time,Hybrid,2016-03-02,10.5,50700,Needs Improvement,1,Very Dissatisfied,1,No,Frequently,19,3,11.8,7,No,36-45,50K-75K,10+ Years
EMP13370,Vihaan,Verma,Male,29,Sales,Business Development Executive,Pune,Master's,Full-Time,Hybrid,2012-01-26,14.6,55300,Needs Improvement,2,Dissatisfied,3,No,None,37,2,11.5,10,No,26-35,50K-75K,10+ Years
EMP13371,Divya,Rao,Male,33,Customer Support,Team Lead,Kolkata,Master's,Full-Time,Remote,2019-10-08,6.9,58200,Meets Expectations,2,Dissatisfied,2,No,None,29,1,8.3,3,No,26-35,50K-75K,5-10 Years
EMP13372,Aditya,Reddy,Male,35,Technology,IT Support Specialist,Pune,Bachelor's,Full-Time,Hybrid,2024-04-08,2.4,74300,Meets Expectations,3,Neutral,4,Yes,None,38,1,8.2,8,No,26-35,50K-75K,1-3 Years
EMP13373,Divya,Singh,Male,22,Finance,Finance Manager,Delhi NCR,Bachelor's,Full-Time,Hybrid,2014-05-15,12.3,105200,Meets Expectations,1,Very Dissatisfied,2,No,None,22,2,5.9,8,No,21-25,100K-150K,10+ Years
EMP13374,Aditya,Joshi,Male,58,Human Resources,HR Executive,Bengaluru,Diploma,Full-Time,Hybrid,2022-07-27,4.1,63400,Needs Improvement,5,Very Satisfied,3,No,None,10,3,6.2,21,No,56+,50K-75K,3-5 Years
EMP13375,Kiran,Joshi,Female,53,Marketing,Content Specialist,Chennai,Bachelor's,Contract,Hybrid,2011-10-08,14.9,44600,Meets Expectations,5,Very Satisfied,4,No,None,17,0,6.7,1,No,46-55,<50K,10+ Years
EMP13376,Vihaan,Gupta,Male,56,Human Resources,HR Executive,Kolkata,Bachelor's,Full-Time,Hybrid,2018-03-03,8.5,69200,Meets Expectations,5,Very Satisfied,2,No,None,21,1,4.9,19,No,56+,50K-75K,5-10 Years
EMP13377,Nikhil,Iyer,Male,35,Human Resources,HR Executive,Ahmedabad,Bachelor's,Contract,Onsite,2023-01-26,3.6,76100,Meets Expectations,1,Very Dissatisfied,5,No,Frequently,23,3,9.8,19,No,26-35,75K-100K,3-5 Years
EMP13378,Kavya,Iyer,Female,43,Marketing,Marketing Executive,Pune,Diploma,Full-Time,Remote,2019-03-03,7.5,67300,Exceeds Expectations,4,Satisfied,4,No,None,37,2,10.9,7,No,36-45,50K-75K,5-10 Years
EMP13379,Aditya,Verma,Female,39,Customer Support,Team Lead,Mumbai,Bachelor's,Full-Time,Hybrid,2021-06-20,5.2,68200,Meets Expectations,1,Very Dissatisfied,2,No,None,36,0,10.4,18,No,36-45,50K-75K,5-10 Years
EMP13380,Aarav,Das,Female,40,Finance,Accountant,Mumbai,Master's,Full-Time,Onsite,2014-12-20,11.7,101500,Meets Expectations,4,Satisfied,4,No,Rarely,4,3,3.5,14,No,36-45,100K-150K,10+ Years
EMP13381,Aditya,Kumar,Male,44,Operations,Operations Executive,Chennai,Bachelor's,Full-Time,Hybrid,2024-11-13,1.8,43800,Meets Expectations,4,Satisfied,2,No,Rarely,32,1,2.6,21,No,36-45,<50K,1-3 Years
EMP13382,Sanjay,Rao,Female,39,Operations,Operations Executive,Chennai,MBA,Full-Time,Hybrid,2013-10-08,12.9,41100,Needs Improvement,2,Dissatisfied,3,Yes,Frequently,12,3,11.7,10,No,36-45,<50K,10+ Years
EMP13383,Ananya,Singh,Male,51,Customer Support,Customer Success Specialist,Ahmedabad,Master's,Full-Time,Hybrid,2015-01-26,11.6,44300,Meets Expectations,3,Neutral,4,No,None,24,0,2.1,6,Yes,46-55,<50K,10+ Years
EMP13384,Kavya,Joshi,Female,23,Customer Support,Support Analyst,Chennai,Master's,Full-Time,Onsite,2013-10-08,12.9,55800,Meets Expectations,5,Very Satisfied,5,Yes,None,39,3,4.6,15,No,21-25,50K-75K,10+ Years
EMP13385,Meera,Singh,Male,28,Operations,Process Associate,Delhi NCR,Master's,Contract,Hybrid,2013-04-08,13.4,64600,Outstanding,1,Very Dissatisfied,2,No,Frequently,36,1,0.8,10,No,26-35,50K-75K,10+ Years
EMP13386,Vikram,Patel,Female,56,Technology,BI Analyst,Chennai,MBA,Contract,Hybrid,2023-01-26,3.6,77600,Needs Improvement,3,Neutral,3,No,None,19,1,2.7,9,No,56+,75K-100K,3-5 Years
EMP13387,Priya,Singh,Male,56,Operations,Operations Manager,Mumbai,Bachelor's,Full-Time,Hybrid,2018-10-08,7.9,80300,Meets Expectations,2,Dissatisfied,3,No,Rarely,1,1,5.2,4,No,56+,75K-100K,5-10 Years
EMP13388,Arjun,Joshi,Female,53,Operations,Process Associate,Mumbai,Bachelor's,Full-Time,Onsite,2013-11-13,12.8,51300,Needs Improvement,1,Very Dissatisfied,5,No,None,39,1,0.9,9,No,46-55,50K-75K,10+ Years
EMP13389,Rohit,Gupta,Male,35,Finance,Senior Accountant,Bengaluru,Bachelor's,Full-Time,Hybrid,2020-11-13,5.8,95800,Meets Expectations,4,Satisfied,5,No,None,37,3,7.0,11,No,26-35,75K-100K,5-10 Years
EMP13390,Rahul,Reddy,Male,39,Marketing,Digital Marketing Analyst,Bengaluru,MBA,Contract,Hybrid,2025-07-27,1.1,86900,Meets Expectations,5,Very Satisfied,2,No,Frequently,15,2,5.3,17,No,36-45,75K-100K,1-3 Years
EMP13391,Arjun,Sharma,Female,22,Technology,IT Support Specialist,Delhi NCR,Master's,Full-Time,Onsite,2022-03-03,4.5,65400,Needs Improvement,3,Neutral,1,Yes,None,5,0,5.3,19,No,21-25,50K-75K,3-5 Years
EMP13392,Arjun,Singh,Male,32,Human Resources,Recruiter,Ahmedabad,Bachelor's,Full-Time,Onsite,2022-11-14,3.8,53700,Exceeds Expectations,3,Neutral,5,No,None,21,3,9.2,21,No,26-35,50K-75K,3-5 Years
EMP13393,Aarav,Das,Male,50,Operations,Process Associate,Delhi NCR,Bachelor's,Full-Time,Hybrid,2013-07-27,13.1,47200,Meets Expectations,3,Neutral,1,No,Rarely,32,0,4.9,5,No,46-55,<50K,10+ Years
EMP13394,Kiran,Joshi,Male,34,Technology,Software Engineer,Mumbai,Master's,Full-Time,Hybrid,2019-07-27,7.1,123100,Meets Expectations,1,Very Dissatisfied,2,No,None,18,2,1.0,1,No,26-35,100K-150K,5-10 Years
EMP13395,Vihaan,Reddy,Male,40,Finance,Financial Analyst,Ahmedabad,Bachelor's,Full-Time,Remote,2016-05-14,10.3,69300,Meets Expectations,2,Dissatisfied,1,Yes,None,0,3,8.3,7,No,36-45,50K-75K,10+ Years
EMP13396,Vikram,Sharma,Male,25,Operations,Process Associate,Delhi NCR,Master's,Full-Time,Remote,2012-04-08,14.4,75100,Meets Expectations,4,Satisfied,1,No,None,18,1,8.4,0,Yes,21-25,75K-100K,10+ Years
EMP13397,Vihaan,Patel,Male,40,Human Resources,Recruiter,Ahmedabad,Bachelor's,Full-Time,Hybrid,2022-01-25,4.6,66100,Outstanding,3,Neutral,1,No,None,21,1,6.3,21,No,36-45,50K-75K,3-5 Years
EMP13398,Vikram,Joshi,Female,49,Customer Support,Support Executive,Pune,Master's,Full-Time,Hybrid,2015-03-03,11.5,49900,Meets Expectations,2,Dissatisfied,4,Yes,Rarely,37,1,0.3,12,Yes,46-55,<50K,10+ Years
EMP13399,Isha,Rao,Female,43,Sales,Business Development Executive,Kolkata,Bachelor's,Full-Time,Onsite,2026-03-03,0.5,81300,Needs Improvement,1,Very Dissatisfied,3,No,None,33,2,11.4,15,Yes,36-45,75K-100K,<1 Year
EMP13400,Rahul,Sharma,Female,43,Operations,Operations Executive,Kolkata,Bachelor's,Full-Time,Hybrid,2024-12-20,1.7,57300,Meets Expectations,1,Very Dissatisfied,1,No,None,28,2,3.8,16,Yes,36-45,50K-75K,1-3 Years
EMP13401,Vihaan,Verma,Male,57,Operations,Operations Manager,Kolkata,Bachelor's,Full-Time,Hybrid,2024-01-26,2.6,71000,Meets Expectations,3,Neutral,4,No,None,16,2,3.8,3,No,56+,50K-75K,1-3 Years
EMP13402,Rahul,Gupta,Male,30,Customer Support,Support Executive,Pune,Master's,Full-Time,Hybrid,2021-11-13,4.8,48700,Needs Improvement,2,Dissatisfied,1,No,Frequently,38,0,2.4,21,Yes,26-35,<50K,3-5 Years
EMP13403,Nikhil,Reddy,Female,32,Technology,Software Engineer,Delhi NCR,Master's,Contract,Remote,2020-06-20,6.2,65700,Meets Expectations,4,Satisfied,3,Yes,None,9,3,7.7,21,No,26-35,50K-75K,5-10 Years
EMP13404,Sneha,Gupta,Female,45,Customer Support,Team Lead,Kolkata,Diploma,Full-Time,Onsite,2019-05-15,7.3,34300,Outstanding,3,Neutral,4,No,Frequently,13,0,7.2,6,No,36-45,<50K,5-10 Years
EMP13405,Sneha,Das,Male,40,Finance,Senior Accountant,Mumbai,Master's,Full-Time,Hybrid,2022-11-14,3.8,60900,Meets Expectations,1,Very Dissatisfied,3,Yes,None,34,2,10.7,13,No,36-45,50K-75K,3-5 Years
EMP13406,Aarav,Sharma,Female,60,Finance,Financial Analyst,Bengaluru,Master's,Full-Time,Hybrid,2025-06-20,1.2,91000,Outstanding,2,Dissatisfied,2,No,None,40,3,7.6,10,No,56+,75K-100K,1-3 Years
EMP13407,Meera,Sharma,Female,23,Finance,Financial Analyst,Bengaluru,Bachelor's,Contract,Hybrid,2016-06-20,10.2,70600,Exceeds Expectations,1,Very Dissatisfied,5,Yes,Rarely,33,2,3.4,5,No,21-25,50K-75K,10+ Years
EMP13408,Nikhil,Joshi,Female,25,Marketing,Marketing Manager,Kolkata,Bachelor's,Full-Time,Onsite,2026-01-25,0.6,67200,Meets Expectations,1,Very Dissatisfied,5,Yes,None,29,3,9.5,19,No,21-25,50K-75K,<1 Year
EMP13409,Rohit,Rao,Male,34,Marketing,Marketing Executive,Bengaluru,Master's,Full-Time,Hybrid,2014-06-20,12.2,48800,Meets Expectations,4,Satisfied,5,Yes,Rarely,38,0,3.6,17,No,26-35,<50K,10+ Years
EMP13410,Meera,Reddy,Female,39,Human Resources,Recruiter,Ahmedabad,Bachelor's,Full-Time,Onsite,2012-09-01,14.0,73400,Outstanding,2,Dissatisfied,1,Yes,Frequently,5,0,10.8,7,No,36-45,50K-75K,10+ Years
EMP13411,Arjun,Reddy,Male,56,Sales,Business Development Executive,Mumbai,Master's,Full-Time,Hybrid,2015-12-20,10.7,76600,Meets Expectations,5,Very Satisfied,2,No,Frequently,27,0,1.5,20,Yes,56+,75K-100K,10+ Years
EMP13412,Aisha,Joshi,Male,40,Customer Support,Team Lead,Bengaluru,Bachelor's,Contract,Remote,2017-09-01,9.0,56400,Needs Improvement,2,Dissatisfied,2,No,None,16,3,5.2,1,Yes,36-45,50K-75K,5-10 Years
EMP13413,Divya,Joshi,Male,38,Technology,Software Engineer,Bengaluru,Bachelor's,Contract,Hybrid,2016-10-08,9.9,127600,Meets Expectations,2,Dissatisfied,1,No,Rarely,24,3,11.8,6,No,36-45,100K-150K,5-10 Years
EMP13414,Rohit,Iyer,Female,27,Sales,Sales Executive,Hyderabad,Bachelor's,Full-Time,Onsite,2016-10-08,9.9,39800,Needs Improvement,3,Neutral,2,No,None,10,3,9.1,19,Yes,26-35,<50K,5-10 Years
EMP13415,Nikhil,Nair,Female,38,Marketing,Marketing Manager,Mumbai,MBA,Contract,Hybrid,2012-09-01,14.0,44300,Outstanding,2,Dissatisfied,2,No,Rarely,20,2,4.3,12,No,36-45,<50K,10+ Years
EMP13416,Ananya,Nair,Male,42,Finance,Financial Analyst,Kolkata,Master's,Full-Time,Onsite,2012-03-02,14.5,78000,Needs Improvement,3,Neutral,3,No,None,9,0,9.0,6,No,36-45,75K-100K,10+ Years
EMP13417,Isha,Joshi,Male,44,Marketing,Marketing Manager,Delhi NCR,Master's,Full-Time,Onsite,2020-03-02,6.5,57400,Meets Expectations,1,Very Dissatisfied,4,No,None,26,1,0.4,15,Yes,36-45,50K-75K,5-10 Years
EMP13418,Divya,Iyer,Female,45,Customer Support,Customer Success Specialist,Mumbai,Master's,Contract,Remote,2017-05-15,9.3,58800,Needs Improvement,1,Very Dissatisfied,3,No,None,38,0,0.4,22,No,36-45,50K-75K,5-10 Years
EMP13419,Priya,Sharma,Female,38,Sales,Sales Manager,Mumbai,Bachelor's,Contract,Hybrid,2014-07-27,12.1,76100,Meets Expectations,5,Very Satisfied,4,No,None,2,0,5.0,7,No,36-45,75K-100K,10+ Years
EMP13420,Neha,Gupta,Female,27,Technology,Software Engineer,Bengaluru,Master's,Full-Time,Onsite,2026-06-20,0.2,65700,Meets Expectations,2,Dissatisfied,2,No,Rarely,39,1,11.5,5,No,26-35,50K-75K,<1 Year
EMP13421,Pooja,Das,Female,27,Human Resources,HR Manager,Kolkata,Bachelor's,Full-Time,Hybrid,2018-09-01,8.0,88200,Meets Expectations,1,Very Dissatisfied,3,Yes,None,27,3,6.9,3,No,26-35,75K-100K,5-10 Years
EMP13422,Priya,Iyer,Male,27,Operations,Operations Manager,Mumbai,MBA,Full-Time,Hybrid,2016-10-08,9.9,38800,Needs Improvement,2,Dissatisfied,2,No,None,0,3,1.4,14,No,26-35,<50K,5-10 Years
EMP13423,Aisha,Sharma,Male,45,Marketing,Marketing Executive,Kolkata,Master's,Full-Time,Remote,2015-11-14,10.8,79400,Meets Expectations,3,Neutral,1,No,Rarely,23,2,7.0,10,No,36-45,75K-100K,10+ Years
EMP13424,Priya,Das,Male,55,Finance,Accountant,Ahmedabad,Bachelor's,Full-Time,Hybrid,2020-12-20,5.7,71200,Needs Improvement,3,Neutral,1,No,None,5,1,10.8,21,No,46-55,50K-75K,5-10 Years
EMP13425,Ananya,Verma,Female,56,Marketing,Marketing Executive,Ahmedabad,Bachelor's,Full-Time,Hybrid,2022-01-25,4.6,78300,Meets Expectations,4,Satisfied,1,No,Frequently,32,3,7.0,3,No,56+,75K-100K,3-5 Years
EMP13426,Pooja,Nair,Female,33,Customer Support,Customer Success Specialist,Ahmedabad,Master's,Full-Time,Onsite,2023-10-08,2.9,36000,Meets Expectations,5,Very Satisfied,4,No,None,11,3,3.5,6,No,26-35,<50K,1-3 Years
EMP13427,Vikram,Iyer,Male,24,Human Resources,HR Analyst,Kolkata,Bachelor's,Full-Time,Onsite,2018-03-03,8.5,89200,Exceeds Expectations,2,Dissatisfied,1,No,None,2,3,11.7,19,Yes,21-25,75K-100K,5-10 Years
EMP13428,Arjun,Iyer,Male,46,Customer Support,Support Executive,Pune,Bachelor's,Contract,Onsite,2012-11-13,13.8,68500,Exceeds Expectations,2,Dissatisfied,3,Yes,None,34,0,11.3,9,No,46-55,50K-75K,10+ Years
EMP13429,Neha,Kumar,Male,22,Operations,Operations Manager,Pune,Master's,Full-Time,Hybrid,2013-03-03,13.5,60900,Outstanding,1,Very Dissatisfied,1,Yes,None,22,0,5.8,10,No,21-25,50K-75K,10+ Years
EMP13430,Priya,Rao,Female,46,Finance,Finance Manager,Delhi NCR,Master's,Full-Time,Hybrid,2021-03-03,5.5,78600,Needs Improvement,1,Very Dissatisfied,2,No,None,25,0,10.1,9,No,46-55,75K-100K,5-10 Years
EMP13431,Priya,Singh,Male,36,Technology,Software Engineer,Bengaluru,Bachelor's,Full-Time,Onsite,2022-09-01,4.0,103100,Meets Expectations,1,Very Dissatisfied,2,No,Rarely,34,3,3.8,16,Yes,36-45,100K-150K,3-5 Years
EMP13432,Vikram,Rao,Female,54,Operations,Operations Executive,Mumbai,Bachelor's,Full-Time,Onsite,2014-10-08,11.9,63600,Meets Expectations,1,Very Dissatisfied,2,No,None,23,2,2.8,12,No,46-55,50K-75K,10+ Years
EMP13433,Neha,Rao,Male,46,Technology,Software Engineer,Delhi NCR,Master's,Full-Time,Hybrid,2015-10-08,10.9,96700,Needs Improvement,3,Neutral,3,No,Frequently,32,1,5.5,2,No,46-55,75K-100K,10+ Years
EMP13434,Sanjay,Joshi,Male,50,Finance,Finance Manager,Pune,Bachelor's,Full-Time,Onsite,2018-12-20,7.7,83200,Meets Expectations,4,Satisfied,5,Yes,None,24,2,10.7,8,No,46-55,75K-100K,5-10 Years
EMP13435,Kavya,Joshi,Male,37,Technology,Data Analyst,Hyderabad,Diploma,Full-Time,Remote,2020-09-01,6.0,118800,Meets Expectations,5,Very Satisfied,4,No,Rarely,1,0,9.2,14,No,36-45,100K-150K,5-10 Years
EMP13436,Aarav,Nair,Male,54,Marketing,Marketing Executive,Bengaluru,Bachelor's,Full-Time,Hybrid,2024-09-01,2.0,75400,Needs Improvement,2,Dissatisfied,2,No,None,38,1,12.0,12,No,46-55,75K-100K,1-3 Years
EMP13437,Meera,Gupta,Male,42,Finance,Financial Analyst,Delhi NCR,Bachelor's,Full-Time,Hybrid,2014-11-14,11.8,60200,Exceeds Expectations,2,Dissatisfied,5,Yes,None,39,2,9.5,14,Yes,36-45,50K-75K,10+ Years
EMP13438,Aisha,Reddy,Male,46,Marketing,Content Specialist,Bengaluru,MBA,Full-Time,Remote,2017-05-15,9.3,91200,Meets Expectations,4,Satisfied,5,No,None,11,3,9.5,14,No,46-55,75K-100K,5-10 Years
EMP13439,Sanjay,Singh,Female,35,Customer Support,Customer Success Specialist,Kolkata,Master's,Full-Time,Hybrid,2020-11-13,5.8,40600,Meets Expectations,4,Satisfied,4,Yes,None,26,2,10.2,3,No,26-35,<50K,5-10 Years
EMP13440,Arjun,Patel,Female,38,Operations,Operations Manager,Hyderabad,MBA,Full-Time,Hybrid,2012-11-13,13.8,44900,Meets Expectations,4,Satisfied,2,No,Rarely,5,0,0.7,6,No,36-45,<50K,10+ Years
EMP13441,Divya,Reddy,Female,54,Customer Support,Customer Success Specialist,Kolkata,MBA,Full-Time,Hybrid,2016-09-01,10.0,70800,Meets Expectations,1,Very Dissatisfied,1,No,None,11,0,8.6,1,No,46-55,50K-75K,5-10 Years
EMP13442,Priya,Gupta,Male,36,Sales,Sales Executive,Delhi NCR,Bachelor's,Full-Time,Onsite,2012-09-01,14.0,49000,Meets Expectations,1,Very Dissatisfied,5,No,None,24,1,1.1,14,No,36-45,<50K,10+ Years
EMP13443,Sanjay,Gupta,Male,21,Human Resources,HR Analyst,Pune,Bachelor's,Full-Time,Onsite,2019-06-21,7.2,47000,Outstanding,3,Neutral,5,Yes,Frequently,14,3,6.1,7,Yes,21-25,<50K,5-10 Years
EMP13444,Meera,Sharma,Female,36,Technology,Software Engineer,Pune,Diploma,Full-Time,Hybrid,2019-10-08,6.9,98000,Needs Improvement,3,Neutral,3,Yes,None,39,3,5.8,4,No,36-45,75K-100K,5-10 Years
EMP13445,Meera,Rao,Male,36,Customer Support,Support Analyst,Mumbai,Bachelor's,Contract,Onsite,2012-07-26,14.1,64300,Outstanding,2,Dissatisfied,3,No,None,3,0,9.1,16,No,36-45,50K-75K,10+ Years
EMP13446,Kiran,Verma,Female,37,Marketing,Digital Marketing Analyst,Mumbai,Bachelor's,Full-Time,Hybrid,2012-04-08,14.4,46700,Needs Improvement,5,Very Satisfied,3,Yes,None,29,3,11.3,5,No,36-45,<50K,10+ Years
EMP13447,Kavya,Rao,Female,23,Finance,Accountant,Kolkata,Master's,Full-Time,Onsite,2012-04-08,14.4,77400,Exceeds Expectations,1,Very Dissatisfied,5,No,None,25,0,2.2,3,No,21-25,75K-100K,10+ Years
EMP13448,Rohit,Kumar,Male,26,Human Resources,HR Executive,Kolkata,Diploma,Contract,Hybrid,2014-05-15,12.3,45500,Meets Expectations,2,Dissatisfied,2,No,None,36,1,11.2,1,No,26-35,<50K,10+ Years
EMP13449,Aarav,Sharma,Male,33,Marketing,Content Specialist,Mumbai,Master's,Contract,Hybrid,2019-09-02,7.0,65900,Meets Expectations,4,Satisfied,4,No,Rarely,33,0,8.6,7,No,26-35,50K-75K,5-10 Years
EMP13450,Nikhil,Kumar,Male,37,Human Resources,HR Executive,Hyderabad,Bachelor's,Contract,Onsite,2023-05-15,3.3,59300,Meets Expectations,3,Neutral,5,No,Rarely,36,1,7.4,19,No,36-45,50K-75K,3-5 Years
EMP13451,Rahul,Iyer,Male,22,Human Resources,Recruiter,Ahmedabad,Master's,Full-Time,Onsite,2020-10-08,5.9,48900,Meets Expectations,2,Dissatisfied,2,No,Rarely,32,2,8.9,6,No,21-25,<50K,5-10 Years
EMP13452,Ananya,Joshi,Male,36,Sales,Business Development Executive,Chennai,Master's,Full-Time,Hybrid,2012-07-26,14.1,82600,Meets Expectations,3,Neutral,2,No,None,8,0,2.8,9,No,36-45,75K-100K,10+ Years
EMP13453,Nikhil,Nair,Female,33,Human Resources,Recruiter,Kolkata,Bachelor's,Full-Time,Onsite,2021-01-25,5.6,74000,Meets Expectations,3,Neutral,1,No,None,17,3,0.9,11,No,26-35,50K-75K,5-10 Years
EMP13454,Rahul,Patel,Male,22,Finance,Finance Manager,Pune,Bachelor's,Full-Time,Onsite,2015-04-09,11.4,98100,Meets Expectations,2,Dissatisfied,4,No,Rarely,28,0,2.7,6,No,21-25,75K-100K,10+ Years
EMP13455,Sanjay,Sharma,Male,31,Operations,Process Associate,Pune,Bachelor's,Contract,Onsite,2012-10-08,13.9,78300,Needs Improvement,4,Satisfied,2,No,None,40,3,4.4,17,No,26-35,75K-100K,10+ Years
EMP13456,Neha,Joshi,Male,32,Customer Support,Support Executive,Mumbai,Master's,Full-Time,Hybrid,2012-01-26,14.6,68200,Outstanding,4,Satisfied,1,No,None,35,0,5.3,15,Yes,26-35,50K-75K,10+ Years
EMP13457,Sneha,Rao,Male,26,Operations,Process Associate,Delhi NCR,Master's,Full-Time,Hybrid,2012-06-20,14.2,71200,Meets Expectations,1,Very Dissatisfied,3,Yes,None,26,0,1.6,0,No,26-35,50K-75K,10+ Years
EMP13458,Sneha,Verma,Female,51,Sales,Sales Manager,Bengaluru,Bachelor's,Full-Time,Hybrid,2018-04-08,8.4,53400,Exceeds Expectations,1,Very Dissatisfied,3,No,Rarely,4,2,9.1,8,No,46-55,50K-75K,5-10 Years
EMP13459,Aditya,Iyer,Male,23,Operations,Operations Analyst,Kolkata,MBA,Full-Time,Hybrid,2019-03-03,7.5,74800,Meets Expectations,5,Very Satisfied,1,Yes,None,17,0,6.7,18,No,21-25,50K-75K,5-10 Years
EMP13460,Vihaan,Iyer,Female,44,Finance,Accountant,Mumbai,Master's,Full-Time,Hybrid,2011-11-14,14.8,79200,Needs Improvement,2,Dissatisfied,4,No,Frequently,26,3,8.0,11,No,36-45,75K-100K,10+ Years
EMP13461,Sneha,Verma,Female,47,Finance,Finance Manager,Kolkata,Bachelor's,Full-Time,Remote,2023-04-09,3.4,64600,Meets Expectations,1,Very Dissatisfied,3,No,None,31,3,1.2,2,No,46-55,50K-75K,3-5 Years
EMP13462,Ananya,Nair,Female,53,Customer Support,Team Lead,Mumbai,Master's,Full-Time,Hybrid,2023-09-02,3.0,47200,Meets Expectations,3,Neutral,3,No,Frequently,11,0,6.1,8,No,46-55,<50K,1-3 Years
EMP13463,Sneha,Verma,Male,42,Customer Support,Support Analyst,Mumbai,Bachelor's,Full-Time,Remote,2012-03-02,14.5,43900,Meets Expectations,2,Dissatisfied,2,No,None,19,1,10.5,8,No,36-45,<50K,10+ Years
EMP13464,Vikram,Singh,Male,42,Sales,Sales Executive,Delhi NCR,Bachelor's,Full-Time,Hybrid,2016-04-08,10.4,60800,Needs Improvement,5,Very Satisfied,4,No,Rarely,33,3,10.4,6,No,36-45,50K-75K,10+ Years
EMP13465,Aditya,Kumar,Female,51,Finance,Accountant,Mumbai,Master's,Full-Time,Onsite,2018-07-27,8.1,94500,Meets Expectations,5,Very Satisfied,4,No,None,34,3,8.5,5,No,46-55,75K-100K,5-10 Years
EMP13466,Vikram,Sharma,Male,55,Operations,Operations Manager,Hyderabad,Bachelor's,Contract,Hybrid,2024-06-20,2.2,59300,Meets Expectations,1,Very Dissatisfied,4,No,Frequently,9,1,7.4,22,No,46-55,50K-75K,1-3 Years
EMP13467,Sneha,Iyer,Male,29,Human Resources,HR Analyst,Pune,MBA,Full-Time,Remote,2018-11-14,7.8,55500,Outstanding,1,Very Dissatisfied,2,No,None,10,1,11.1,17,No,26-35,50K-75K,5-10 Years
EMP13468,Divya,Joshi,Male,52,Technology,IT Support Specialist,Ahmedabad,Master's,Contract,Onsite,2012-06-20,14.2,64600,Meets Expectations,4,Satisfied,3,Yes,Frequently,15,0,1.5,0,Yes,46-55,50K-75K,10+ Years
EMP13469,Priya,Singh,Male,39,Human Resources,Recruiter,Pune,Bachelor's,Full-Time,Onsite,2017-07-27,9.1,85100,Meets Expectations,2,Dissatisfied,2,No,Rarely,26,3,0.7,20,No,36-45,75K-100K,5-10 Years
EMP13470,Nikhil,Nair,Female,24,Customer Support,Support Executive,Chennai,Bachelor's,Full-Time,Onsite,2020-06-20,6.2,48400,Meets Expectations,1,Very Dissatisfied,2,No,Rarely,27,0,8.8,7,No,21-25,<50K,5-10 Years
EMP13471,Vikram,Reddy,Female,45,Technology,BI Analyst,Bengaluru,Diploma,Full-Time,Onsite,2018-04-08,8.4,89500,Meets Expectations,3,Neutral,5,No,None,31,0,4.4,5,No,36-45,75K-100K,5-10 Years
EMP13472,Aarav,Reddy,Female,60,Operations,Operations Executive,Chennai,Bachelor's,Full-Time,Onsite,2013-05-15,13.3,71900,Outstanding,4,Satisfied,2,No,None,22,1,1.8,15,No,56+,50K-75K,10+ Years
EMP13473,Arjun,Joshi,Female,26,Operations,Operations Analyst,Kolkata,Bachelor's,Contract,Hybrid,2012-12-20,13.7,75700,Meets Expectations,5,Very Satisfied,2,Yes,Frequently,37,1,11.3,21,No,26-35,75K-100K,10+ Years
EMP13474,Vikram,Iyer,Female,21,Customer Support,Customer Success Specialist,Delhi NCR,Bachelor's,Full-Time,Hybrid,2020-07-26,6.1,52000,Needs Improvement,3,Neutral,4,No,Frequently,4,0,0.4,10,No,21-25,50K-75K,5-10 Years
EMP13475,Sneha,Gupta,Male,57,Finance,Senior Accountant,Hyderabad,MBA,Full-Time,Onsite,2017-06-20,9.2,85700,Needs Improvement,4,Satisfied,4,No,None,21,0,9.5,21,No,56+,75K-100K,5-10 Years
EMP13476,Priya,Rao,Male,44,Technology,IT Support Specialist,Ahmedabad,Bachelor's,Full-Time,Hybrid,2022-05-15,4.3,75300,Needs Improvement,3,Neutral,2,No,None,9,2,5.0,11,No,36-45,75K-100K,3-5 Years
EMP13477,Rohit,Gupta,Female,29,Human Resources,HR Analyst,Delhi NCR,Master's,Full-Time,Remote,2019-10-08,6.9,89100,Meets Expectations,4,Satisfied,1,Yes,None,22,2,4.7,11,Yes,26-35,75K-100K,5-10 Years
EMP13478,Ananya,Sharma,Female,52,Human Resources,Recruiter,Delhi NCR,Master's,Full-Time,Hybrid,2023-03-03,3.5,70600,Exceeds Expectations,5,Very Satisfied,4,No,None,36,0,5.1,13,No,46-55,50K-75K,3-5 Years
EMP13479,Rahul,Patel,Female,36,Finance,Finance Manager,Kolkata,Bachelor's,Full-Time,Remote,2018-07-27,8.1,90800,Needs Improvement,5,Very Satisfied,5,Yes,None,36,1,4.3,21,No,36-45,75K-100K,5-10 Years
EMP13480,Vihaan,Patel,Male,34,Operations,Operations Manager,Delhi NCR,Bachelor's,Full-Time,Hybrid,2017-11-13,8.8,42600,Meets Expectations,4,Satisfied,1,Yes,Frequently,40,3,1.5,17,No,26-35,<50K,5-10 Years
EMP13481,Kiran,Verma,Male,32,Operations,Operations Manager,Kolkata,Bachelor's,Full-Time,Onsite,2021-06-20,5.2,66200,Outstanding,5,Very Satisfied,2,No,None,20,3,8.6,15,Yes,26-35,50K-75K,5-10 Years
EMP13482,Arjun,Joshi,Female,44,Technology,IT Support Specialist,Delhi NCR,Bachelor's,Full-Time,Onsite,2022-06-20,4.2,84400,Meets Expectations,1,Very Dissatisfied,5,Yes,Frequently,28,0,6.3,2,No,36-45,75K-100K,3-5 Years
EMP13483,Ananya,Reddy,Male,26,Operations,Process Associate,Ahmedabad,Bachelor's,Full-Time,Hybrid,2024-04-08,2.4,57800,Meets Expectations,4,Satisfied,4,No,Frequently,19,0,4.9,4,No,26-35,50K-75K,1-3 Years
EMP13484,Aisha,Rao,Female,35,Technology,IT Support Specialist,Delhi NCR,Bachelor's,Contract,Remote,2024-05-14,2.3,106400,Outstanding,5,Very Satisfied,4,No,None,0,2,6.5,1,No,26-35,100K-150K,1-3 Years
EMP13485,Arjun,Das,Male,33,Finance,Financial Analyst,Kolkata,Master's,Full-Time,Onsite,2015-12-20,10.7,95300,Needs Improvement,5,Very Satisfied,2,No,None,11,1,5.9,9,Yes,26-35,75K-100K,10+ Years
EMP13486,Aarav,Das,Female,23,Sales,Account Manager,Mumbai,Bachelor's,Full-Time,Hybrid,2023-03-03,3.5,55400,Meets Expectations,2,Dissatisfied,3,No,None,30,2,3.1,7,No,21-25,50K-75K,3-5 Years
EMP13487,Vihaan,Joshi,Male,51,Finance,Accountant,Pune,Bachelor's,Full-Time,Hybrid,2024-10-08,1.9,99800,Needs Improvement,3,Neutral,1,No,None,2,1,2.0,0,No,46-55,75K-100K,1-3 Years
EMP13488,Rahul,Singh,Female,21,Customer Support,Support Analyst,Mumbai,Bachelor's,Full-Time,Remote,2011-09-02,15.0,40700,Meets Expectations,4,Satisfied,5,Yes,Rarely,26,3,9.6,10,No,21-25,<50K,10+ Years
EMP13489,Arjun,Iyer,Female,59,Human Resources,Recruiter,Bengaluru,Bachelor's,Full-Time,Remote,2022-09-01,4.0,70400,Meets Expectations,1,Very Dissatisfied,3,No,Rarely,18,0,8.6,5,No,56+,50K-75K,3-5 Years
EMP13490,Divya,Reddy,Female,24,Marketing,Marketing Manager,Chennai,Bachelor's,Full-Time,Onsite,2013-03-03,13.5,51400,Meets Expectations,4,Satisfied,4,Yes,None,16,2,2.5,18,No,21-25,50K-75K,10+ Years
EMP13491,Rahul,Das,Male,35,Sales,Account Manager,Delhi NCR,Bachelor's,Full-Time,Onsite,2017-06-20,9.2,52500,Outstanding,2,Dissatisfied,5,No,Frequently,30,3,1.6,9,No,26-35,50K-75K,5-10 Years
EMP13492,Kavya,Kumar,Male,24,Marketing,Digital Marketing Analyst,Kolkata,Master's,Full-Time,Onsite,2015-11-14,10.8,90200,Outstanding,5,Very Satisfied,1,No,None,9,2,6.7,0,No,21-25,75K-100K,10+ Years
EMP13493,Kavya,Nair,Male,35,Finance,Accountant,Chennai,Bachelor's,Full-Time,Onsite,2018-03-03,8.5,49400,Needs Improvement,4,Satisfied,5,No,None,10,0,7.9,16,No,26-35,<50K,5-10 Years
EMP13494,Rahul,Joshi,Female,45,Operations,Process Associate,Chennai,Bachelor's,Full-Time,Remote,2023-10-08,2.9,78700,Meets Expectations,2,Dissatisfied,2,Yes,Frequently,6,3,7.1,14,Yes,36-45,75K-100K,1-3 Years
EMP13495,Aditya,Nair,Male,24,Customer Support,Customer Success Specialist,Mumbai,Diploma,Full-Time,Hybrid,2013-12-20,12.7,45000,Needs Improvement,1,Very Dissatisfied,2,No,None,4,0,3.4,16,Yes,21-25,<50K,10+ Years
EMP13496,Arjun,Kumar,Female,42,Human Resources,HR Executive,Bengaluru,Diploma,Contract,Remote,2014-03-03,12.5,77100,Meets Expectations,4,Satisfied,3,No,None,3,3,8.8,7,No,36-45,75K-100K,10+ Years
EMP13497,Pooja,Joshi,Male,51,Sales,Business Development Executive,Delhi NCR,Bachelor's,Contract,Hybrid,2021-04-08,5.4,43300,Meets Expectations,3,Neutral,2,No,None,4,2,2.7,21,No,46-55,<50K,5-10 Years
EMP13498,Nikhil,Iyer,Female,39,Human Resources,HR Executive,Chennai,Master's,Full-Time,Hybrid,2015-03-03,11.5,74300,Needs Improvement,4,Satisfied,2,Yes,None,26,3,6.2,10,Yes,36-45,50K-75K,10+ Years
EMP13499,Aarav,Rao,Male,25,Sales,Sales Manager,Delhi NCR,Master's,Contract,Onsite,2018-06-20,8.2,81600,Exceeds Expectations,1,Very Dissatisfied,4,No,None,12,0,2.4,14,No,21-25,75K-100K,5-10 Years
EMP13500,Sneha,Patel,Female,48,Human Resources,HR Manager,Delhi NCR,Bachelor's,Full-Time,Hybrid,2012-12-20,13.7,70000,Exceeds Expectations,3,Neutral,2,No,Rarely,13,0,4.3,13,No,46-55,50K-75K,10+ Years
EMP13501,Nikhil,Gupta,Male,28,Sales,Account Manager,Bengaluru,Bachelor's,Contract,Hybrid,2014-07-27,12.1,55900,Meets Expectations,4,Satisfied,4,No,None,30,3,6.1,13,No,26-35,50K-75K,10+ Years
EMP13502,Arjun,Iyer,Female,21,Marketing,Digital Marketing Analyst,Mumbai,Bachelor's,Full-Time,Hybrid,2025-11-13,0.8,84900,Needs Improvement,5,Very Satisfied,2,Yes,Rarely,21,2,7.0,5,No,21-25,75K-100K,<1 Year
EMP13503,Arjun,Iyer,Female,38,Finance,Accountant,Pune,Bachelor's,Contract,Hybrid,2013-06-20,13.2,90400,Meets Expectations,2,Dissatisfied,2,Yes,None,3,2,1.5,10,No,36-45,75K-100K,10+ Years
EMP13504,Neha,Reddy,Male,31,Technology,Software Engineer,Mumbai,Bachelor's,Full-Time,Hybrid,2012-03-02,14.5,66800,Needs Improvement,2,Dissatisfied,1,Yes,None,21,2,4.4,4,Yes,26-35,50K-75K,10+ Years
EMP13505,Rohit,Reddy,Female,22,Sales,Sales Executive,Delhi NCR,Bachelor's,Contract,Onsite,2015-06-21,11.2,70200,Outstanding,4,Satisfied,5,No,Frequently,27,3,6.5,5,Yes,21-25,50K-75K,10+ Years
EMP13506,Aarav,Verma,Male,52,Customer Support,Support Executive,Chennai,Bachelor's,Contract,Onsite,2024-09-01,2.0,58000,Exceeds Expectations,2,Dissatisfied,1,No,Rarely,24,3,9.6,17,No,46-55,50K-75K,1-3 Years
EMP13507,Aisha,Joshi,Female,44,Operations,Operations Analyst,Mumbai,Master's,Full-Time,Hybrid,2014-07-27,12.1,71300,Needs Improvement,5,Very Satisfied,3,No,Rarely,35,0,3.2,18,No,36-45,50K-75K,10+ Years
EMP13508,Arjun,Sharma,Female,57,Operations,Operations Manager,Bengaluru,Bachelor's,Contract,Hybrid,2016-11-13,9.8,51700,Meets Expectations,4,Satisfied,2,No,None,24,2,9.5,19,No,56+,50K-75K,5-10 Years
EMP13509,Divya,Nair,Female,40,Sales,Sales Executive,Chennai,Bachelor's,Full-Time,Onsite,2021-06-20,5.2,57800,Meets Expectations,5,Very Satisfied,5,Yes,None,33,2,11.6,13,Yes,36-45,50K-75K,5-10 Years
EMP13510,Priya,Patel,Male,38,Finance,Senior Accountant,Delhi NCR,Bachelor's,Full-Time,Onsite,2013-05-15,13.3,104900,Exceeds Expectations,1,Very Dissatisfied,1,No,Frequently,21,0,7.8,6,No,36-45,100K-150K,10+ Years
EMP13511,Ananya,Patel,Male,54,Customer Support,Support Analyst,Mumbai,Master's,Full-Time,Remote,2018-01-25,8.6,54400,Meets Expectations,1,Very Dissatisfied,3,No,Frequently,26,1,8.9,2,No,46-55,50K-75K,5-10 Years
EMP13512,Neha,Joshi,Female,24,Marketing,Marketing Executive,Hyderabad,Bachelor's,Full-Time,Hybrid,2013-11-13,12.8,70000,Needs Improvement,5,Very Satisfied,3,No,Rarely,6,1,9.7,14,No,21-25,50K-75K,10+ Years
EMP13513,Rahul,Patel,Male,35,Sales,Business Development Executive,Chennai,Bachelor's,Full-Time,Onsite,2016-07-26,10.1,85200,Meets Expectations,2,Dissatisfied,5,No,None,40,2,10.4,20,No,26-35,75K-100K,10+ Years
EMP13514,Kavya,Kumar,Female,52,Sales,Sales Executive,Pune,MBA,Full-Time,Hybrid,2022-03-03,4.5,49700,Meets Expectations,2,Dissatisfied,1,No,None,1,1,1.4,11,No,46-55,<50K,3-5 Years
EMP13515,Arjun,Iyer,Female,32,Technology,BI Analyst,Ahmedabad,Bachelor's,Full-Time,Onsite,2012-01-26,14.6,86400,Meets Expectations,2,Dissatisfied,5,No,None,39,2,3.9,6,No,26-35,75K-100K,10+ Years
EMP13516,Kiran,Joshi,Male,56,Customer Support,Customer Success Specialist,Ahmedabad,Bachelor's,Contract,Onsite,2017-12-20,8.7,61700,Needs Improvement,3,Neutral,1,No,None,23,2,6.2,13,No,56+,50K-75K,5-10 Years
EMP13517,Priya,Iyer,Male,32,Technology,BI Analyst,Hyderabad,Bachelor's,Full-Time,Onsite,2018-11-14,7.8,108600,Meets Expectations,5,Very Satisfied,2,Yes,None,13,0,4.2,3,No,26-35,100K-150K,5-10 Years
EMP13518,Vikram,Gupta,Male,37,Customer Support,Team Lead,Pune,MBA,Full-Time,Onsite,2020-06-20,6.2,69700,Exceeds Expectations,4,Satisfied,5,Yes,None,17,1,2.8,19,No,36-45,50K-75K,5-10 Years
EMP13519,Meera,Patel,Female,56,Marketing,Content Specialist,Mumbai,Bachelor's,Full-Time,Remote,2024-06-20,2.2,77700,Outstanding,1,Very Dissatisfied,2,Yes,None,3,1,11.0,8,No,56+,75K-100K,1-3 Years
EMP13520,Aarav,Nair,Female,30,Customer Support,Customer Success Specialist,Pune,Master's,Full-Time,Onsite,2016-04-08,10.4,44400,Meets Expectations,5,Very Satisfied,3,No,Rarely,16,3,9.3,13,No,26-35,<50K,10+ Years
EMP13521,Vihaan,Das,Female,59,Operations,Operations Manager,Delhi NCR,Master's,Full-Time,Hybrid,2020-01-26,6.6,55400,Needs Improvement,3,Neutral,2,Yes,Rarely,2,0,2.8,15,Yes,56+,50K-75K,5-10 Years
EMP13522,Aarav,Singh,Male,22,Finance,Senior Accountant,Hyderabad,MBA,Full-Time,Remote,2012-09-01,14.0,54000,Exceeds Expectations,4,Satisfied,5,No,Rarely,17,3,3.0,19,No,21-25,50K-75K,10+ Years
EMP13523,Meera,Verma,Male,31,Operations,Operations Manager,Kolkata,Diploma,Full-Time,Onsite,2012-03-02,14.5,79100,Meets Expectations,2,Dissatisfied,1,No,None,5,3,7.7,7,No,26-35,75K-100K,10+ Years
EMP13524,Nikhil,Iyer,Female,44,Technology,IT Support Specialist,Pune,Bachelor's,Full-Time,Hybrid,2015-01-26,11.6,67500,Meets Expectations,1,Very Dissatisfied,5,No,None,4,2,5.7,10,No,36-45,50K-75K,10+ Years
EMP13525,Pooja,Verma,Female,44,Finance,Accountant,Bengaluru,Bachelor's,Full-Time,Hybrid,2022-11-14,3.8,80700,Needs Improvement,3,Neutral,2,No,Frequently,29,3,3.8,8,No,36-45,75K-100K,3-5 Years
EMP13526,Ananya,Das,Male,57,Technology,Data Analyst,Pune,MBA,Contract,Onsite,2015-11-14,10.8,86700,Needs Improvement,2,Dissatisfied,3,Yes,None,7,1,10.1,1,Yes,56+,75K-100K,10+ Years
EMP13527,Pooja,Sharma,Male,59,Sales,Sales Manager,Ahmedabad,Bachelor's,Full-Time,Onsite,2026-03-03,0.5,45300,Meets Expectations,1,Very Dissatisfied,2,No,Frequently,13,0,11.2,7,No,56+,<50K,<1 Year
EMP13528,Isha,Joshi,Male,48,Sales,Business Development Executive,Pune,Diploma,Contract,Hybrid,2014-04-08,12.4,52700,Needs Improvement,4,Satisfied,4,No,None,27,3,4.5,3,No,46-55,50K-75K,10+ Years
EMP13529,Vihaan,Iyer,Female,47,Technology,IT Support Specialist,Pune,Bachelor's,Full-Time,Hybrid,2019-03-03,7.5,103000,Needs Improvement,5,Very Satisfied,4,No,Rarely,20,0,7.8,17,No,46-55,100K-150K,5-10 Years
EMP13530,Divya,Reddy,Male,33,Sales,Sales Manager,Bengaluru,Bachelor's,Contract,Onsite,2012-07-26,14.1,40500,Meets Expectations,5,Very Satisfied,1,No,None,21,3,4.2,14,No,26-35,<50K,10+ Years
EMP13531,Ananya,Rao,Male,53,Finance,Finance Manager,Bengaluru,Bachelor's,Full-Time,Hybrid,2020-11-13,5.8,105300,Meets Expectations,2,Dissatisfied,2,Yes,Rarely,18,2,11.5,2,Yes,46-55,100K-150K,5-10 Years
EMP13532,Priya,Patel,Female,46,Sales,Sales Manager,Ahmedabad,MBA,Full-Time,Hybrid,2022-07-27,4.1,81500,Meets Expectations,4,Satisfied,4,No,Frequently,24,2,5.0,8,No,46-55,75K-100K,3-5 Years
EMP13533,Rahul,Verma,Male,21,Sales,Account Manager,Delhi NCR,Bachelor's,Full-Time,Hybrid,2011-10-08,14.9,43000,Meets Expectations,3,Neutral,3,No,None,26,2,2.6,0,No,21-25,<50K,10+ Years
EMP13534,Isha,Joshi,Male,54,Customer Support,Customer Success Specialist,Mumbai,Bachelor's,Full-Time,Remote,2018-07-27,8.1,65900,Needs Improvement,3,Neutral,3,Yes,Rarely,5,2,4.9,10,No,46-55,50K-75K,5-10 Years
EMP13535,Vihaan,Kumar,Female,35,Sales,Account Manager,Bengaluru,Master's,Contract,Hybrid,2013-09-01,13.0,54400,Needs Improvement,4,Satisfied,2,Yes,Frequently,39,3,4.0,5,No,26-35,50K-75K,10+ Years
EMP13536,Aditya,Nair,Female,40,Sales,Business Development Executive,Hyderabad,Bachelor's,Contract,Onsite,2012-12-20,13.7,42200,Needs Improvement,2,Dissatisfied,4,No,Rarely,33,0,6.2,17,No,36-45,<50K,10+ Years
EMP13537,Rahul,Reddy,Female,40,Sales,Sales Manager,Pune,Bachelor's,Full-Time,Onsite,2018-10-08,7.9,53300,Needs Improvement,2,Dissatisfied,5,No,None,17,1,1.3,21,No,36-45,50K-75K,5-10 Years
EMP13538,Isha,Singh,Non-Binary,53,Sales,Business Development Executive,Ahmedabad,Bachelor's,Full-Time,Hybrid,2019-10-08,6.9,76900,Needs Improvement,3,Neutral,1,Yes,None,15,1,7.5,14,No,46-55,75K-100K,5-10 Years
EMP13539,Isha,Verma,Female,31,Human Resources,HR Executive,Mumbai,Bachelor's,Contract,Hybrid,2018-04-08,8.4,75600,Needs Improvement,4,Satisfied,4,No,Frequently,29,0,9.3,3,Yes,26-35,75K-100K,5-10 Years
EMP13540,Kiran,Rao,Male,36,Operations,Process Associate,Kolkata,MBA,Full-Time,Hybrid,2013-12-20,12.7,48200,Outstanding,3,Neutral,5,No,Rarely,25,2,3.3,16,No,36-45,<50K,10+ Years
EMP13541,Ananya,Reddy,Male,22,Operations,Operations Manager,Pune,Bachelor's,Full-Time,Hybrid,2012-03-02,14.5,69900,Meets Expectations,2,Dissatisfied,2,No,Frequently,32,1,3.2,11,Yes,21-25,50K-75K,10+ Years
EMP13542,Nikhil,Rao,Male,34,Marketing,Content Specialist,Hyderabad,Bachelor's,Contract,Onsite,2021-07-27,5.1,80400,Needs Improvement,1,Very Dissatisfied,3,No,None,19,3,4.1,0,No,26-35,75K-100K,5-10 Years
EMP13543,Ananya,Singh,Female,24,Sales,Account Manager,Bengaluru,Bachelor's,Full-Time,Remote,2015-07-27,11.1,73800,Needs Improvement,3,Neutral,3,Yes,Rarely,18,0,6.3,1,No,21-25,50K-75K,10+ Years
EMP13544,Aarav,Verma,Female,44,Operations,Operations Analyst,Bengaluru,Master's,Full-Time,Hybrid,2022-04-08,4.4,61800,Meets Expectations,1,Very Dissatisfied,4,Yes,Frequently,19,2,1.4,21,No,36-45,50K-75K,3-5 Years
EMP13545,Nikhil,Patel,Female,56,Sales,Sales Executive,Mumbai,Master's,Full-Time,Hybrid,2017-06-20,9.2,77300,Meets Expectations,3,Neutral,4,No,Frequently,12,3,6.7,17,Yes,56+,75K-100K,5-10 Years
EMP13546,Sanjay,Rao,Female,39,Marketing,Content Specialist,Bengaluru,Bachelor's,Full-Time,Hybrid,2014-07-27,12.1,77000,Needs Improvement,4,Satisfied,5,No,Rarely,31,1,8.0,8,Yes,36-45,75K-100K,10+ Years
EMP13547,Aarav,Iyer,Male,57,Finance,Finance Manager,Ahmedabad,Bachelor's,Full-Time,Hybrid,2013-05-15,13.3,56100,Exceeds Expectations,3,Neutral,3,Yes,None,32,2,11.8,0,No,56+,50K-75K,10+ Years
EMP13548,Kavya,Rao,Male,60,Customer Support,Team Lead,Delhi NCR,Master's,Full-Time,Remote,2019-11-14,6.8,63600,Meets Expectations,3,Neutral,5,No,Rarely,4,3,11.6,16,No,56+,50K-75K,5-10 Years
EMP13549,Vikram,Nair,Male,23,Finance,Financial Analyst,Chennai,MBA,Full-Time,Onsite,2020-12-20,5.7,67700,Exceeds Expectations,2,Dissatisfied,3,No,Rarely,3,1,4.0,10,No,21-25,50K-75K,5-10 Years
EMP13550,Kiran,Patel,Male,41,Marketing,Marketing Executive,Mumbai,Bachelor's,Full-Time,Hybrid,2022-09-01,4.0,80300,Meets Expectations,2,Dissatisfied,2,Yes,None,3,1,8.1,9,Yes,36-45,75K-100K,3-5 Years
EMP13551,Aisha,Nair,Male,42,Human Resources,HR Manager,Delhi NCR,Bachelor's,Full-Time,Hybrid,2024-06-20,2.2,76000,Meets Expectations,5,Very Satisfied,4,No,None,13,1,8.8,0,No,36-45,75K-100K,1-3 Years
EMP13552,Isha,Rao,Female,36,Human Resources,HR Executive,Kolkata,Diploma,Contract,Remote,2021-01-25,5.6,58900,Meets Expectations,5,Very Satisfied,3,No,Frequently,4,1,10.0,4,No,36-45,50K-75K,5-10 Years
EMP13553,Kiran,Gupta,Female,54,Customer Support,Support Analyst,Hyderabad,Bachelor's,Full-Time,Hybrid,2013-07-27,13.1,38500,Needs Improvement,1,Very Dissatisfied,4,Yes,None,23,1,1.2,5,No,46-55,<50K,10+ Years
EMP13554,Meera,Kumar,Female,36,Marketing,Digital Marketing Analyst,Mumbai,Master's,Full-Time,Onsite,2020-04-08,6.4,79800,Meets Expectations,2,Dissatisfied,4,No,None,40,1,1.7,12,No,36-45,75K-100K,5-10 Years
EMP13555,Aarav,Joshi,Male,23,Finance,Senior Accountant,Chennai,Bachelor's,Full-Time,Hybrid,2021-10-08,4.9,98400,Meets Expectations,2,Dissatisfied,1,No,Rarely,28,3,3.7,14,No,21-25,75K-100K,3-5 Years
EMP13556,Priya,Kumar,Female,42,Human Resources,HR Manager,Pune,Diploma,Full-Time,Hybrid,2015-07-27,11.1,84200,Exceeds Expectations,4,Satisfied,3,No,Frequently,38,3,3.4,1,Yes,36-45,75K-100K,10+ Years
EMP13557,Neha,Kumar,Female,29,Marketing,Content Specialist,Delhi NCR,Bachelor's,Full-Time,Onsite,2023-04-09,3.4,76200,Meets Expectations,1,Very Dissatisfied,1,No,Rarely,6,1,9.4,21,No,26-35,75K-100K,3-5 Years
EMP13558,Rahul,Nair,Male,35,Finance,Accountant,Bengaluru,Master's,Full-Time,Hybrid,2022-09-01,4.0,62100,Meets Expectations,4,Satisfied,3,No,None,28,3,9.8,1,Yes,26-35,50K-75K,3-5 Years
EMP13559,Vikram,Patel,Male,41,Technology,BI Analyst,Pune,Bachelor's,Full-Time,Hybrid,2012-07-26,14.1,80700,Needs Improvement,1,Very Dissatisfied,4,Yes,None,29,1,5.7,15,No,36-45,75K-100K,10+ Years
EMP13560,Neha,Iyer,Female,49,Human Resources,Recruiter,Delhi NCR,Bachelor's,Full-Time,Onsite,2025-04-08,1.4,80000,Meets Expectations,5,Very Satisfied,4,Yes,None,18,1,5.8,6,No,46-55,75K-100K,1-3 Years
EMP13561,Vikram,Nair,Female,32,Sales,Business Development Executive,Hyderabad,Bachelor's,Full-Time,Onsite,2020-05-14,6.3,58200,Exceeds Expectations,1,Very Dissatisfied,1,No,None,30,2,6.3,22,No,26-35,50K-75K,5-10 Years
EMP13562,Kiran,Kumar,Female,36,Technology,Software Engineer,Pune,Diploma,Contract,Hybrid,2017-12-20,8.7,109900,Meets Expectations,5,Very Satisfied,5,No,Frequently,3,0,0.6,9,No,36-45,100K-150K,5-10 Years
EMP13563,Sneha,Iyer,Male,23,Finance,Senior Accountant,Kolkata,Bachelor's,Contract,Onsite,2023-01-26,3.6,66900,Outstanding,5,Very Satisfied,4,No,None,25,0,4.9,13,No,21-25,50K-75K,3-5 Years
EMP13564,Arjun,Joshi,Female,36,Operations,Operations Analyst,Chennai,Bachelor's,Full-Time,Onsite,2022-04-08,4.4,37800,Outstanding,4,Satisfied,2,No,None,33,2,1.3,5,Yes,36-45,<50K,3-5 Years
EMP13565,Priya,Patel,Female,44,Operations,Operations Executive,Pune,Bachelor's,Full-Time,Hybrid,2023-03-03,3.5,64700,Needs Improvement,5,Very Satisfied,3,No,Frequently,16,0,1.8,7,No,36-45,50K-75K,3-5 Years
EMP13566,Kiran,Gupta,Male,45,Technology,BI Analyst,Bengaluru,Bachelor's,Full-Time,Onsite,2021-05-15,5.3,100700,Meets Expectations,3,Neutral,1,No,None,7,3,8.3,22,No,36-45,100K-150K,5-10 Years
EMP13567,Rohit,Rao,Female,32,Finance,Senior Accountant,Chennai,Bachelor's,Full-Time,Onsite,2013-03-03,13.5,85500,Exceeds Expectations,4,Satisfied,2,Yes,None,0,1,6.6,19,Yes,26-35,75K-100K,10+ Years
EMP13568,Nikhil,Iyer,Male,23,Technology,Software Engineer,Kolkata,Bachelor's,Full-Time,Remote,2020-01-26,6.6,77300,Meets Expectations,4,Satisfied,4,Yes,None,11,0,5.3,0,Yes,21-25,75K-100K,5-10 Years
EMP13569,Neha,Iyer,Male,44,Operations,Operations Executive,Hyderabad,Master's,Contract,Hybrid,2020-04-08,6.4,74000,Meets Expectations,1,Very Dissatisfied,5,No,None,33,2,9.2,15,No,36-45,50K-75K,5-10 Years
EMP13570,Rahul,Singh,Male,47,Technology,IT Support Specialist,Mumbai,Bachelor's,Full-Time,Onsite,2020-10-08,5.9,92700,Needs Improvement,5,Very Satisfied,3,Yes,None,34,1,7.1,19,No,46-55,75K-100K,5-10 Years
EMP13571,Kavya,Joshi,Male,24,Operations,Process Associate,Kolkata,Master's,Full-Time,Onsite,2012-03-02,14.5,71800,Exceeds Expectations,4,Satisfied,2,No,Frequently,25,0,3.3,14,No,21-25,50K-75K,10+ Years
EMP13572,Rohit,Nair,Female,41,Operations,Operations Executive,Bengaluru,Master's,Contract,Onsite,2024-10-08,1.9,65000,Outstanding,3,Neutral,5,No,Frequently,10,0,8.0,9,No,36-45,50K-75K,1-3 Years
EMP13573,Pooja,Reddy,Male,24,Marketing,Content Specialist,Delhi NCR,Bachelor's,Full-Time,Hybrid,2013-07-27,13.1,65200,Needs Improvement,2,Dissatisfied,3,No,Rarely,10,0,3.6,9,No,21-25,50K-75K,10+ Years
EMP13574,Vikram,Verma,Male,39,Finance,Senior Accountant,Chennai,Bachelor's,Full-Time,Hybrid,2021-09-01,5.0,88500,Outstanding,4,Satisfied,4,Yes,Rarely,34,2,1.5,17,No,36-45,75K-100K,3-5 Years
EMP13575,Nikhil,Singh,Male,46,Customer Support,Team Lead,Hyderabad,Master's,Contract,Onsite,2012-04-08,14.4,54500,Needs Improvement,5,Very Satisfied,4,No,None,23,1,11.5,21,No,46-55,50K-75K,10+ Years
EMP13576,Aisha,Iyer,Male,49,Marketing,Marketing Executive,Delhi NCR,MBA,Full-Time,Remote,2021-10-08,4.9,70200,Meets Expectations,1,Very Dissatisfied,2,No,Frequently,32,1,10.0,20,No,46-55,50K-75K,3-5 Years
EMP13577,Aarav,Kumar,Male,49,Marketing,Marketing Manager,Delhi NCR,Master's,Full-Time,Hybrid,2025-04-08,1.4,77400,Meets Expectations,5,Very Satisfied,1,No,None,15,2,6.7,13,No,46-55,75K-100K,1-3 Years
EMP13578,Pooja,Sharma,Female,51,Operations,Process Associate,Delhi NCR,Master's,Full-Time,Hybrid,2018-10-08,7.9,41400,Needs Improvement,3,Neutral,4,No,None,34,1,1.3,13,No,46-55,<50K,5-10 Years
EMP13579,Rohit,Reddy,Female,30,Customer Support,Team Lead,Hyderabad,Bachelor's,Full-Time,Hybrid,2023-01-26,3.6,67500,Meets Expectations,4,Satisfied,5,No,None,19,1,5.2,16,No,26-35,50K-75K,3-5 Years
EMP13580,Isha,Sharma,Female,54,Sales,Sales Manager,Chennai,Bachelor's,Full-Time,Remote,2015-05-15,11.3,54700,Exceeds Expectations,1,Very Dissatisfied,5,No,None,27,1,7.0,11,No,46-55,50K-75K,10+ Years
EMP13581,Vikram,Rao,Female,34,Customer Support,Support Executive,Bengaluru,Bachelor's,Full-Time,Onsite,2016-10-08,9.9,40900,Meets Expectations,1,Very Dissatisfied,5,Yes,None,34,1,4.1,1,No,26-35,<50K,5-10 Years
EMP13582,Arjun,Joshi,Female,35,Operations,Operations Executive,Delhi NCR,Bachelor's,Full-Time,Onsite,2016-04-08,10.4,72200,Meets Expectations,4,Satisfied,2,No,None,14,1,2.5,14,No,26-35,50K-75K,10+ Years
EMP13583,Aditya,Rao,Male,52,Technology,Data Analyst,Chennai,Bachelor's,Contract,Onsite,2023-07-27,3.1,74700,Meets Expectations,2,Dissatisfied,5,No,None,32,0,6.2,18,Yes,46-55,50K-75K,3-5 Years
EMP13584,Isha,Sharma,Male,34,Finance,Financial Analyst,Mumbai,Bachelor's,Full-Time,Onsite,2015-12-20,10.7,107000,Meets Expectations,2,Dissatisfied,1,No,None,26,2,10.7,22,Yes,26-35,100K-150K,10+ Years
EMP13585,Aarav,Joshi,Female,23,Operations,Operations Executive,Ahmedabad,Master's,Contract,Remote,2021-11-13,4.8,56400,Meets Expectations,4,Satisfied,2,Yes,None,20,1,3.9,6,No,21-25,50K-75K,3-5 Years
EMP13586,Sneha,Joshi,Male,49,Technology,Software Engineer,Hyderabad,MBA,Contract,Hybrid,2011-09-02,15.0,79300,Meets Expectations,2,Dissatisfied,4,No,Rarely,33,0,10.5,1,No,46-55,75K-100K,10+ Years
EMP13587,Sneha,Das,Male,47,Human Resources,HR Manager,Bengaluru,Bachelor's,Full-Time,Onsite,2015-09-02,11.0,45100,Needs Improvement,2,Dissatisfied,2,Yes,None,18,0,4.7,13,Yes,46-55,<50K,10+ Years
EMP13588,Rahul,Reddy,Male,44,Marketing,Marketing Manager,Mumbai,Bachelor's,Full-Time,Onsite,2017-10-08,8.9,45700,Meets Expectations,2,Dissatisfied,1,No,Rarely,30,2,3.5,13,No,36-45,<50K,5-10 Years
EMP13589,Aisha,Kumar,Male,26,Marketing,Marketing Manager,Ahmedabad,Bachelor's,Full-Time,Hybrid,2013-09-01,13.0,48500,Needs Improvement,2,Dissatisfied,1,No,None,3,2,10.4,16,No,26-35,<50K,10+ Years
EMP13590,Vikram,Reddy,Male,46,Customer Support,Team Lead,Hyderabad,Bachelor's,Full-Time,Hybrid,2017-10-08,8.9,32400,Outstanding,4,Satisfied,5,Yes,None,35,1,1.3,11,No,46-55,<50K,5-10 Years
EMP13591,Aisha,Gupta,Male,28,Sales,Account Manager,Kolkata,Bachelor's,Full-Time,Hybrid,2018-04-08,8.4,54300,Meets Expectations,1,Very Dissatisfied,3,No,Rarely,39,2,9.2,15,No,26-35,50K-75K,5-10 Years
EMP13592,Rohit,Patel,Female,43,Finance,Accountant,Kolkata,Bachelor's,Contract,Remote,2022-12-20,3.7,66900,Meets Expectations,5,Very Satisfied,1,No,Rarely,40,3,5.8,18,No,36-45,50K-75K,3-5 Years
EMP13593,Aisha,Sharma,Female,41,Customer Support,Support Executive,Bengaluru,MBA,Full-Time,Hybrid,2016-06-20,10.2,48900,Exceeds Expectations,4,Satisfied,4,No,None,34,2,1.1,5,No,36-45,<50K,10+ Years
EMP13594,Nikhil,Nair,Female,51,Human Resources,HR Analyst,Kolkata,MBA,Full-Time,Onsite,2020-12-20,5.7,53700,Needs Improvement,1,Very Dissatisfied,2,Yes,None,28,0,8.2,2,Yes,46-55,50K-75K,5-10 Years
EMP13595,Sanjay,Nair,Female,60,Technology,Software Engineer,Mumbai,Master's,Contract,Hybrid,2025-11-13,0.8,62900,Needs Improvement,3,Neutral,2,No,Frequently,30,2,4.6,18,No,56+,50K-75K,<1 Year
EMP13596,Isha,Verma,Female,28,Finance,Finance Manager,Hyderabad,Bachelor's,Full-Time,Hybrid,2014-05-15,12.3,52900,Exceeds Expectations,1,Very Dissatisfied,5,No,None,38,3,9.1,14,No,26-35,50K-75K,10+ Years
EMP13597,Vihaan,Kumar,Female,25,Finance,Senior Accountant,Hyderabad,Bachelor's,Full-Time,Hybrid,2025-09-01,1.0,59400,Needs Improvement,1,Very Dissatisfied,3,No,None,29,0,6.3,3,No,21-25,50K-75K,<1 Year
EMP13598,Nikhil,Joshi,Male,43,Human Resources,Recruiter,Pune,Bachelor's,Contract,Onsite,2016-06-20,10.2,58000,Meets Expectations,4,Satisfied,1,No,None,11,2,9.7,6,No,36-45,50K-75K,10+ Years
EMP13599,Aarav,Singh,Female,59,Technology,Data Analyst,Mumbai,Master's,Full-Time,Hybrid,2024-03-02,2.5,68900,Needs Improvement,2,Dissatisfied,5,No,Frequently,6,1,0.5,12,Yes,56+,50K-75K,1-3 Years
EMP13600,Vihaan,Gupta,Male,27,Marketing,Marketing Manager,Kolkata,Diploma,Full-Time,Hybrid,2020-01-26,6.6,62600,Meets Expectations,3,Neutral,1,No,None,39,0,5.9,17,No,26-35,50K-75K,5-10 Years
EMP13601,Aditya,Sharma,Female,40,Human Resources,HR Manager,Hyderabad,Master's,Full-Time,Hybrid,2013-10-08,12.9,88500,Meets Expectations,2,Dissatisfied,4,No,Frequently,5,3,6.1,12,Yes,36-45,75K-100K,10+ Years
EMP13602,Neha,Gupta,Male,37,Marketing,Digital Marketing Analyst,Delhi NCR,Diploma,Contract,Onsite,2025-01-25,1.6,57200,Outstanding,2,Dissatisfied,1,Yes,Rarely,37,3,10.3,1,No,36-45,50K-75K,1-3 Years
EMP13603,Aisha,Joshi,Male,33,Technology,Data Analyst,Delhi NCR,Bachelor's,Contract,Onsite,2016-07-26,10.1,70300,Meets Expectations,4,Satisfied,2,No,Rarely,38,3,10.3,17,No,26-35,50K-75K,10+ Years
EMP13604,Aisha,Verma,Female,47,Marketing,Marketing Manager,Chennai,Master's,Full-Time,Hybrid,2017-05-15,9.3,78200,Exceeds Expectations,4,Satisfied,5,No,None,1,0,5.9,19,No,46-55,75K-100K,5-10 Years
EMP13605,Divya,Patel,Male,32,Customer Support,Support Executive,Pune,Bachelor's,Full-Time,Onsite,2013-09-01,13.0,51200,Needs Improvement,1,Very Dissatisfied,1,No,Rarely,33,3,3.5,0,No,26-35,50K-75K,10+ Years
EMP13606,Priya,Singh,Male,40,Sales,Business Development Executive,Pune,Master's,Full-Time,Hybrid,2023-11-14,2.8,41200,Meets Expectations,5,Very Satisfied,5,No,None,24,0,5.4,0,No,36-45,<50K,1-3 Years
EMP13607,Arjun,Patel,Male,54,Finance,Accountant,Chennai,Bachelor's,Full-Time,Hybrid,2014-09-01,12.0,94800,Outstanding,3,Neutral,2,No,None,15,1,8.8,3,No,46-55,75K-100K,10+ Years
EMP13608,Sanjay,Gupta,Male,36,Marketing,Digital Marketing Analyst,Pune,Master's,Full-Time,Onsite,2019-10-08,6.9,80800,Meets Expectations,2,Dissatisfied,2,Yes,None,20,0,1.1,20,Yes,36-45,75K-100K,5-10 Years
EMP13609,Priya,Verma,Non-Binary,21,Marketing,Marketing Manager,Mumbai,MBA,Contract,Hybrid,2020-03-02,6.5,94500,Meets Expectations,1,Very Dissatisfied,5,No,Rarely,17,2,11.7,21,No,21-25,75K-100K,5-10 Years
EMP13610,Aisha,Iyer,Female,56,Marketing,Marketing Executive,Hyderabad,Bachelor's,Full-Time,Onsite,2021-01-25,5.6,92500,Meets Expectations,3,Neutral,4,Yes,Rarely,33,0,7.7,11,No,56+,75K-100K,5-10 Years
EMP13611,Sanjay,Sharma,Female,31,Human Resources,HR Executive,Delhi NCR,Diploma,Full-Time,Hybrid,2020-10-08,5.9,71400,Meets Expectations,4,Satisfied,2,No,Frequently,16,1,5.2,9,No,26-35,50K-75K,5-10 Years
EMP13612,Aarav,Iyer,Male,51,Marketing,Marketing Executive,Ahmedabad,Bachelor's,Full-Time,Onsite,2018-10-08,7.9,79300,Meets Expectations,1,Very Dissatisfied,4,No,None,5,3,7.2,21,Yes,46-55,75K-100K,5-10 Years
EMP13613,Isha,Patel,Male,51,Marketing,Digital Marketing Analyst,Bengaluru,Master's,Full-Time,Hybrid,2024-11-13,1.8,64900,Meets Expectations,2,Dissatisfied,3,No,Frequently,16,2,10.7,5,Yes,46-55,50K-75K,1-3 Years
EMP13614,Priya,Reddy,Female,42,Sales,Sales Manager,Delhi NCR,Bachelor's,Contract,Hybrid,2020-03-02,6.5,80600,Needs Improvement,5,Very Satisfied,1,No,Frequently,21,1,4.9,0,No,36-45,75K-100K,5-10 Years
EMP13615,Aditya,Patel,Male,24,Operations,Operations Executive,Delhi NCR,Bachelor's,Full-Time,Remote,2016-11-13,9.8,62400,Meets Expectations,1,Very Dissatisfied,2,Yes,Frequently,18,1,2.9,19,No,21-25,50K-75K,5-10 Years
EMP13616,Divya,Rao,Male,59,Human Resources,HR Analyst,Mumbai,Master's,Full-Time,Onsite,2019-01-26,7.6,58400,Needs Improvement,5,Very Satisfied,2,Yes,Rarely,20,0,8.1,21,No,56+,50K-75K,5-10 Years
EMP13617,Sanjay,Nair,Male,48,Sales,Business Development Executive,Pune,Bachelor's,Contract,Onsite,2023-12-20,2.7,39400,Exceeds Expectations,2,Dissatisfied,3,No,None,40,3,0.8,18,No,46-55,<50K,1-3 Years
EMP13618,Aisha,Gupta,Male,37,Finance,Senior Accountant,Ahmedabad,Bachelor's,Full-Time,Onsite,2021-01-25,5.6,83100,Needs Improvement,3,Neutral,5,No,Frequently,16,2,4.6,12,No,36-45,75K-100K,5-10 Years
EMP13619,Neha,Kumar,Female,55,Human Resources,HR Executive,Delhi NCR,Bachelor's,Full-Time,Onsite,2019-11-14,6.8,68500,Needs Improvement,4,Satisfied,3,Yes,Rarely,33,3,2.7,22,No,46-55,50K-75K,5-10 Years
EMP13620,Kiran,Nair,Female,52,Sales,Sales Manager,Pune,Bachelor's,Full-Time,Hybrid,2016-07-26,10.1,77000,Needs Improvement,5,Very Satisfied,1,No,Rarely,40,2,9.1,1,No,46-55,75K-100K,10+ Years
EMP13621,Pooja,Sharma,Male,51,Customer Support,Support Executive,Pune,Bachelor's,Full-Time,Remote,2013-03-03,13.5,39500,Meets Expectations,4,Satisfied,4,Yes,None,34,0,10.3,20,No,46-55,<50K,10+ Years
EMP13622,Meera,Patel,Male,27,Technology,BI Analyst,Kolkata,Master's,Full-Time,Hybrid,2018-05-15,8.3,115700,Needs Improvement,2,Dissatisfied,3,No,None,22,3,9.7,22,Yes,26-35,100K-150K,5-10 Years
EMP13623,Meera,Iyer,Female,46,Finance,Senior Accountant,Delhi NCR,Bachelor's,Full-Time,Onsite,2016-06-20,10.2,49600,Needs Improvement,1,Very Dissatisfied,2,No,None,40,3,1.4,12,Yes,46-55,<50K,10+ Years
EMP13624,Rahul,Iyer,Male,32,Human Resources,HR Manager,Ahmedabad,Bachelor's,Full-Time,Remote,2025-05-15,1.3,71600,Outstanding,4,Satisfied,2,No,None,16,2,1.9,6,No,26-35,50K-75K,1-3 Years
EMP13625,Aditya,Patel,Female,24,Operations,Operations Executive,Delhi NCR,Bachelor's,Full-Time,Hybrid,2012-05-14,14.3,55400,Exceeds Expectations,3,Neutral,4,No,None,11,2,11.2,4,Yes,21-25,50K-75K,10+ Years
EMP13626,Ananya,Singh,Female,34,Operations,Operations Analyst,Hyderabad,Bachelor's,Full-Time,Hybrid,2021-10-08,4.9,52400,Needs Improvement,4,Satisfied,3,No,Frequently,35,0,7.5,4,No,26-35,50K-75K,3-5 Years
EMP13627,Rahul,Singh,Male,25,Operations,Process Associate,Kolkata,Bachelor's,Contract,Hybrid,2021-04-08,5.4,57000,Meets Expectations,5,Very Satisfied,3,No,None,37,2,3.4,2,No,21-25,50K-75K,5-10 Years
EMP13628,Sneha,Patel,Female,25,Technology,IT Support Specialist,Ahmedabad,Bachelor's,Full-Time,Hybrid,2023-03-03,3.5,74200,Outstanding,5,Very Satisfied,1,Yes,None,5,0,7.3,1,No,21-25,50K-75K,3-5 Years
EMP13629,Kavya,Kumar,Female,50,Operations,Operations Analyst,Hyderabad,Master's,Full-Time,Remote,2025-03-03,1.5,45800,Meets Expectations,3,Neutral,1,No,None,13,2,8.8,12,No,46-55,<50K,1-3 Years
EMP13630,Aarav,Das,Male,41,Operations,Operations Executive,Delhi NCR,Bachelor's,Full-Time,Onsite,2014-10-08,11.9,73700,Meets Expectations,4,Satisfied,2,No,None,11,3,8.1,11,No,36-45,50K-75K,10+ Years
EMP13631,Aisha,Gupta,Female,36,Human Resources,HR Analyst,Kolkata,Bachelor's,Full-Time,Hybrid,2022-11-14,3.8,53500,Needs Improvement,4,Satisfied,4,No,None,33,1,4.5,2,No,36-45,50K-75K,3-5 Years
EMP13632,Aditya,Gupta,Male,28,Human Resources,Recruiter,Pune,MBA,Contract,Hybrid,2022-04-08,4.4,79100,Meets Expectations,1,Very Dissatisfied,1,No,Rarely,11,3,7.5,15,No,26-35,75K-100K,3-5 Years
EMP13633,Priya,Das,Male,51,Sales,Account Manager,Kolkata,MBA,Full-Time,Remote,2023-10-08,2.9,72300,Needs Improvement,2,Dissatisfied,1,No,Frequently,27,2,1.2,12,No,46-55,50K-75K,1-3 Years
EMP13634,Ananya,Joshi,Female,46,Operations,Process Associate,Chennai,MBA,Full-Time,Hybrid,2012-01-26,14.6,39000,Meets Expectations,1,Very Dissatisfied,5,No,None,38,0,11.0,6,No,46-55,<50K,10+ Years
EMP13635,Aarav,Joshi,Male,44,Customer Support,Team Lead,Chennai,Master's,Full-Time,Onsite,2014-11-14,11.8,66300,Outstanding,2,Dissatisfied,2,Yes,None,37,1,9.6,20,No,36-45,50K-75K,10+ Years
EMP13636,Arjun,Reddy,Male,28,Human Resources,HR Manager,Hyderabad,Bachelor's,Full-Time,Remote,2012-09-01,14.0,81800,Meets Expectations,1,Very Dissatisfied,1,Yes,Rarely,36,3,10.6,15,No,26-35,75K-100K,10+ Years
EMP13637,Ananya,Das,Male,25,Human Resources,HR Executive,Chennai,Bachelor's,Full-Time,Hybrid,2013-09-01,13.0,82100,Meets Expectations,5,Very Satisfied,5,Yes,None,21,3,3.3,8,Yes,21-25,75K-100K,10+ Years
EMP13638,Nikhil,Sharma,Female,25,Human Resources,HR Manager,Kolkata,Bachelor's,Full-Time,Hybrid,2013-01-25,13.6,82800,Needs Improvement,5,Very Satisfied,3,No,Rarely,24,0,3.0,19,No,21-25,75K-100K,10+ Years
EMP13639,Sanjay,Nair,Male,22,Sales,Business Development Executive,Mumbai,Bachelor's,Full-Time,Onsite,2019-05-15,7.3,66300,Exceeds Expectations,4,Satisfied,1,No,Rarely,29,2,6.8,22,No,21-25,50K-75K,5-10 Years
EMP13640,Neha,Iyer,Female,59,Marketing,Digital Marketing Analyst,Pune,Bachelor's,Contract,Hybrid,2023-12-20,2.7,95400,Exceeds Expectations,3,Neutral,3,No,Frequently,13,1,4.6,10,No,56+,75K-100K,1-3 Years
EMP13641,Kavya,Iyer,Female,35,Operations,Operations Manager,Delhi NCR,Bachelor's,Full-Time,Hybrid,2021-09-01,5.0,45600,Needs Improvement,1,Very Dissatisfied,1,Yes,None,20,0,2.5,14,No,26-35,<50K,3-5 Years
EMP13642,Sneha,Rao,Female,47,Customer Support,Team Lead,Pune,Bachelor's,Full-Time,Remote,2022-03-03,4.5,35000,Meets Expectations,3,Neutral,2,No,Frequently,19,0,9.6,22,No,46-55,<50K,3-5 Years
EMP13643,Neha,Iyer,Female,60,Customer Support,Team Lead,Chennai,MBA,Full-Time,Hybrid,2015-11-14,10.8,59500,Meets Expectations,1,Very Dissatisfied,5,Yes,Frequently,32,1,1.2,10,Yes,56+,50K-75K,10+ Years
EMP13644,Pooja,Kumar,Female,58,Human Resources,Recruiter,Mumbai,Bachelor's,Full-Time,Onsite,2026-01-25,0.6,56800,Meets Expectations,1,Very Dissatisfied,4,Yes,None,23,3,0.5,2,No,56+,50K-75K,<1 Year
EMP13645,Rahul,Iyer,Male,33,Customer Support,Support Executive,Hyderabad,Bachelor's,Full-Time,Hybrid,2024-05-14,2.3,55800,Meets Expectations,1,Very Dissatisfied,3,No,None,18,3,10.0,9,Yes,26-35,50K-75K,1-3 Years
EMP13646,Meera,Nair,Female,40,Human Resources,Recruiter,Mumbai,Bachelor's,Full-Time,Onsite,2016-05-14,10.3,61700,Outstanding,3,Neutral,2,No,None,22,1,2.8,16,No,36-45,50K-75K,10+ Years
EMP13647,Sanjay,Das,Male,39,Marketing,Marketing Manager,Delhi NCR,Bachelor's,Full-Time,Onsite,2024-09-01,2.0,60900,Needs Improvement,4,Satisfied,3,No,None,7,3,10.5,22,No,36-45,50K-75K,1-3 Years
EMP13648,Meera,Iyer,Female,22,Marketing,Marketing Executive,Bengaluru,Bachelor's,Contract,Remote,2025-10-08,0.9,90100,Needs Improvement,3,Neutral,4,No,Frequently,10,0,6.8,16,No,21-25,75K-100K,<1 Year
EMP13649,Sneha,Das,Female,51,Customer Support,Team Lead,Mumbai,Bachelor's,Full-Time,Remote,2024-11-13,1.8,37700,Needs Improvement,4,Satisfied,4,No,None,32,2,7.3,22,No,46-55,<50K,1-3 Years
EMP13650,Vikram,Iyer,Male,43,Operations,Operations Executive,Hyderabad,Bachelor's,Contract,Hybrid,2016-04-08,10.4,46000,Needs Improvement,3,Neutral,3,No,None,5,3,0.4,12,No,36-45,<50K,10+ Years
EMP13651,Aarav,Rao,Female,35,Sales,Business Development Executive,Kolkata,MBA,Full-Time,Onsite,2024-05-14,2.3,70300,Meets Expectations,5,Very Satisfied,1,Yes,None,27,1,5.4,16,No,26-35,50K-75K,1-3 Years
EMP13652,Aditya,Iyer,Female,43,Sales,Sales Manager,Delhi NCR,Bachelor's,Full-Time,Hybrid,2024-04-08,2.4,75600,Needs Improvement,2,Dissatisfied,5,No,Rarely,37,1,11.0,3,No,36-45,75K-100K,1-3 Years
EMP13653,Sneha,Das,Female,50,Finance,Accountant,Delhi NCR,Bachelor's,Contract,Hybrid,2023-01-26,3.6,97400,Outstanding,2,Dissatisfied,2,No,Frequently,28,1,9.0,19,Yes,46-55,75K-100K,3-5 Years
EMP13654,Kavya,Reddy,Male,21,Human Resources,HR Executive,Chennai,Master's,Full-Time,Hybrid,2015-05-15,11.3,53600,Needs Improvement,1,Very Dissatisfied,5,No,Rarely,26,2,3.2,12,No,21-25,50K-75K,10+ Years
EMP13655,Aditya,Singh,Female,46,Marketing,Marketing Executive,Mumbai,Bachelor's,Full-Time,Hybrid,2023-06-21,3.2,89500,Outstanding,2,Dissatisfied,5,Yes,Rarely,29,2,0.7,0,Yes,46-55,75K-100K,3-5 Years
EMP13656,Meera,Joshi,Male,55,Human Resources,Recruiter,Delhi NCR,Master's,Full-Time,Hybrid,2025-12-20,0.7,72700,Needs Improvement,1,Very Dissatisfied,2,No,None,5,3,1.9,3,Yes,46-55,50K-75K,<1 Year
EMP13657,Rohit,Gupta,Female,50,Human Resources,HR Analyst,Pune,Bachelor's,Full-Time,Onsite,2013-01-25,13.6,83500,Exceeds Expectations,1,Very Dissatisfied,3,Yes,Rarely,5,1,9.6,16,No,46-55,75K-100K,10+ Years
EMP13658,Aisha,Reddy,Male,45,Customer Support,Team Lead,Chennai,Diploma,Contract,Hybrid,2013-06-20,13.2,34900,Meets Expectations,5,Very Satisfied,4,No,None,40,1,6.0,1,No,36-45,<50K,10+ Years
EMP13659,Aisha,Gupta,Male,24,Finance,Financial Analyst,Pune,Bachelor's,Full-Time,Onsite,2023-10-08,2.9,69600,Meets Expectations,3,Neutral,2,Yes,None,17,2,5.9,14,No,21-25,50K-75K,1-3 Years
EMP13660,Kavya,Singh,Female,50,Human Resources,HR Manager,Pune,MBA,Full-Time,Hybrid,2022-07-27,4.1,68500,Needs Improvement,4,Satisfied,4,Yes,Rarely,16,2,10.3,12,Yes,46-55,50K-75K,3-5 Years
EMP13661,Meera,Reddy,Female,51,Human Resources,HR Manager,Delhi NCR,Bachelor's,Full-Time,Remote,2023-09-02,3.0,71100,Outstanding,2,Dissatisfied,3,Yes,Frequently,6,2,5.6,10,Yes,46-55,50K-75K,1-3 Years
EMP13662,Isha,Kumar,Female,40,Human Resources,HR Executive,Ahmedabad,Bachelor's,Contract,Hybrid,2015-11-14,10.8,47000,Meets Expectations,4,Satisfied,5,Yes,Rarely,30,0,5.5,13,No,36-45,<50K,10+ Years
EMP13663,Arjun,Kumar,Female,44,Customer Support,Support Analyst,Bengaluru,Bachelor's,Contract,Remote,2022-10-08,3.9,53100,Exceeds Expectations,3,Neutral,5,No,Rarely,1,1,1.0,15,No,36-45,50K-75K,3-5 Years
EMP13664,Nikhil,Singh,Female,45,Customer Support,Team Lead,Pune,Master's,Full-Time,Hybrid,2012-09-01,14.0,58000,Meets Expectations,5,Very Satisfied,5,No,None,7,3,9.5,18,No,36-45,50K-75K,10+ Years
EMP13665,Priya,Joshi,Female,25,Human Resources,HR Analyst,Hyderabad,Master's,Full-Time,Hybrid,2014-04-08,12.4,60200,Meets Expectations,4,Satisfied,2,Yes,None,9,0,5.5,12,Yes,21-25,50K-75K,10+ Years
EMP13666,Ananya,Kumar,Female,31,Human Resources,HR Executive,Chennai,Bachelor's,Contract,Remote,2017-10-08,8.9,67200,Meets Expectations,3,Neutral,4,No,None,38,1,11.3,4,No,26-35,50K-75K,5-10 Years
EMP13667,Ananya,Kumar,Male,52,Marketing,Content Specialist,Kolkata,Diploma,Full-Time,Onsite,2026-05-15,0.3,58800,Outstanding,4,Satisfied,4,No,Rarely,38,2,2.9,20,No,46-55,50K-75K,<1 Year
EMP13668,Arjun,Joshi,Male,59,Technology,Data Analyst,Pune,MBA,Contract,Hybrid,2013-05-15,13.3,119600,Meets Expectations,4,Satisfied,3,No,Rarely,3,1,2.4,21,No,56+,100K-150K,10+ Years
EMP13669,Divya,Rao,Female,31,Finance,Financial Analyst,Hyderabad,Bachelor's,Full-Time,Onsite,2015-09-02,11.0,83800,Needs Improvement,5,Very Satisfied,1,No,Rarely,5,2,0.2,4,No,26-35,75K-100K,10+ Years
EMP13670,Kavya,Iyer,Female,37,Technology,IT Support Specialist,Bengaluru,Bachelor's,Full-Time,Remote,2014-10-08,11.9,97200,Needs Improvement,3,Neutral,2,No,None,39,2,8.3,13,No,36-45,75K-100K,10+ Years
EMP13671,Isha,Patel,Male,57,Technology,BI Analyst,Bengaluru,Bachelor's,Full-Time,Hybrid,2025-05-15,1.3,124800,Needs Improvement,5,Very Satisfied,3,No,None,26,2,6.6,10,No,56+,100K-150K,1-3 Years
EMP13672,Rohit,Kumar,Male,27,Sales,Sales Executive,Bengaluru,Bachelor's,Full-Time,Hybrid,2015-12-20,10.7,70100,Meets Expectations,1,Very Dissatisfied,5,No,None,29,3,3.5,14,No,26-35,50K-75K,10+ Years
EMP13673,Kavya,Joshi,Male,31,Marketing,Digital Marketing Analyst,Kolkata,Bachelor's,Contract,Onsite,2014-07-27,12.1,58100,Meets Expectations,1,Very Dissatisfied,5,No,Rarely,23,2,4.1,1,No,26-35,50K-75K,10+ Years
EMP13674,Kiran,Reddy,Female,23,Sales,Sales Executive,Ahmedabad,Bachelor's,Full-Time,Onsite,2012-04-08,14.4,69000,Meets Expectations,2,Dissatisfied,5,Yes,Frequently,9,1,3.8,3,Yes,21-25,50K-75K,10+ Years
EMP13675,Priya,Nair,Female,30,Marketing,Content Specialist,Chennai,Bachelor's,Full-Time,Onsite,2017-11-13,8.8,93700,Meets Expectations,5,Very Satisfied,5,No,None,29,2,4.7,3,No,26-35,75K-100K,5-10 Years
EMP13676,Kiran,Reddy,Female,46,Human Resources,HR Executive,Hyderabad,Diploma,Full-Time,Onsite,2018-12-20,7.7,43200,Exceeds Expectations,5,Very Satisfied,1,Yes,Rarely,7,0,3.8,18,No,46-55,<50K,5-10 Years
EMP13677,Meera,Joshi,Female,34,Finance,Senior Accountant,Ahmedabad,Bachelor's,Full-Time,Hybrid,2020-03-02,6.5,85400,Meets Expectations,3,Neutral,5,Yes,Rarely,1,3,5.3,14,No,26-35,75K-100K,5-10 Years
EMP13678,Ananya,Verma,Female,60,Operations,Operations Manager,Delhi NCR,Bachelor's,Full-Time,Onsite,2016-01-26,10.6,44600,Needs Improvement,3,Neutral,3,No,None,34,2,10.2,15,No,56+,<50K,10+ Years
EMP13679,Sanjay,Reddy,Male,56,Human Resources,Recruiter,Kolkata,MBA,Full-Time,Remote,2012-11-13,13.8,83100,Meets Expectations,3,Neutral,1,No,None,15,2,6.5,7,Yes,56+,75K-100K,10+ Years
EMP13680,Ananya,Joshi,Male,56,Operations,Process Associate,Hyderabad,Master's,Contract,Hybrid,2017-07-27,9.1,66300,Meets Expectations,2,Dissatisfied,1,No,None,1,0,9.4,4,Yes,56+,50K-75K,5-10 Years
EMP13681,Rahul,Patel,Female,50,Marketing,Content Specialist,Bengaluru,Bachelor's,Full-Time,Hybrid,2023-01-26,3.6,92400,Meets Expectations,3,Neutral,2,Yes,Frequently,17,0,7.0,2,Yes,46-55,75K-100K,3-5 Years
EMP13682,Isha,Nair,Female,49,Sales,Sales Executive,Bengaluru,Bachelor's,Contract,Remote,2026-03-03,0.5,70300,Exceeds Expectations,5,Very Satisfied,2,No,None,4,1,3.5,11,Yes,46-55,50K-75K,<1 Year
EMP13683,Kiran,Kumar,Male,41,Technology,Software Engineer,Ahmedabad,MBA,Full-Time,Hybrid,2017-04-08,9.4,59700,Meets Expectations,4,Satisfied,1,No,None,19,0,11.6,17,No,36-45,50K-75K,5-10 Years
EMP13684,Meera,Rao,Female,60,Human Resources,HR Executive,Delhi NCR,Master's,Full-Time,Remote,2013-09-01,13.0,67700,Meets Expectations,1,Very Dissatisfied,2,No,None,27,1,2.4,8,No,56+,50K-75K,10+ Years
EMP13685,Isha,Patel,Female,24,Customer Support,Support Analyst,Kolkata,Bachelor's,Contract,Hybrid,2025-06-20,1.2,67200,Meets Expectations,2,Dissatisfied,3,No,Rarely,13,3,11.4,22,No,21-25,50K-75K,1-3 Years
EMP13686,Rohit,Iyer,Male,49,Technology,BI Analyst,Delhi NCR,Bachelor's,Contract,Hybrid,2020-07-26,6.1,74800,Meets Expectations,4,Satisfied,2,No,None,3,1,11.2,22,No,46-55,50K-75K,5-10 Years
EMP13687,Priya,Reddy,Male,26,Sales,Sales Executive,Pune,Master's,Full-Time,Onsite,2012-07-26,14.1,42900,Meets Expectations,3,Neutral,4,No,Frequently,36,2,2.4,1,No,26-35,<50K,10+ Years
EMP13688,Rohit,Verma,Male,34,Customer Support,Support Executive,Pune,Bachelor's,Contract,Hybrid,2019-01-26,7.6,60100,Meets Expectations,4,Satisfied,4,Yes,None,22,1,2.1,22,No,26-35,50K-75K,5-10 Years
EMP13689,Aditya,Patel,Male,31,Customer Support,Support Analyst,Hyderabad,Bachelor's,Full-Time,Hybrid,2023-03-03,3.5,51700,Meets Expectations,4,Satisfied,2,No,Frequently,0,1,3.7,17,No,26-35,50K-75K,3-5 Years
EMP13690,Kiran,Das,Male,45,Technology,BI Analyst,Bengaluru,Master's,Full-Time,Onsite,2021-04-08,5.4,61800,Exceeds Expectations,2,Dissatisfied,1,No,Rarely,23,2,7.4,13,No,36-45,50K-75K,5-10 Years
EMP13691,Pooja,Verma,Male,52,Finance,Accountant,Delhi NCR,Diploma,Full-Time,Onsite,2020-06-20,6.2,65100,Needs Improvement,3,Neutral,2,No,None,37,3,5.3,4,Yes,46-55,50K-75K,5-10 Years
EMP13692,Rohit,Rao,Female,24,Marketing,Content Specialist,Chennai,Bachelor's,Contract,Remote,2024-10-08,1.9,60600,Needs Improvement,1,Very Dissatisfied,4,No,Rarely,0,0,10.2,8,No,21-25,50K-75K,1-3 Years
EMP13693,Meera,Das,Female,45,Technology,IT Support Specialist,Mumbai,Bachelor's,Full-Time,Remote,2016-09-01,10.0,105400,Needs Improvement,4,Satisfied,2,No,Rarely,32,3,11.8,19,No,36-45,100K-150K,5-10 Years
EMP13694,Neha,Gupta,Female,29,Finance,Senior Accountant,Kolkata,Bachelor's,Full-Time,Hybrid,2017-09-01,9.0,76300,Meets Expectations,3,Neutral,3,No,None,15,2,5.4,10,Yes,26-35,75K-100K,5-10 Years
EMP13695,Nikhil,Gupta,Female,24,Finance,Accountant,Bengaluru,Master's,Full-Time,Onsite,2016-11-13,9.8,77300,Meets Expectations,2,Dissatisfied,5,Yes,Rarely,29,0,0.4,20,No,21-25,75K-100K,5-10 Years
EMP13696,Sneha,Singh,Female,37,Marketing,Content Specialist,Delhi NCR,Bachelor's,Full-Time,Hybrid,2017-06-20,9.2,85600,Exceeds Expectations,4,Satisfied,4,No,Rarely,1,1,11.7,6,No,36-45,75K-100K,5-10 Years
EMP13697,Pooja,Kumar,Male,44,Finance,Finance Manager,Ahmedabad,Master's,Full-Time,Onsite,2026-04-08,0.4,65000,Meets Expectations,5,Very Satisfied,4,No,Rarely,37,0,5.2,7,Yes,36-45,50K-75K,<1 Year
EMP13698,Vihaan,Sharma,Male,29,Finance,Finance Manager,Ahmedabad,MBA,Contract,Hybrid,2023-11-14,2.8,88100,Needs Improvement,5,Very Satisfied,1,Yes,Rarely,39,2,6.1,17,No,26-35,75K-100K,1-3 Years
EMP13699,Isha,Verma,Male,36,Finance,Accountant,Bengaluru,Bachelor's,Full-Time,Onsite,2023-12-20,2.7,70300,Needs Improvement,1,Very Dissatisfied,4,No,Rarely,22,0,7.6,2,No,36-45,50K-75K,1-3 Years
EMP13700,Priya,Gupta,Female,59,Operations,Process Associate,Pune,Master's,Full-Time,Onsite,2025-01-25,1.6,56300,Needs Improvement,5,Very Satisfied,2,No,None,8,1,9.2,11,Yes,56+,50K-75K,1-3 Years
EMP13701,Divya,Kumar,Male,34,Technology,BI Analyst,Mumbai,Bachelor's,Full-Time,Hybrid,2015-07-27,11.1,97500,Meets Expectations,3,Neutral,3,No,None,6,0,5.9,7,No,26-35,75K-100K,10+ Years
EMP13702,Isha,Patel,Female,60,Technology,Software Engineer,Chennai,Bachelor's,Full-Time,Hybrid,2024-09-01,2.0,107300,Needs Improvement,1,Very Dissatisfied,4,Yes,None,28,0,0.7,12,No,56+,100K-150K,1-3 Years
EMP13703,Pooja,Sharma,Female,54,Technology,IT Support Specialist,Delhi NCR,Bachelor's,Full-Time,Remote,2016-07-26,10.1,124900,Needs Improvement,2,Dissatisfied,5,No,Rarely,32,1,7.5,3,No,46-55,100K-150K,10+ Years
EMP13704,Vihaan,Verma,Male,35,Customer Support,Support Executive,Delhi NCR,Master's,Full-Time,Hybrid,2023-11-14,2.8,42700,Outstanding,2,Dissatisfied,4,No,None,27,2,5.5,1,Yes,26-35,<50K,1-3 Years
EMP13705,Sanjay,Iyer,Male,44,Customer Support,Support Analyst,Bengaluru,Bachelor's,Full-Time,Onsite,2024-09-01,2.0,36300,Exceeds Expectations,2,Dissatisfied,2,No,None,20,2,6.6,17,Yes,36-45,<50K,1-3 Years
EMP13706,Meera,Gupta,Female,49,Human Resources,Recruiter,Kolkata,Master's,Full-Time,Onsite,2024-01-26,2.6,63600,Meets Expectations,4,Satisfied,3,Yes,Rarely,31,0,3.4,1,Yes,46-55,50K-75K,1-3 Years
EMP13707,Kiran,Sharma,Female,39,Technology,BI Analyst,Hyderabad,Master's,Full-Time,Hybrid,2018-12-20,7.7,96900,Meets Expectations,3,Neutral,2,Yes,None,30,1,0.3,8,No,36-45,75K-100K,5-10 Years
EMP13708,Kiran,Rao,Male,37,Operations,Operations Executive,Mumbai,Bachelor's,Full-Time,Onsite,2016-11-13,9.8,47800,Meets Expectations,4,Satisfied,3,No,None,13,1,1.7,4,No,36-45,<50K,5-10 Years
EMP13709,Kavya,Iyer,Female,34,Human Resources,HR Analyst,Ahmedabad,Diploma,Contract,Hybrid,2014-06-20,12.2,86900,Meets Expectations,5,Very Satisfied,4,No,Frequently,31,1,7.1,16,Yes,26-35,75K-100K,10+ Years
EMP13710,Rohit,Reddy,Male,26,Operations,Process Associate,Hyderabad,Master's,Full-Time,Hybrid,2024-07-26,2.1,73400,Needs Improvement,1,Very Dissatisfied,5,No,Rarely,7,1,7.8,10,No,26-35,50K-75K,1-3 Years
EMP13711,Priya,Patel,Female,21,Finance,Financial Analyst,Chennai,MBA,Contract,Hybrid,2017-05-15,9.3,77600,Meets Expectations,5,Very Satisfied,2,No,Rarely,33,0,1.7,22,No,21-25,75K-100K,5-10 Years
EMP13712,Vikram,Das,Female,34,Customer Support,Support Analyst,Chennai,Master's,Full-Time,Onsite,2014-12-20,11.7,49700,Meets Expectations,1,Very Dissatisfied,2,No,None,21,3,5.4,10,No,26-35,<50K,10+ Years
EMP13713,Sanjay,Nair,Male,52,Operations,Process Associate,Chennai,Master's,Full-Time,Remote,2021-11-13,4.8,39300,Exceeds Expectations,1,Very Dissatisfied,5,No,Rarely,30,1,7.6,6,No,46-55,<50K,3-5 Years
EMP13714,Aditya,Kumar,Male,30,Technology,IT Support Specialist,Kolkata,Bachelor's,Full-Time,Hybrid,2025-04-08,1.4,96200,Meets Expectations,1,Very Dissatisfied,1,No,Frequently,28,2,5.2,19,Yes,26-35,75K-100K,1-3 Years
EMP13715,Isha,Sharma,Female,28,Operations,Operations Manager,Hyderabad,Bachelor's,Full-Time,Hybrid,2024-03-02,2.5,64300,Meets Expectations,1,Very Dissatisfied,2,Yes,None,3,2,8.4,18,No,26-35,50K-75K,1-3 Years
EMP13716,Vihaan,Reddy,Male,34,Finance,Accountant,Kolkata,Bachelor's,Full-Time,Hybrid,2025-01-25,1.6,100900,Meets Expectations,2,Dissatisfied,5,No,None,30,2,11.2,17,No,26-35,100K-150K,1-3 Years
EMP13717,Arjun,Verma,Male,44,Finance,Finance Manager,Hyderabad,Master's,Contract,Hybrid,2013-05-15,13.3,78100,Meets Expectations,5,Very Satisfied,5,No,None,32,3,4.1,10,No,36-45,75K-100K,10+ Years
EMP13718,Rahul,Patel,Female,29,Technology,Data Analyst,Ahmedabad,Master's,Full-Time,Hybrid,2020-11-13,5.8,69500,Meets Expectations,4,Satisfied,5,No,Frequently,2,0,9.6,14,No,26-35,50K-75K,5-10 Years
EMP13719,Kiran,Kumar,Female,29,Marketing,Marketing Manager,Ahmedabad,Bachelor's,Full-Time,Remote,2018-10-08,7.9,52900,Outstanding,3,Neutral,5,No,None,9,1,3.0,6,No,26-35,50K-75K,5-10 Years
EMP13720,Aarav,Sharma,Female,25,Technology,BI Analyst,Delhi NCR,Bachelor's,Full-Time,Hybrid,2015-01-26,11.6,69700,Exceeds Expectations,5,Very Satisfied,2,No,None,30,1,7.0,0,Yes,21-25,50K-75K,10+ Years
EMP13721,Divya,Reddy,Male,34,Marketing,Marketing Manager,Kolkata,Bachelor's,Full-Time,Onsite,2020-12-20,5.7,92500,Meets Expectations,3,Neutral,1,No,None,14,3,10.5,2,No,26-35,75K-100K,5-10 Years
EMP13722,Priya,Singh,Female,29,Marketing,Marketing Executive,Bengaluru,Bachelor's,Full-Time,Remote,2016-11-13,9.8,84900,Exceeds Expectations,1,Very Dissatisfied,5,No,Frequently,4,0,10.6,12,No,26-35,75K-100K,5-10 Years
EMP13723,Sanjay,Kumar,Male,54,Operations,Process Associate,Bengaluru,Master's,Full-Time,Hybrid,2025-05-15,1.3,74600,Meets Expectations,1,Very Dissatisfied,3,No,None,35,1,5.1,5,No,46-55,50K-75K,1-3 Years
EMP13724,Aditya,Das,Male,57,Customer Support,Support Analyst,Bengaluru,Bachelor's,Full-Time,Onsite,2019-05-15,7.3,64800,Needs Improvement,3,Neutral,2,Yes,None,21,2,9.9,22,Yes,56+,50K-75K,5-10 Years
EMP13725,Sneha,Das,Female,35,Sales,Business Development Executive,Pune,Bachelor's,Full-Time,Onsite,2025-01-25,1.6,43500,Meets Expectations,2,Dissatisfied,3,No,Frequently,16,0,5.8,1,Yes,26-35,<50K,1-3 Years
EMP13726,Vihaan,Das,Female,24,Customer Support,Support Analyst,Pune,Bachelor's,Contract,Hybrid,2022-10-08,3.9,59400,Meets Expectations,2,Dissatisfied,5,No,None,22,0,7.8,11,No,21-25,50K-75K,3-5 Years
EMP13727,Kiran,Nair,Male,24,Sales,Business Development Executive,Bengaluru,MBA,Full-Time,Hybrid,2022-03-03,4.5,72000,Outstanding,2,Dissatisfied,3,No,Rarely,16,3,6.5,12,Yes,21-25,50K-75K,3-5 Years
EMP13728,Priya,Rao,Male,33,Human Resources,HR Manager,Hyderabad,Bachelor's,Full-Time,Remote,2015-11-14,10.8,53300,Meets Expectations,2,Dissatisfied,4,No,None,5,0,6.8,12,No,26-35,50K-75K,10+ Years
EMP13729,Divya,Kumar,Male,39,Finance,Senior Accountant,Kolkata,MBA,Full-Time,Onsite,2016-06-20,10.2,77500,Meets Expectations,5,Very Satisfied,3,Yes,None,23,0,1.0,11,No,36-45,75K-100K,10+ Years
EMP13730,Priya,Kumar,Male,42,Marketing,Marketing Manager,Delhi NCR,Bachelor's,Full-Time,Hybrid,2015-05-15,11.3,78100,Outstanding,1,Very Dissatisfied,3,No,None,39,1,10.2,1,No,36-45,75K-100K,10+ Years
EMP13731,Sanjay,Gupta,Male,33,Operations,Operations Manager,Kolkata,Bachelor's,Full-Time,Onsite,2025-07-27,1.1,77900,Meets Expectations,1,Very Dissatisfied,5,No,None,39,1,3.8,15,No,26-35,75K-100K,1-3 Years
EMP13732,Kavya,Iyer,Female,35,Customer Support,Support Executive,Pune,Bachelor's,Full-Time,Hybrid,2011-10-08,14.9,36500,Meets Expectations,2,Dissatisfied,5,No,None,26,2,1.5,6,Yes,26-35,<50K,10+ Years
EMP13733,Neha,Nair,Male,32,Finance,Accountant,Kolkata,Bachelor's,Full-Time,Hybrid,2025-09-01,1.0,100900,Meets Expectations,4,Satisfied,3,No,Rarely,6,1,4.5,5,No,26-35,100K-150K,<1 Year
EMP13734,Ananya,Das,Male,41,Customer Support,Customer Success Specialist,Bengaluru,Bachelor's,Full-Time,Onsite,2014-04-08,12.4,67900,Outstanding,2,Dissatisfied,5,No,None,9,1,1.2,13,No,36-45,50K-75K,10+ Years
EMP13735,Rohit,Joshi,Female,48,Finance,Senior Accountant,Kolkata,Diploma,Full-Time,Remote,2015-06-21,11.2,102800,Needs Improvement,2,Dissatisfied,4,Yes,None,12,2,0.5,18,No,46-55,100K-150K,10+ Years
EMP13736,Pooja,Sharma,Male,22,Technology,BI Analyst,Bengaluru,MBA,Full-Time,Onsite,2017-09-01,9.0,58800,Meets Expectations,4,Satisfied,1,No,Rarely,2,0,4.6,19,No,21-25,50K-75K,5-10 Years
EMP13737,Rohit,Joshi,Male,40,Finance,Accountant,Mumbai,Master's,Full-Time,Hybrid,2019-12-20,6.7,61700,Meets Expectations,4,Satisfied,5,No,Frequently,5,1,6.1,19,Yes,36-45,50K-75K,5-10 Years
EMP13738,Aditya,Gupta,Male,46,Human Resources,HR Executive,Ahmedabad,Bachelor's,Full-Time,Hybrid,2015-04-09,11.4,76800,Meets Expectations,4,Satisfied,4,No,None,31,2,10.8,17,No,46-55,75K-100K,10+ Years
EMP13739,Kiran,Joshi,Female,47,Marketing,Marketing Manager,Hyderabad,Bachelor's,Contract,Hybrid,2015-07-27,11.1,60300,Meets Expectations,4,Satisfied,5,Yes,None,17,1,4.8,9,No,46-55,50K-75K,10+ Years
EMP13740,Aisha,Iyer,Female,43,Operations,Operations Analyst,Kolkata,Bachelor's,Contract,Hybrid,2024-06-20,2.2,40200,Outstanding,4,Satisfied,4,No,None,34,1,9.7,19,No,36-45,<50K,1-3 Years
EMP13741,Vihaan,Reddy,Male,42,Technology,Software Engineer,Mumbai,MBA,Contract,Hybrid,2014-10-08,11.9,112100,Meets Expectations,3,Neutral,5,No,Frequently,2,2,7.6,20,Yes,36-45,100K-150K,10+ Years
EMP13742,Nikhil,Iyer,Male,48,Finance,Accountant,Pune,Master's,Full-Time,Hybrid,2025-04-08,1.4,50400,Meets Expectations,3,Neutral,3,No,Frequently,3,3,5.7,18,No,46-55,50K-75K,1-3 Years
EMP13743,Aarav,Verma,Female,36,Customer Support,Team Lead,Ahmedabad,Bachelor's,Full-Time,Hybrid,2019-01-26,7.6,49500,Meets Expectations,4,Satisfied,1,No,None,28,2,0.8,0,No,36-45,<50K,5-10 Years
EMP13744,Meera,Singh,Female,43,Human Resources,HR Executive,Kolkata,Bachelor's,Full-Time,Hybrid,2016-12-20,9.7,89800,Needs Improvement,2,Dissatisfied,2,No,None,10,0,10.3,14,No,36-45,75K-100K,5-10 Years
EMP13745,Rohit,Iyer,Female,33,Technology,Data Analyst,Kolkata,Master's,Full-Time,Onsite,2014-04-08,12.4,89400,Needs Improvement,2,Dissatisfied,1,No,None,9,2,7.5,21,Yes,26-35,75K-100K,10+ Years
EMP13746,Rahul,Gupta,Male,38,Customer Support,Support Analyst,Ahmedabad,Bachelor's,Full-Time,Hybrid,2019-07-27,7.1,67500,Meets Expectations,2,Dissatisfied,2,No,Rarely,26,2,2.8,12,No,36-45,50K-75K,5-10 Years
EMP13747,Kavya,Gupta,Male,25,Human Resources,HR Executive,Kolkata,Bachelor's,Full-Time,Remote,2022-12-20,3.7,62600,Needs Improvement,5,Very Satisfied,3,Yes,None,37,1,3.5,1,No,21-25,50K-75K,3-5 Years
EMP13748,Meera,Gupta,Female,35,Customer Support,Support Executive,Kolkata,Bachelor's,Full-Time,Hybrid,2019-03-03,7.5,45700,Needs Improvement,1,Very Dissatisfied,5,No,None,17,2,9.0,8,No,26-35,<50K,5-10 Years
EMP13749,Vihaan,Gupta,Female,26,Customer Support,Team Lead,Bengaluru,MBA,Full-Time,Hybrid,2022-10-08,3.9,36400,Outstanding,2,Dissatisfied,4,Yes,None,31,0,9.8,16,No,26-35,<50K,3-5 Years
EMP13750,Pooja,Nair,Female,30,Customer Support,Support Analyst,Chennai,Bachelor's,Contract,Remote,2018-09-01,8.0,46100,Meets Expectations,1,Very Dissatisfied,3,No,Rarely,14,3,8.8,18,No,26-35,<50K,5-10 Years
EMP13751,Vikram,Singh,Male,37,Marketing,Marketing Executive,Chennai,Bachelor's,Contract,Onsite,2019-09-02,7.0,61100,Meets Expectations,2,Dissatisfied,3,No,Frequently,34,0,2.7,14,No,36-45,50K-75K,5-10 Years
EMP13752,Arjun,Iyer,Male,41,Operations,Operations Executive,Bengaluru,MBA,Contract,Hybrid,2014-11-14,11.8,75600,Outstanding,2,Dissatisfied,3,Yes,None,17,3,1.1,9,No,36-45,75K-100K,10+ Years
EMP13753,Vihaan,Nair,Male,58,Customer Support,Customer Success Specialist,Pune,Diploma,Full-Time,Remote,2022-11-14,3.8,67900,Meets Expectations,3,Neutral,3,No,Frequently,6,1,5.4,11,Yes,56+,50K-75K,3-5 Years
EMP13754,Nikhil,Rao,Female,22,Technology,BI Analyst,Kolkata,Bachelor's,Full-Time,Onsite,2023-06-21,3.2,60000,Meets Expectations,5,Very Satisfied,3,No,None,20,1,6.6,12,Yes,21-25,50K-75K,3-5 Years
EMP13755,Rahul,Verma,Male,56,Sales,Sales Manager,Mumbai,MBA,Full-Time,Onsite,2019-06-21,7.2,43600,Needs Improvement,3,Neutral,5,Yes,Rarely,11,1,6.6,22,No,56+,<50K,5-10 Years
EMP13756,Rahul,Sharma,Male,34,Finance,Financial Analyst,Hyderabad,Bachelor's,Contract,Onsite,2025-10-08,0.9,86400,Outstanding,5,Very Satisfied,1,No,Frequently,7,2,6.7,22,No,26-35,75K-100K,<1 Year
EMP13757,Arjun,Reddy,Female,49,Marketing,Marketing Manager,Delhi NCR,Master's,Full-Time,Remote,2023-01-26,3.6,68800,Meets Expectations,2,Dissatisfied,2,Yes,Rarely,7,2,8.6,10,No,46-55,50K-75K,3-5 Years
EMP13758,Aditya,Nair,Non-Binary,48,Human Resources,HR Manager,Pune,Master's,Contract,Remote,2021-04-08,5.4,57000,Meets Expectations,4,Satisfied,1,No,None,15,1,6.9,6,No,46-55,50K-75K,5-10 Years
EMP13759,Aisha,Singh,Male,59,Sales,Sales Executive,Hyderabad,Master's,Full-Time,Remote,2019-04-09,7.4,51200,Needs Improvement,1,Very Dissatisfied,5,No,None,0,3,3.0,5,No,56+,50K-75K,5-10 Years
EMP13760,Vikram,Iyer,Male,25,Human Resources,HR Executive,Hyderabad,Bachelor's,Full-Time,Hybrid,2022-06-20,4.2,53300,Meets Expectations,4,Satisfied,1,No,Frequently,2,3,0.7,9,No,21-25,50K-75K,3-5 Years
EMP13761,Isha,Rao,Female,59,Technology,IT Support Specialist,Hyderabad,Bachelor's,Full-Time,Hybrid,2018-03-03,8.5,95400,Meets Expectations,4,Satisfied,4,No,Rarely,24,1,5.9,3,Yes,56+,75K-100K,5-10 Years
EMP13762,Ananya,Joshi,Male,23,Human Resources,Recruiter,Bengaluru,Master's,Contract,Onsite,2013-06-20,13.2,42900,Exceeds Expectations,4,Satisfied,1,No,None,0,2,2.4,1,No,21-25,<50K,10+ Years
EMP13763,Vihaan,Nair,Female,56,Marketing,Content Specialist,Delhi NCR,Bachelor's,Full-Time,Remote,2018-06-20,8.2,82100,Meets Expectations,5,Very Satisfied,3,Yes,Rarely,31,3,5.0,7,No,56+,75K-100K,5-10 Years
EMP13764,Nikhil,Sharma,Non-Binary,47,Marketing,Digital Marketing Analyst,Pune,Bachelor's,Full-Time,Remote,2022-04-08,4.4,59200,Meets Expectations,4,Satisfied,5,Yes,None,39,0,2.9,7,Yes,46-55,50K-75K,3-5 Years
EMP13765,Vihaan,Singh,Male,40,Finance,Accountant,Ahmedabad,Diploma,Full-Time,Hybrid,2025-07-27,1.1,73700,Meets Expectations,3,Neutral,5,No,None,7,1,5.9,17,No,36-45,50K-75K,1-3 Years
EMP13766,Rohit,Joshi,Male,36,Finance,Financial Analyst,Pune,Master's,Full-Time,Onsite,2024-06-20,2.2,79600,Needs Improvement,4,Satisfied,1,No,Frequently,2,0,3.0,20,No,36-45,75K-100K,1-3 Years
EMP13767,Isha,Das,Non-Binary,24,Marketing,Marketing Executive,Hyderabad,Bachelor's,Full-Time,Remote,2018-03-03,8.5,54500,Meets Expectations,2,Dissatisfied,4,No,None,8,2,3.8,7,No,21-25,50K-75K,5-10 Years
EMP13768,Rohit,Reddy,Female,53,Operations,Operations Analyst,Bengaluru,Bachelor's,Contract,Remote,2016-05-14,10.3,77300,Exceeds Expectations,2,Dissatisfied,2,No,None,1,3,2.4,6,No,46-55,75K-100K,10+ Years
EMP13769,Rahul,Kumar,Male,50,Operations,Operations Executive,Bengaluru,Bachelor's,Contract,Remote,2025-10-08,0.9,68200,Meets Expectations,5,Very Satisfied,4,No,None,11,3,7.2,8,No,46-55,50K-75K,<1 Year
EMP13770,Arjun,Iyer,Male,58,Finance,Senior Accountant,Mumbai,Bachelor's,Full-Time,Hybrid,2023-10-08,2.9,99700,Exceeds Expectations,5,Very Satisfied,3,No,Frequently,36,2,8.3,19,No,56+,75K-100K,1-3 Years
EMP13771,Aditya,Rao,Female,50,Finance,Finance Manager,Mumbai,Master's,Full-Time,Onsite,2021-10-08,4.9,76600,Outstanding,5,Very Satisfied,4,No,None,33,3,6.6,7,No,46-55,75K-100K,3-5 Years
EMP13772,Rahul,Nair,Male,59,Finance,Senior Accountant,Ahmedabad,Bachelor's,Contract,Hybrid,2021-10-08,4.9,74000,Meets Expectations,4,Satisfied,5,Yes,None,40,3,12.0,12,No,56+,50K-75K,3-5 Years
EMP13773,Meera,Rao,Female,56,Human Resources,Recruiter,Bengaluru,Diploma,Contract,Hybrid,2012-04-08,14.4,54000,Needs Improvement,2,Dissatisfied,2,Yes,None,33,3,5.2,10,Yes,56+,50K-75K,10+ Years
EMP13774,Ananya,Reddy,Male,38,Sales,Account Manager,Hyderabad,Bachelor's,Full-Time,Remote,2023-06-21,3.2,64500,Meets Expectations,2,Dissatisfied,1,No,None,34,3,2.4,12,No,36-45,50K-75K,3-5 Years
EMP13775,Aisha,Verma,Male,49,Human Resources,Recruiter,Mumbai,MBA,Contract,Onsite,2025-07-27,1.1,71900,Outstanding,2,Dissatisfied,2,No,None,24,3,9.9,11,Yes,46-55,50K-75K,1-3 Years
EMP13776,Arjun,Reddy,Male,31,Technology,Software Engineer,Delhi NCR,Master's,Full-Time,Hybrid,2021-04-08,5.4,88000,Meets Expectations,3,Neutral,2,No,None,5,0,5.6,22,No,26-35,75K-100K,5-10 Years
EMP13777,Sneha,Iyer,Female,52,Human Resources,HR Manager,Chennai,Master's,Full-Time,Remote,2024-06-20,2.2,49300,Outstanding,2,Dissatisfied,1,No,None,31,2,4.7,3,No,46-55,<50K,1-3 Years
EMP13778,Isha,Patel,Male,45,Operations,Operations Manager,Bengaluru,Bachelor's,Full-Time,Onsite,2024-07-26,2.1,49800,Meets Expectations,4,Satisfied,4,No,Rarely,26,0,6.6,10,No,36-45,<50K,1-3 Years
EMP13779,Aisha,Joshi,Female,38,Customer Support,Support Executive,Chennai,MBA,Full-Time,Hybrid,2020-06-20,6.2,32800,Needs Improvement,1,Very Dissatisfied,5,No,None,39,0,1.8,14,No,36-45,<50K,5-10 Years
EMP13780,Neha,Kumar,Female,46,Human Resources,Recruiter,Delhi NCR,Bachelor's,Contract,Hybrid,2021-12-20,4.7,58100,Exceeds Expectations,5,Very Satisfied,3,Yes,None,28,3,11.0,6,Yes,46-55,50K-75K,3-5 Years
EMP13781,Aisha,Sharma,Male,32,Sales,Sales Manager,Chennai,Bachelor's,Full-Time,Hybrid,2025-01-25,1.6,66200,Meets Expectations,3,Neutral,3,No,Rarely,22,2,9.9,11,No,26-35,50K-75K,1-3 Years
EMP13782,Divya,Sharma,Female,45,Technology,Software Engineer,Bengaluru,Bachelor's,Full-Time,Hybrid,2017-07-27,9.1,125600,Meets Expectations,2,Dissatisfied,3,No,None,31,2,11.2,14,No,36-45,100K-150K,5-10 Years
EMP13783,Vikram,Reddy,Female,39,Sales,Sales Executive,Hyderabad,Bachelor's,Full-Time,Hybrid,2019-01-26,7.6,47300,Needs Improvement,3,Neutral,5,No,None,26,3,5.8,18,No,36-45,<50K,5-10 Years
EMP13784,Rohit,Joshi,Male,33,Operations,Process Associate,Ahmedabad,Diploma,Full-Time,Onsite,2025-05-15,1.3,40000,Meets Expectations,3,Neutral,1,No,Frequently,4,2,4.1,11,No,26-35,<50K,1-3 Years
EMP13785,Vihaan,Reddy,Non-Binary,60,Customer Support,Customer Success Specialist,Pune,Bachelor's,Contract,Hybrid,2013-09-01,13.0,43700,Meets Expectations,3,Neutral,3,No,Rarely,25,2,1.9,16,No,56+,<50K,10+ Years
EMP13786,Arjun,Reddy,Female,23,Human Resources,Recruiter,Hyderabad,Bachelor's,Contract,Remote,2022-04-08,4.4,49900,Meets Expectations,2,Dissatisfied,5,No,Rarely,16,1,8.0,10,Yes,21-25,<50K,3-5 Years
EMP13787,Nikhil,Kumar,Male,51,Technology,Software Engineer,Chennai,MBA,Full-Time,Onsite,2012-04-08,14.4,107300,Exceeds Expectations,2,Dissatisfied,1,No,None,6,1,3.0,9,No,46-55,100K-150K,10+ Years
EMP13788,Vihaan,Iyer,Female,29,Sales,Sales Manager,Bengaluru,Bachelor's,Full-Time,Onsite,2012-09-01,14.0,39300,Needs Improvement,2,Dissatisfied,3,No,Frequently,11,0,3.8,20,Yes,26-35,<50K,10+ Years
EMP13789,Aisha,Das,Female,29,Customer Support,Support Executive,Bengaluru,Master's,Full-Time,Onsite,2020-01-26,6.6,70200,Meets Expectations,1,Very Dissatisfied,1,No,None,34,1,0.4,8,No,26-35,50K-75K,5-10 Years
EMP13790,Rohit,Patel,Female,27,Finance,Accountant,Delhi NCR,Master's,Full-Time,Hybrid,2023-01-26,3.6,98800,Meets Expectations,2,Dissatisfied,5,No,None,26,0,11.6,16,Yes,26-35,75K-100K,3-5 Years
EMP13791,Rohit,Rao,Female,25,Sales,Sales Manager,Delhi NCR,Diploma,Contract,Hybrid,2014-01-25,12.6,62000,Outstanding,3,Neutral,4,Yes,Frequently,2,0,10.2,4,No,21-25,50K-75K,10+ Years
EMP13792,Meera,Verma,Female,25,Technology,Data Analyst,Delhi NCR,Master's,Full-Time,Hybrid,2021-03-03,5.5,123200,Exceeds Expectations,1,Very Dissatisfied,5,Yes,None,14,0,8.6,9,No,21-25,100K-150K,5-10 Years
EMP13793,Vihaan,Patel,Female,54,Technology,BI Analyst,Ahmedabad,Bachelor's,Full-Time,Hybrid,2024-01-26,2.6,102600,Meets Expectations,3,Neutral,2,No,Rarely,28,1,9.1,3,Yes,46-55,100K-150K,1-3 Years
EMP13794,Priya,Nair,Female,58,Marketing,Marketing Executive,Chennai,Bachelor's,Full-Time,Hybrid,2018-04-08,8.4,95400,Exceeds Expectations,3,Neutral,4,Yes,None,20,0,10.0,4,No,56+,75K-100K,5-10 Years
EMP13795,Priya,Patel,Male,44,Customer Support,Customer Success Specialist,Delhi NCR,Bachelor's,Contract,Hybrid,2019-04-09,7.4,43000,Needs Improvement,1,Very Dissatisfied,4,No,None,31,1,2.8,7,Yes,36-45,<50K,5-10 Years
EMP13796,Divya,Patel,Female,21,Technology,IT Support Specialist,Bengaluru,Bachelor's,Full-Time,Remote,2013-11-13,12.8,128500,Meets Expectations,3,Neutral,1,No,Rarely,25,3,5.7,1,Yes,21-25,100K-150K,10+ Years
EMP13797,Nikhil,Iyer,Female,55,Marketing,Digital Marketing Analyst,Delhi NCR,Bachelor's,Full-Time,Hybrid,2015-09-02,11.0,52900,Needs Improvement,4,Satisfied,4,No,None,1,2,5.4,14,No,46-55,50K-75K,10+ Years
EMP13798,Meera,Rao,Female,45,Sales,Sales Executive,Mumbai,Bachelor's,Contract,Remote,2013-06-20,13.2,55500,Needs Improvement,4,Satisfied,4,No,Rarely,35,3,0.7,5,No,36-45,50K-75K,10+ Years
EMP13799,Kavya,Iyer,Female,41,Sales,Business Development Executive,Pune,Master's,Contract,Hybrid,2015-07-27,11.1,82800,Meets Expectations,2,Dissatisfied,4,No,None,23,0,7.4,14,No,36-45,75K-100K,10+ Years
EMP13800,Vikram,Das,Male,58,Sales,Business Development Executive,Ahmedabad,Bachelor's,Full-Time,Hybrid,2016-12-20,9.7,56300,Meets Expectations,3,Neutral,3,Yes,None,37,3,1.7,22,No,56+,50K-75K,5-10 Years
EMP13801,Ananya,Patel,Female,37,Customer Support,Support Analyst,Ahmedabad,Master's,Contract,Onsite,2019-01-26,7.6,40400,Meets Expectations,1,Very Dissatisfied,5,No,Rarely,9,0,6.9,21,Yes,36-45,<50K,5-10 Years
EMP13802,Nikhil,Sharma,Male,35,Marketing,Content Specialist,Delhi NCR,Master's,Full-Time,Hybrid,2011-11-14,14.8,46600,Meets Expectations,2,Dissatisfied,1,No,None,28,0,9.0,2,No,26-35,<50K,10+ Years
EMP13803,Sneha,Reddy,Female,52,Operations,Process Associate,Bengaluru,Bachelor's,Full-Time,Hybrid,2012-04-08,14.4,44200,Meets Expectations,4,Satisfied,2,No,Rarely,1,0,1.4,14,No,46-55,<50K,10+ Years
EMP13804,Kiran,Singh,Male,42,Sales,Sales Manager,Bengaluru,Master's,Full-Time,Hybrid,2013-11-13,12.8,55600,Meets Expectations,3,Neutral,2,Yes,None,6,2,2.3,22,No,36-45,50K-75K,10+ Years
EMP13805,Rohit,Das,Female,49,Sales,Sales Manager,Delhi NCR,Bachelor's,Contract,Hybrid,2014-12-20,11.7,58700,Meets Expectations,5,Very Satisfied,5,No,None,36,0,10.5,16,No,46-55,50K-75K,10+ Years
EMP13806,Neha,Das,Male,48,Operations,Operations Executive,Ahmedabad,MBA,Full-Time,Remote,2017-12-20,8.7,61900,Meets Expectations,4,Satisfied,1,Yes,None,36,0,8.8,14,No,46-55,50K-75K,5-10 Years
EMP13807,Divya,Singh,Male,54,Sales,Sales Manager,Bengaluru,Bachelor's,Full-Time,Onsite,2022-09-01,4.0,77100,Meets Expectations,5,Very Satisfied,1,No,Rarely,39,2,9.4,18,No,46-55,75K-100K,3-5 Years
EMP13808,Priya,Patel,Female,33,Technology,Data Analyst,Delhi NCR,Bachelor's,Full-Time,Hybrid,2013-06-20,13.2,59400,Outstanding,3,Neutral,5,Yes,None,8,0,2.0,11,Yes,26-35,50K-75K,10+ Years
EMP13809,Rohit,Nair,Male,23,Human Resources,HR Manager,Mumbai,Bachelor's,Full-Time,Hybrid,2026-04-08,0.4,84400,Outstanding,1,Very Dissatisfied,2,No,None,36,3,8.3,16,No,21-25,75K-100K,<1 Year
EMP13810,Vihaan,Sharma,Male,40,Marketing,Digital Marketing Analyst,Mumbai,Master's,Full-Time,Onsite,2023-01-26,3.6,73600,Meets Expectations,3,Neutral,4,No,Frequently,2,0,1.8,19,No,36-45,50K-75K,3-5 Years
EMP13811,Meera,Singh,Female,46,Technology,IT Support Specialist,Bengaluru,Bachelor's,Full-Time,Hybrid,2020-06-20,6.2,111600,Outstanding,5,Very Satisfied,2,No,None,16,3,5.1,13,No,46-55,100K-150K,5-10 Years
EMP13812,Meera,Kumar,Male,53,Human Resources,Recruiter,Bengaluru,Bachelor's,Full-Time,Onsite,2017-10-08,8.9,80200,Needs Improvement,1,Very Dissatisfied,4,No,Rarely,17,2,0.7,6,No,46-55,75K-100K,5-10 Years
EMP13813,Rahul,Nair,Male,31,Marketing,Marketing Manager,Chennai,Master's,Contract,Onsite,2018-03-03,8.5,90600,Meets Expectations,5,Very Satisfied,5,No,None,32,3,4.1,17,No,26-35,75K-100K,5-10 Years
EMP13814,Aisha,Nair,Female,50,Human Resources,HR Manager,Pune,MBA,Full-Time,Hybrid,2023-11-14,2.8,46700,Meets Expectations,1,Very Dissatisfied,4,No,None,28,1,11.6,1,No,46-55,<50K,1-3 Years
EMP13815,Kavya,Joshi,Female,54,Finance,Accountant,Delhi NCR,Bachelor's,Contract,Remote,2024-11-13,1.8,82200,Meets Expectations,4,Satisfied,2,No,None,14,0,8.4,15,No,46-55,75K-100K,1-3 Years
EMP13816,Meera,Iyer,Male,53,Sales,Account Manager,Chennai,Bachelor's,Contract,Remote,2023-03-03,3.5,81500,Needs Improvement,5,Very Satisfied,4,No,None,6,2,0.6,4,No,46-55,75K-100K,3-5 Years
EMP13817,Ananya,Kumar,Male,53,Human Resources,HR Analyst,Delhi NCR,Bachelor's,Full-Time,Remote,2021-04-08,5.4,78200,Outstanding,2,Dissatisfied,5,No,Rarely,14,3,9.3,0,No,46-55,75K-100K,5-10 Years
EMP13818,Rahul,Kumar,Male,60,Operations,Process Associate,Mumbai,Master's,Full-Time,Onsite,2026-04-08,0.4,41800,Meets Expectations,2,Dissatisfied,5,No,None,12,3,4.8,18,Yes,56+,<50K,<1 Year
EMP13819,Rohit,Singh,Female,47,Marketing,Content Specialist,Ahmedabad,Bachelor's,Full-Time,Onsite,2016-04-08,10.4,75500,Meets Expectations,5,Very Satisfied,2,Yes,None,27,2,3.6,18,No,46-55,75K-100K,10+ Years
EMP13820,Aisha,Verma,Female,35,Customer Support,Support Executive,Pune,Master's,Full-Time,Onsite,2022-10-08,3.9,63200,Needs Improvement,2,Dissatisfied,2,Yes,Rarely,3,1,2.5,13,Yes,26-35,50K-75K,3-5 Years
EMP13821,Rahul,Nair,Male,38,Sales,Account Manager,Pune,Bachelor's,Full-Time,Hybrid,2021-04-08,5.4,51900,Meets Expectations,4,Satisfied,3,No,Rarely,16,0,5.2,0,No,36-45,50K-75K,5-10 Years
EMP13822,Sneha,Kumar,Female,50,Sales,Account Manager,Delhi NCR,Bachelor's,Contract,Remote,2021-06-20,5.2,68600,Meets Expectations,1,Very Dissatisfied,2,No,None,25,0,3.3,10,No,46-55,50K-75K,5-10 Years
EMP13823,Isha,Verma,Female,30,Human Resources,Recruiter,Mumbai,Bachelor's,Full-Time,Hybrid,2018-11-14,7.8,84400,Meets Expectations,4,Satisfied,4,Yes,None,26,0,11.0,10,No,26-35,75K-100K,5-10 Years
EMP13824,Aditya,Iyer,Female,45,Technology,Software Engineer,Bengaluru,Bachelor's,Full-Time,Hybrid,2013-10-08,12.9,95300,Needs Improvement,3,Neutral,3,Yes,None,29,3,8.5,17,No,36-45,75K-100K,10+ Years
EMP13825,Ananya,Sharma,Female,43,Marketing,Marketing Manager,Pune,Master's,Full-Time,Onsite,2024-04-08,2.4,53600,Meets Expectations,3,Neutral,3,Yes,Frequently,11,3,11.0,19,No,36-45,50K-75K,1-3 Years
EMP13826,Kiran,Joshi,Male,47,Customer Support,Support Analyst,Kolkata,Master's,Full-Time,Hybrid,2021-06-20,5.2,53500,Meets Expectations,4,Satisfied,5,No,Rarely,21,2,0.6,11,No,46-55,50K-75K,5-10 Years
EMP13827,Sanjay,Kumar,Male,37,Finance,Financial Analyst,Hyderabad,Master's,Full-Time,Remote,2016-04-08,10.4,83100,Meets Expectations,3,Neutral,2,No,Rarely,4,1,0.7,16,No,36-45,75K-100K,10+ Years
EMP13828,Arjun,Singh,Female,50,Human Resources,HR Executive,Bengaluru,Bachelor's,Full-Time,Hybrid,2025-10-08,0.9,62300,Meets Expectations,4,Satisfied,5,Yes,None,18,0,7.6,10,No,46-55,50K-75K,<1 Year
EMP13829,Rohit,Reddy,Male,23,Marketing,Marketing Manager,Delhi NCR,Bachelor's,Full-Time,Hybrid,2014-03-03,12.5,79000,Meets Expectations,3,Neutral,3,No,None,40,3,7.5,21,No,21-25,75K-100K,10+ Years
EMP13830,Arjun,Sharma,Male,50,Technology,Data Analyst,Ahmedabad,Master's,Full-Time,Hybrid,2012-04-08,14.4,88900,Meets Expectations,5,Very Satisfied,5,No,None,34,2,8.7,21,No,46-55,75K-100K,10+ Years
EMP13831,Vikram,Patel,Female,53,Customer Support,Team Lead,Kolkata,Master's,Contract,Hybrid,2017-06-20,9.2,66200,Meets Expectations,3,Neutral,3,Yes,None,25,0,6.9,16,No,46-55,50K-75K,5-10 Years
EMP13832,Sneha,Gupta,Female,56,Technology,IT Support Specialist,Delhi NCR,Bachelor's,Full-Time,Hybrid,2012-04-08,14.4,114100,Outstanding,2,Dissatisfied,4,Yes,None,17,1,0.6,13,Yes,56+,100K-150K,10+ Years
EMP13833,Rohit,Singh,Female,57,Operations,Process Associate,Pune,Bachelor's,Full-Time,Hybrid,2020-05-14,6.3,73700,Needs Improvement,5,Very Satisfied,1,No,None,36,1,8.3,11,No,56+,50K-75K,5-10 Years
EMP13834,Pooja,Gupta,Female,34,Marketing,Marketing Manager,Kolkata,Bachelor's,Full-Time,Hybrid,2020-05-14,6.3,71000,Meets Expectations,2,Dissatisfied,2,No,None,18,3,10.0,14,No,26-35,50K-75K,5-10 Years
EMP13835,Sneha,Nair,Male,22,Sales,Business Development Executive,Chennai,Bachelor's,Contract,Onsite,2024-11-13,1.8,48200,Needs Improvement,5,Very Satisfied,3,Yes,None,31,2,8.5,8,No,21-25,<50K,1-3 Years
EMP13836,Divya,Gupta,Female,47,Operations,Operations Executive,Pune,Bachelor's,Full-Time,Hybrid,2025-12-20,0.7,70100,Meets Expectations,5,Very Satisfied,2,No,None,23,2,9.9,14,No,46-55,50K-75K,<1 Year
EMP13837,Kavya,Nair,Female,24,Technology,Data Analyst,Pune,Bachelor's,Full-Time,Onsite,2022-11-14,3.8,63300,Meets Expectations,3,Neutral,1,No,None,0,3,5.4,0,No,21-25,50K-75K,3-5 Years
EMP13838,Rahul,Patel,Male,32,Marketing,Marketing Executive,Pune,Master's,Contract,Onsite,2019-05-15,7.3,70500,Meets Expectations,3,Neutral,3,No,Rarely,28,1,1.4,6,No,26-35,50K-75K,5-10 Years
EMP13839,Priya,Das,Female,49,Customer Support,Support Analyst,Delhi NCR,Bachelor's,Full-Time,Onsite,2018-12-20,7.7,34300,Meets Expectations,2,Dissatisfied,2,No,Rarely,36,1,10.8,16,No,46-55,<50K,5-10 Years
EMP13840,Kavya,Sharma,Male,44,Customer Support,Support Analyst,Kolkata,Bachelor's,Contract,Remote,2023-04-09,3.4,52700,Meets Expectations,5,Very Satisfied,4,Yes,None,31,2,9.2,22,No,36-45,50K-75K,3-5 Years
EMP13841,Sanjay,Joshi,Male,45,Customer Support,Customer Success Specialist,Delhi NCR,Bachelor's,Full-Time,Onsite,2017-05-15,9.3,58800,Meets Expectations,2,Dissatisfied,3,Yes,Rarely,25,1,6.5,4,Yes,36-45,50K-75K,5-10 Years
EMP13842,Vihaan,Sharma,Female,51,Human Resources,HR Analyst,Kolkata,Master's,Full-Time,Remote,2023-10-08,2.9,63100,Needs Improvement,4,Satisfied,3,No,None,1,2,1.9,0,No,46-55,50K-75K,1-3 Years
EMP13843,Arjun,Gupta,Male,27,Human Resources,Recruiter,Pune,Bachelor's,Full-Time,Onsite,2021-09-01,5.0,63000,Meets Expectations,5,Very Satisfied,5,No,None,0,3,2.2,8,No,26-35,50K-75K,3-5 Years
EMP13844,Rahul,Das,Male,52,Finance,Financial Analyst,Mumbai,Master's,Contract,Hybrid,2023-07-27,3.1,55900,Exceeds Expectations,1,Very Dissatisfied,1,No,Frequently,34,2,2.5,7,No,46-55,50K-75K,3-5 Years
EMP13845,Nikhil,Joshi,Female,44,Customer Support,Support Analyst,Delhi NCR,Bachelor's,Full-Time,Hybrid,2016-03-02,10.5,43900,Outstanding,1,Very Dissatisfied,4,No,None,19,1,2.0,22,Yes,36-45,<50K,10+ Years
EMP13846,Isha,Verma,Male,37,Human Resources,Recruiter,Chennai,Master's,Full-Time,Onsite,2018-11-14,7.8,64400,Meets Expectations,5,Very Satisfied,3,Yes,Rarely,18,1,9.9,7,Yes,36-45,50K-75K,5-10 Years
EMP13847,Aarav,Das,Female,39,Operations,Operations Executive,Kolkata,Bachelor's,Full-Time,Remote,2015-07-27,11.1,76400,Meets Expectations,5,Very Satisfied,4,No,None,26,2,5.5,21,No,36-45,75K-100K,10+ Years
EMP13848,Meera,Patel,Male,41,Finance,Financial Analyst,Mumbai,Master's,Full-Time,Hybrid,2025-09-01,1.0,101300,Meets Expectations,2,Dissatisfied,5,Yes,None,37,0,3.6,22,No,36-45,100K-150K,<1 Year
EMP13849,Ananya,Patel,Female,43,Operations,Operations Analyst,Pune,Bachelor's,Full-Time,Onsite,2020-03-02,6.5,80400,Meets Expectations,2,Dissatisfied,2,Yes,None,17,3,4.2,0,Yes,36-45,75K-100K,5-10 Years
EMP13850,Divya,Joshi,Male,34,Technology,BI Analyst,Delhi NCR,Master's,Contract,Remote,2012-03-02,14.5,65500,Needs Improvement,4,Satisfied,2,No,None,21,0,3.4,13,No,26-35,50K-75K,10+ Years
EMP13851,Kavya,Verma,Male,29,Operations,Operations Analyst,Hyderabad,Bachelor's,Full-Time,Onsite,2025-09-01,1.0,50800,Meets Expectations,3,Neutral,4,No,None,22,3,6.5,6,No,26-35,50K-75K,<1 Year
EMP13852,Sanjay,Joshi,Male,27,Sales,Account Manager,Kolkata,Master's,Full-Time,Onsite,2020-04-08,6.4,60700,Outstanding,2,Dissatisfied,4,Yes,None,19,3,5.5,8,No,26-35,50K-75K,5-10 Years
EMP13853,Aditya,Verma,Male,34,Sales,Sales Manager,Bengaluru,Bachelor's,Full-Time,Remote,2025-11-13,0.8,69000,Meets Expectations,2,Dissatisfied,1,No,None,26,2,10.8,9,No,26-35,50K-75K,<1 Year
EMP13854,Neha,Das,Female,31,Finance,Financial Analyst,Chennai,Bachelor's,Full-Time,Onsite,2024-04-08,2.4,89900,Meets Expectations,3,Neutral,2,Yes,None,8,1,2.3,7,No,26-35,75K-100K,1-3 Years
EMP13855,Sneha,Kumar,Male,41,Human Resources,Recruiter,Kolkata,Diploma,Contract,Hybrid,2019-09-02,7.0,81600,Meets Expectations,2,Dissatisfied,5,No,None,15,1,10.3,3,No,36-45,75K-100K,5-10 Years
EMP13856,Vikram,Gupta,Male,57,Marketing,Marketing Executive,Kolkata,Bachelor's,Full-Time,Onsite,2024-03-02,2.5,69400,Exceeds Expectations,3,Neutral,3,No,None,19,2,3.9,2,No,56+,50K-75K,1-3 Years
EMP13857,Isha,Kumar,Male,25,Finance,Financial Analyst,Pune,Bachelor's,Full-Time,Remote,2018-10-08,7.9,81300,Exceeds Expectations,4,Satisfied,5,No,None,21,3,11.7,3,No,21-25,75K-100K,5-10 Years
EMP13858,Neha,Gupta,Male,33,Sales,Sales Executive,Delhi NCR,Master's,Contract,Hybrid,2012-10-08,13.9,84000,Meets Expectations,2,Dissatisfied,4,No,None,20,3,8.3,0,No,26-35,75K-100K,10+ Years
EMP13859,Kiran,Patel,Male,22,Finance,Accountant,Hyderabad,Master's,Full-Time,Onsite,2023-06-21,3.2,62800,Exceeds Expectations,3,Neutral,2,No,Rarely,17,0,11.1,9,No,21-25,50K-75K,3-5 Years
EMP13860,Arjun,Verma,Female,59,Human Resources,HR Executive,Kolkata,Bachelor's,Full-Time,Remote,2024-11-13,1.8,82500,Needs Improvement,5,Very Satisfied,2,No,Frequently,36,3,10.8,3,No,56+,75K-100K,1-3 Years
EMP13861,Kavya,Joshi,Female,49,Human Resources,HR Manager,Bengaluru,Bachelor's,Full-Time,Hybrid,2014-04-08,12.4,77900,Needs Improvement,3,Neutral,5,No,None,32,2,6.0,4,No,46-55,75K-100K,10+ Years
EMP13862,Aditya,Kumar,Male,30,Marketing,Digital Marketing Analyst,Kolkata,Bachelor's,Full-Time,Hybrid,2019-09-02,7.0,50800,Meets Expectations,1,Very Dissatisfied,4,No,None,36,3,5.3,10,No,26-35,50K-75K,5-10 Years
EMP13863,Ananya,Nair,Male,37,Technology,IT Support Specialist,Mumbai,Bachelor's,Full-Time,Hybrid,2013-05-15,13.3,123500,Meets Expectations,4,Satisfied,3,No,Frequently,24,1,2.3,13,No,36-45,100K-150K,10+ Years
EMP13864,Divya,Nair,Male,49,Marketing,Content Specialist,Chennai,Bachelor's,Contract,Hybrid,2021-12-20,4.7,88100,Meets Expectations,3,Neutral,4,Yes,Rarely,19,3,4.3,6,No,46-55,75K-100K,3-5 Years
EMP13865,Neha,Patel,Male,59,Marketing,Content Specialist,Pune,Bachelor's,Full-Time,Onsite,2017-03-03,9.5,84200,Exceeds Expectations,4,Satisfied,3,Yes,Frequently,17,0,3.8,10,No,56+,75K-100K,5-10 Years
EMP13866,Rohit,Verma,Male,43,Operations,Process Associate,Kolkata,MBA,Full-Time,Hybrid,2012-10-08,13.9,43200,Meets Expectations,1,Very Dissatisfied,2,No,Rarely,35,2,4.3,22,No,36-45,<50K,10+ Years
EMP13867,Divya,Joshi,Male,31,Human Resources,HR Executive,Pune,MBA,Contract,Hybrid,2023-12-20,2.7,49000,Outstanding,4,Satisfied,5,Yes,Rarely,27,1,2.3,20,No,26-35,<50K,1-3 Years
EMP13868,Pooja,Verma,Male,48,Operations,Operations Analyst,Mumbai,Bachelor's,Contract,Hybrid,2014-07-27,12.1,68200,Meets Expectations,4,Satisfied,5,No,None,35,1,2.7,6,No,46-55,50K-75K,10+ Years
EMP13869,Sanjay,Reddy,Female,48,Technology,BI Analyst,Hyderabad,Bachelor's,Full-Time,Onsite,2017-03-03,9.5,66000,Exceeds Expectations,1,Very Dissatisfied,5,No,None,34,1,9.7,16,No,46-55,50K-75K,5-10 Years
EMP13870,Aarav,Nair,Male,46,Marketing,Marketing Manager,Delhi NCR,MBA,Contract,Hybrid,2014-06-20,12.2,49400,Meets Expectations,3,Neutral,4,No,Rarely,38,0,9.6,19,No,46-55,<50K,10+ Years
EMP13871,Pooja,Reddy,Male,22,Sales,Sales Executive,Bengaluru,Master's,Full-Time,Onsite,2023-12-20,2.7,57700,Meets Expectations,3,Neutral,5,Yes,None,22,2,10.4,12,No,21-25,50K-75K,1-3 Years
EMP13872,Isha,Singh,Female,49,Sales,Sales Manager,Bengaluru,Bachelor's,Contract,Hybrid,2020-01-26,6.6,39300,Needs Improvement,3,Neutral,3,No,Rarely,14,0,2.3,19,No,46-55,<50K,5-10 Years
EMP13873,Divya,Joshi,Male,21,Customer Support,Team Lead,Delhi NCR,Bachelor's,Contract,Hybrid,2024-07-26,2.1,60200,Meets Expectations,4,Satisfied,2,Yes,Frequently,37,0,11.4,7,No,21-25,50K-75K,1-3 Years
EMP13874,Meera,Nair,Female,57,Human Resources,HR Manager,Kolkata,Master's,Full-Time,Onsite,2012-04-08,14.4,69200,Meets Expectations,4,Satisfied,1,No,None,8,0,3.2,4,No,56+,50K-75K,10+ Years
EMP13875,Sanjay,Nair,Female,56,Marketing,Digital Marketing Analyst,Hyderabad,MBA,Full-Time,Onsite,2025-07-27,1.1,47600,Meets Expectations,5,Very Satisfied,2,No,None,13,3,2.5,9,No,56+,<50K,1-3 Years
EMP13876,Aarav,Kumar,Male,43,Marketing,Marketing Executive,Hyderabad,Bachelor's,Full-Time,Onsite,2025-06-20,1.2,71900,Needs Improvement,4,Satisfied,3,No,Frequently,38,2,1.8,5,Yes,36-45,50K-75K,1-3 Years
EMP13877,Vikram,Sharma,Female,46,Marketing,Digital Marketing Analyst,Hyderabad,Bachelor's,Full-Time,Onsite,2013-03-03,13.5,46300,Meets Expectations,2,Dissatisfied,1,No,Frequently,29,0,1.8,13,Yes,46-55,<50K,10+ Years
EMP13878,Vikram,Joshi,Male,23,Technology,Data Analyst,Bengaluru,Master's,Contract,Hybrid,2021-12-20,4.7,63500,Meets Expectations,5,Very Satisfied,2,No,Frequently,23,2,3.4,16,Yes,21-25,50K-75K,3-5 Years
EMP13879,Rohit,Kumar,Non-Binary,55,Technology,Data Analyst,Pune,Bachelor's,Contract,Hybrid,2017-09-01,9.0,92600,Meets Expectations,3,Neutral,5,Yes,Rarely,21,0,11.8,20,No,46-55,75K-100K,5-10 Years
EMP13880,Isha,Iyer,Female,31,Sales,Account Manager,Pune,Bachelor's,Full-Time,Hybrid,2022-03-03,4.5,62400,Meets Expectations,5,Very Satisfied,2,No,Frequently,19,3,8.7,22,No,26-35,50K-75K,3-5 Years
EMP13881,Isha,Patel,Male,31,Customer Support,Customer Success Specialist,Mumbai,Master's,Full-Time,Onsite,2016-11-13,9.8,45400,Outstanding,3,Neutral,2,No,None,36,0,6.5,11,No,26-35,<50K,5-10 Years
EMP13882,Aarav,Gupta,Male,49,Technology,Software Engineer,Kolkata,Bachelor's,Full-Time,Hybrid,2023-09-02,3.0,102100,Meets Expectations,2,Dissatisfied,4,No,None,16,1,4.3,12,No,46-55,100K-150K,1-3 Years
EMP13883,Meera,Nair,Female,58,Marketing,Digital Marketing Analyst,Hyderabad,Bachelor's,Full-Time,Onsite,2019-09-02,7.0,63700,Exceeds Expectations,4,Satisfied,5,No,None,19,2,7.2,0,No,56+,50K-75K,5-10 Years
EMP13884,Rohit,Singh,Male,40,Human Resources,HR Analyst,Chennai,Bachelor's,Full-Time,Onsite,2018-07-27,8.1,71600,Outstanding,4,Satisfied,5,Yes,None,3,3,5.7,8,No,36-45,50K-75K,5-10 Years
EMP13885,Arjun,Das,Female,41,Technology,Software Engineer,Hyderabad,Bachelor's,Full-Time,Hybrid,2021-07-27,5.1,83100,Outstanding,1,Very Dissatisfied,5,No,Frequently,4,0,10.8,6,No,36-45,75K-100K,5-10 Years
EMP13886,Kiran,Patel,Female,42,Finance,Senior Accountant,Mumbai,Bachelor's,Contract,Hybrid,2022-10-08,3.9,90600,Meets Expectations,1,Very Dissatisfied,1,No,None,8,3,3.4,0,No,36-45,75K-100K,3-5 Years
EMP13887,Vihaan,Rao,Male,32,Sales,Sales Manager,Ahmedabad,Master's,Full-Time,Onsite,2024-05-14,2.3,66100,Meets Expectations,4,Satisfied,1,No,Rarely,12,1,2.4,1,No,26-35,50K-75K,1-3 Years
EMP13888,Aditya,Joshi,Male,44,Technology,IT Support Specialist,Ahmedabad,Diploma,Full-Time,Onsite,2015-12-20,10.7,69700,Outstanding,1,Very Dissatisfied,4,No,None,11,2,3.5,18,Yes,36-45,50K-75K,10+ Years
EMP13889,Kiran,Patel,Male,59,Sales,Sales Manager,Hyderabad,Master's,Full-Time,Hybrid,2023-12-20,2.7,71100,Exceeds Expectations,3,Neutral,5,No,Rarely,27,0,9.0,2,No,56+,50K-75K,1-3 Years
EMP13890,Vihaan,Patel,Male,36,Operations,Operations Executive,Delhi NCR,Bachelor's,Contract,Onsite,2022-03-03,4.5,72800,Meets Expectations,3,Neutral,4,No,None,22,0,6.7,5,No,36-45,50K-75K,3-5 Years
EMP13891,Arjun,Reddy,Male,51,Human Resources,HR Manager,Kolkata,Bachelor's,Full-Time,Onsite,2021-06-20,5.2,45300,Meets Expectations,3,Neutral,5,No,None,0,3,8.7,14,No,46-55,<50K,5-10 Years
EMP13892,Rahul,Das,Female,51,Customer Support,Customer Success Specialist,Kolkata,Bachelor's,Full-Time,Remote,2019-10-08,6.9,55900,Needs Improvement,3,Neutral,4,No,None,21,2,6.0,4,No,46-55,50K-75K,5-10 Years
EMP13893,Aisha,Sharma,Male,55,Human Resources,Recruiter,Hyderabad,Master's,Full-Time,Onsite,2016-01-26,10.6,81800,Meets Expectations,5,Very Satisfied,2,No,None,3,0,5.0,13,No,46-55,75K-100K,10+ Years
EMP13894,Arjun,Singh,Male,49,Technology,Data Analyst,Bengaluru,Bachelor's,Full-Time,Hybrid,2020-03-02,6.5,66500,Meets Expectations,3,Neutral,5,No,None,22,2,3.2,4,No,46-55,50K-75K,5-10 Years
EMP13895,Meera,Patel,Male,57,Marketing,Digital Marketing Analyst,Pune,Bachelor's,Full-Time,Hybrid,2013-07-27,13.1,90600,Needs Improvement,5,Very Satisfied,4,No,Rarely,2,2,9.7,8,No,56+,75K-100K,10+ Years
EMP13896,Divya,Joshi,Female,49,Customer Support,Customer Success Specialist,Hyderabad,Bachelor's,Full-Time,Onsite,2016-05-14,10.3,48300,Needs Improvement,3,Neutral,2,No,None,3,3,4.4,15,No,46-55,<50K,10+ Years
EMP13897,Rohit,Rao,Female,60,Human Resources,HR Analyst,Pune,Master's,Full-Time,Hybrid,2014-01-25,12.6,79200,Exceeds Expectations,3,Neutral,3,No,Frequently,33,1,0.7,18,No,56+,75K-100K,10+ Years
EMP13898,Aarav,Rao,Female,49,Sales,Sales Manager,Bengaluru,Bachelor's,Full-Time,Hybrid,2015-11-14,10.8,81100,Meets Expectations,4,Satisfied,3,No,Frequently,0,2,3.7,9,No,46-55,75K-100K,10+ Years
EMP13899,Kiran,Verma,Female,54,Finance,Finance Manager,Kolkata,Bachelor's,Full-Time,Onsite,2024-04-08,2.4,106600,Meets Expectations,2,Dissatisfied,1,No,None,39,0,2.0,13,No,46-55,100K-150K,1-3 Years
EMP13900,Aditya,Verma,Female,56,Customer Support,Support Executive,Ahmedabad,Master's,Full-Time,Onsite,2011-12-20,14.7,54800,Meets Expectations,5,Very Satisfied,2,No,None,18,3,6.8,18,No,56+,50K-75K,10+ Years
EMP13901,Aarav,Kumar,Female,60,Human Resources,HR Executive,Pune,Bachelor's,Full-Time,Remote,2014-11-14,11.8,77500,Meets Expectations,5,Very Satisfied,2,Yes,None,33,0,6.1,18,No,56+,75K-100K,10+ Years
EMP13902,Isha,Reddy,Male,44,Customer Support,Team Lead,Delhi NCR,Bachelor's,Full-Time,Onsite,2017-12-20,8.7,42000,Meets Expectations,1,Very Dissatisfied,2,No,None,7,0,5.9,2,Yes,36-45,<50K,5-10 Years
EMP13903,Aditya,Kumar,Female,49,Human Resources,Recruiter,Hyderabad,Master's,Full-Time,Hybrid,2024-01-26,2.6,56600,Needs Improvement,1,Very Dissatisfied,3,No,None,19,2,3.2,1,No,46-55,50K-75K,1-3 Years
EMP13904,Aisha,Iyer,Female,59,Sales,Business Development Executive,Chennai,Master's,Contract,Hybrid,2023-11-14,2.8,78800,Meets Expectations,2,Dissatisfied,3,No,Frequently,36,0,1.4,15,No,56+,75K-100K,1-3 Years
EMP13905,Kavya,Sharma,Male,36,Customer Support,Support Analyst,Ahmedabad,Bachelor's,Full-Time,Hybrid,2017-05-15,9.3,47700,Meets Expectations,1,Very Dissatisfied,5,No,Frequently,3,0,1.6,11,No,36-45,<50K,5-10 Years
EMP13906,Sanjay,Verma,Female,25,Operations,Operations Manager,Ahmedabad,Master's,Full-Time,Hybrid,2020-04-08,6.4,74500,Meets Expectations,1,Very Dissatisfied,1,Yes,None,17,2,4.4,19,Yes,21-25,50K-75K,5-10 Years
EMP13907,Rohit,Nair,Female,56,Operations,Process Associate,Chennai,Bachelor's,Full-Time,Hybrid,2016-06-20,10.2,39800,Meets Expectations,5,Very Satisfied,5,No,Rarely,5,0,7.6,13,No,56+,<50K,10+ Years
EMP13908,Vikram,Gupta,Male,46,Customer Support,Support Analyst,Delhi NCR,Master's,Full-Time,Hybrid,2020-12-20,5.7,40700,Meets Expectations,1,Very Dissatisfied,2,No,Frequently,14,3,0.4,19,Yes,46-55,<50K,5-10 Years
EMP13909,Rohit,Das,Male,38,Technology,Data Analyst,Hyderabad,Bachelor's,Full-Time,Hybrid,2018-11-14,7.8,70400,Meets Expectations,2,Dissatisfied,2,No,None,39,3,0.3,17,No,36-45,50K-75K,5-10 Years
EMP13910,Rohit,Reddy,Female,49,Customer Support,Support Analyst,Kolkata,Bachelor's,Full-Time,Hybrid,2023-09-02,3.0,52600,Needs Improvement,5,Very Satisfied,1,No,Frequently,22,0,1.7,3,No,46-55,50K-75K,1-3 Years
EMP13911,Kiran,Singh,Male,22,Technology,Software Engineer,Bengaluru,Master's,Contract,Remote,2024-03-02,2.5,64200,Meets Expectations,2,Dissatisfied,1,No,Frequently,13,0,6.2,20,No,21-25,50K-75K,1-3 Years
EMP13912,Divya,Nair,Male,40,Customer Support,Customer Success Specialist,Hyderabad,Master's,Full-Time,Onsite,2025-05-15,1.3,45600,Meets Expectations,1,Very Dissatisfied,1,No,Frequently,25,0,4.1,13,Yes,36-45,<50K,1-3 Years
EMP13913,Meera,Sharma,Male,31,Technology,BI Analyst,Mumbai,Bachelor's,Contract,Onsite,2014-05-15,12.3,127700,Needs Improvement,2,Dissatisfied,2,No,Rarely,11,2,5.4,2,No,26-35,100K-150K,10+ Years
EMP13914,Pooja,Rao,Female,32,Human Resources,HR Executive,Kolkata,MBA,Full-Time,Hybrid,2018-04-08,8.4,82000,Exceeds Expectations,2,Dissatisfied,2,No,None,3,2,3.8,21,No,26-35,75K-100K,5-10 Years
EMP13915,Isha,Das,Female,59,Operations,Operations Manager,Mumbai,Bachelor's,Full-Time,Onsite,2012-06-20,14.2,71700,Needs Improvement,3,Neutral,2,No,None,23,1,8.3,5,No,56+,50K-75K,10+ Years
EMP13916,Kiran,Rao,Male,43,Sales,Sales Manager,Chennai,Bachelor's,Full-Time,Remote,2015-05-15,11.3,45300,Meets Expectations,3,Neutral,1,No,Frequently,30,2,3.8,18,No,36-45,<50K,10+ Years
EMP13917,Pooja,Das,Female,26,Sales,Account Manager,Pune,Bachelor's,Full-Time,Onsite,2015-01-26,11.6,56100,Meets Expectations,1,Very Dissatisfied,2,No,None,7,2,2.6,8,No,26-35,50K-75K,10+ Years
EMP13918,Sanjay,Rao,Male,35,Operations,Operations Executive,Hyderabad,Bachelor's,Contract,Onsite,2018-12-20,7.7,68100,Meets Expectations,2,Dissatisfied,1,No,None,5,2,9.2,19,No,26-35,50K-75K,5-10 Years
EMP13919,Arjun,Reddy,Female,30,Sales,Sales Manager,Hyderabad,Diploma,Contract,Onsite,2014-05-15,12.3,40000,Outstanding,3,Neutral,4,Yes,None,24,0,11.6,2,No,26-35,<50K,10+ Years
EMP13920,Neha,Verma,Female,57,Marketing,Content Specialist,Hyderabad,Bachelor's,Full-Time,Onsite,2012-07-26,14.1,66200,Meets Expectations,3,Neutral,4,No,None,15,0,6.8,21,No,56+,50K-75K,10+ Years
EMP13921,Divya,Singh,Female,32,Customer Support,Support Analyst,Pune,Bachelor's,Full-Time,Hybrid,2015-10-08,10.9,68200,Meets Expectations,3,Neutral,1,No,None,38,1,0.9,11,No,26-35,50K-75K,10+ Years
EMP13922,Isha,Das,Female,35,Marketing,Digital Marketing Analyst,Mumbai,Master's,Full-Time,Hybrid,2024-11-13,1.8,47800,Meets Expectations,5,Very Satisfied,4,No,Frequently,14,1,9.7,2,No,26-35,<50K,1-3 Years
EMP13923,Aarav,Joshi,Female,34,Human Resources,Recruiter,Hyderabad,Bachelor's,Full-Time,Remote,2016-11-13,9.8,87700,Meets Expectations,3,Neutral,5,No,None,16,0,5.3,10,No,26-35,75K-100K,5-10 Years
EMP13924,Aditya,Singh,Male,28,Finance,Accountant,Mumbai,Master's,Contract,Hybrid,2024-09-01,2.0,60100,Meets Expectations,4,Satisfied,5,No,None,23,1,8.4,4,No,26-35,50K-75K,1-3 Years
EMP13925,Aditya,Joshi,Male,52,Marketing,Digital Marketing Analyst,Delhi NCR,Bachelor's,Full-Time,Hybrid,2025-05-15,1.3,53400,Meets Expectations,3,Neutral,1,No,None,40,0,7.1,12,No,46-55,50K-75K,1-3 Years
EMP13926,Divya,Joshi,Male,44,Marketing,Digital Marketing Analyst,Bengaluru,Diploma,Full-Time,Hybrid,2016-03-02,10.5,53700,Meets Expectations,3,Neutral,5,No,Rarely,28,0,6.1,18,No,36-45,50K-75K,10+ Years
EMP13927,Ananya,Rao,Male,38,Human Resources,HR Executive,Chennai,Bachelor's,Full-Time,Onsite,2014-01-25,12.6,88900,Needs Improvement,1,Very Dissatisfied,3,No,Rarely,27,3,4.5,2,No,36-45,75K-100K,10+ Years
EMP13928,Isha,Reddy,Male,36,Technology,IT Support Specialist,Pune,MBA,Full-Time,Remote,2024-01-26,2.6,100900,Meets Expectations,4,Satisfied,5,No,Frequently,32,2,2.6,18,No,36-45,100K-150K,1-3 Years
EMP13929,Aditya,Nair,Male,47,Marketing,Marketing Manager,Kolkata,Bachelor's,Full-Time,Hybrid,2025-05-15,1.3,82700,Meets Expectations,5,Very Satisfied,2,No,Frequently,33,3,4.7,18,No,46-55,75K-100K,1-3 Years
EMP13930,Ananya,Verma,Male,24,Operations,Operations Executive,Chennai,Bachelor's,Full-Time,Hybrid,2013-05-15,13.3,54000,Meets Expectations,5,Very Satisfied,4,No,None,21,0,2.1,2,No,21-25,50K-75K,10+ Years
EMP13931,Vikram,Gupta,Male,58,Marketing,Content Specialist,Kolkata,Bachelor's,Full-Time,Hybrid,2024-06-20,2.2,89100,Meets Expectations,4,Satisfied,5,No,Frequently,11,1,8.1,19,No,56+,75K-100K,1-3 Years
EMP13932,Ananya,Nair,Female,43,Sales,Sales Executive,Hyderabad,Bachelor's,Full-Time,Hybrid,2025-12-20,0.7,66200,Meets Expectations,2,Dissatisfied,2,Yes,None,6,2,1.2,19,No,36-45,50K-75K,<1 Year
EMP13933,Kavya,Das,Male,30,Marketing,Marketing Manager,Ahmedabad,Bachelor's,Full-Time,Onsite,2015-10-08,10.9,74800,Meets Expectations,3,Neutral,4,No,Rarely,23,3,8.6,14,No,26-35,50K-75K,10+ Years
EMP13934,Ananya,Iyer,Female,42,Operations,Operations Executive,Ahmedabad,Bachelor's,Full-Time,Onsite,2013-12-20,12.7,71400,Meets Expectations,4,Satisfied,1,No,Rarely,28,3,9.6,7,No,36-45,50K-75K,10+ Years
EMP13935,Vihaan,Patel,Male,55,Technology,Data Analyst,Delhi NCR,Bachelor's,Contract,Remote,2018-11-14,7.8,112800,Needs Improvement,4,Satisfied,4,Yes,None,15,1,7.5,3,No,46-55,100K-150K,5-10 Years
EMP13936,Isha,Singh,Female,27,Operations,Operations Manager,Kolkata,Bachelor's,Contract,Hybrid,2018-06-20,8.2,68200,Meets Expectations,4,Satisfied,5,No,None,19,3,9.9,21,No,26-35,50K-75K,5-10 Years
EMP13937,Meera,Kumar,Male,41,Human Resources,HR Manager,Delhi NCR,Master's,Full-Time,Remote,2021-06-20,5.2,48000,Meets Expectations,1,Very Dissatisfied,2,No,Rarely,18,0,4.3,18,No,36-45,<50K,5-10 Years
EMP13938,Ananya,Nair,Female,44,Human Resources,HR Manager,Pune,MBA,Full-Time,Hybrid,2022-12-20,3.7,85700,Exceeds Expectations,4,Satisfied,5,No,None,24,3,6.1,1,No,36-45,75K-100K,3-5 Years
EMP13939,Arjun,Nair,Male,53,Operations,Process Associate,Bengaluru,Bachelor's,Full-Time,Hybrid,2015-04-09,11.4,49200,Meets Expectations,3,Neutral,4,No,Rarely,33,3,6.1,5,Yes,46-55,<50K,10+ Years
EMP13940,Isha,Das,Male,43,Human Resources,HR Executive,Kolkata,Bachelor's,Contract,Remote,2013-11-13,12.8,92200,Meets Expectations,1,Very Dissatisfied,3,No,None,18,1,7.7,13,No,36-45,75K-100K,10+ Years
EMP13941,Priya,Reddy,Male,50,Human Resources,HR Executive,Hyderabad,Master's,Full-Time,Hybrid,2021-09-01,5.0,61400,Meets Expectations,3,Neutral,2,No,Rarely,21,3,5.7,13,No,46-55,50K-75K,3-5 Years
EMP13942,Pooja,Das,Female,51,Finance,Senior Accountant,Mumbai,Master's,Full-Time,Remote,2022-05-15,4.3,55800,Meets Expectations,4,Satisfied,3,No,Frequently,17,1,0.9,22,No,46-55,50K-75K,3-5 Years
EMP13943,Sneha,Gupta,Male,56,Customer Support,Team Lead,Hyderabad,Bachelor's,Contract,Hybrid,2022-06-20,4.2,44500,Exceeds Expectations,5,Very Satisfied,5,No,None,12,3,6.3,15,No,56+,<50K,3-5 Years
EMP13944,Neha,Iyer,Male,35,Customer Support,Customer Success Specialist,Bengaluru,Bachelor's,Full-Time,Hybrid,2025-10-08,0.9,54400,Meets Expectations,4,Satisfied,1,No,None,28,1,0.5,13,No,26-35,50K-75K,<1 Year
EMP13945,Aisha,Sharma,Non-Binary,49,Sales,Sales Executive,Pune,Bachelor's,Full-Time,Hybrid,2022-04-08,4.4,57300,Meets Expectations,2,Dissatisfied,5,No,Rarely,25,1,5.3,7,No,46-55,50K-75K,3-5 Years
EMP13946,Aarav,Singh,Male,30,Operations,Operations Manager,Kolkata,Bachelor's,Full-Time,Onsite,2026-01-25,0.6,74800,Outstanding,4,Satisfied,1,No,None,21,2,0.6,2,No,26-35,50K-75K,<1 Year
EMP13947,Rahul,Iyer,Female,54,Sales,Sales Executive,Hyderabad,Master's,Full-Time,Onsite,2014-10-08,11.9,70900,Needs Improvement,4,Satisfied,5,No,None,12,0,5.9,6,No,46-55,50K-75K,10+ Years
EMP13948,Nikhil,Joshi,Male,59,Finance,Financial Analyst,Hyderabad,Bachelor's,Contract,Remote,2022-09-01,4.0,61200,Outstanding,1,Very Dissatisfied,3,No,Rarely,35,0,4.6,2,No,56+,50K-75K,3-5 Years
EMP13949,Neha,Gupta,Female,32,Customer Support,Team Lead,Bengaluru,Bachelor's,Full-Time,Hybrid,2016-04-08,10.4,53100,Meets Expectations,5,Very Satisfied,5,Yes,None,32,3,6.2,21,No,26-35,50K-75K,10+ Years
EMP13950,Kiran,Iyer,Male,43,Technology,Data Analyst,Chennai,MBA,Full-Time,Onsite,2018-06-20,8.2,113800,Outstanding,1,Very Dissatisfied,1,Yes,Rarely,30,3,6.5,13,No,36-45,100K-150K,5-10 Years
EMP13951,Nikhil,Gupta,Female,53,Finance,Financial Analyst,Pune,Bachelor's,Contract,Remote,2014-01-25,12.6,100900,Meets Expectations,4,Satisfied,1,No,None,33,0,9.6,9,No,46-55,100K-150K,10+ Years
EMP13952,Aarav,Rao,Male,22,Technology,BI Analyst,Kolkata,MBA,Full-Time,Remote,2012-04-08,14.4,86200,Meets Expectations,4,Satisfied,3,No,None,19,2,11.3,16,No,21-25,75K-100K,10+ Years
EMP13953,Sneha,Patel,Female,49,Operations,Operations Analyst,Chennai,Bachelor's,Contract,Hybrid,2021-01-25,5.6,79100,Needs Improvement,5,Very Satisfied,4,No,None,25,0,3.1,14,No,46-55,75K-100K,5-10 Years
EMP13954,Sneha,Nair,Male,53,Human Resources,Recruiter,Ahmedabad,Master's,Full-Time,Onsite,2025-03-03,1.5,43800,Meets Expectations,4,Satisfied,4,No,Frequently,8,3,11.0,18,No,46-55,<50K,1-3 Years
EMP13955,Ananya,Verma,Male,55,Marketing,Content Specialist,Ahmedabad,Bachelor's,Full-Time,Onsite,2015-05-15,11.3,78800,Meets Expectations,1,Very Dissatisfied,4,No,None,32,0,4.6,1,No,46-55,75K-100K,10+ Years
EMP13956,Ananya,Patel,Male,28,Customer Support,Support Executive,Pune,MBA,Contract,Remote,2026-03-03,0.5,62500,Meets Expectations,5,Very Satisfied,5,No,None,0,2,2.1,13,No,26-35,50K-75K,<1 Year
EMP13957,Divya,Reddy,Female,51,Human Resources,Recruiter,Delhi NCR,Bachelor's,Full-Time,Onsite,2023-03-03,3.5,63400,Outstanding,2,Dissatisfied,4,Yes,None,20,0,7.3,0,No,46-55,50K-75K,3-5 Years
EMP13958,Vihaan,Patel,Male,52,Operations,Process Associate,Mumbai,Bachelor's,Full-Time,Onsite,2025-09-01,1.0,38000,Meets Expectations,3,Neutral,5,No,Rarely,8,3,4.8,7,No,46-55,<50K,<1 Year
EMP13959,Neha,Verma,Female,21,Sales,Account Manager,Delhi NCR,Master's,Full-Time,Onsite,2013-03-03,13.5,71200,Meets Expectations,5,Very Satisfied,1,No,Rarely,24,1,4.0,7,No,21-25,50K-75K,10+ Years
EMP13960,Sneha,Patel,Female,49,Technology,IT Support Specialist,Kolkata,Bachelor's,Full-Time,Hybrid,2026-05-15,0.3,82500,Exceeds Expectations,2,Dissatisfied,2,No,None,11,3,7.6,2,No,46-55,75K-100K,<1 Year
EMP13961,Sanjay,Gupta,Male,46,Customer Support,Customer Success Specialist,Bengaluru,Diploma,Full-Time,Hybrid,2019-03-03,7.5,38100,Exceeds Expectations,4,Satisfied,1,No,None,39,3,8.4,21,No,46-55,<50K,5-10 Years
EMP13962,Arjun,Sharma,Female,59,Customer Support,Customer Success Specialist,Kolkata,Bachelor's,Contract,Remote,2020-03-02,6.5,38300,Needs Improvement,4,Satisfied,3,No,None,4,1,5.5,15,No,56+,<50K,5-10 Years
EMP13963,Meera,Singh,Female,22,Marketing,Content Specialist,Mumbai,Bachelor's,Full-Time,Hybrid,2016-10-08,9.9,83700,Meets Expectations,3,Neutral,2,No,Rarely,33,0,3.5,18,No,21-25,75K-100K,5-10 Years
EMP13964,Meera,Verma,Female,59,Finance,Finance Manager,Hyderabad,Bachelor's,Full-Time,Remote,2022-03-03,4.5,59700,Meets Expectations,4,Satisfied,4,Yes,Frequently,27,2,9.5,12,No,56+,50K-75K,3-5 Years
EMP13965,Rohit,Nair,Female,43,Technology,IT Support Specialist,Chennai,Bachelor's,Contract,Onsite,2013-07-27,13.1,92500,Needs Improvement,4,Satisfied,3,No,Rarely,40,0,7.8,11,No,36-45,75K-100K,10+ Years
EMP13966,Kavya,Joshi,Female,31,Operations,Process Associate,Hyderabad,Diploma,Full-Time,Hybrid,2015-07-27,11.1,81200,Meets Expectations,3,Neutral,3,Yes,Rarely,13,3,7.6,5,No,26-35,75K-100K,10+ Years
EMP13967,Aditya,Reddy,Female,36,Operations,Operations Manager,Pune,MBA,Full-Time,Hybrid,2020-01-26,6.6,71600,Needs Improvement,1,Very Dissatisfied,4,No,None,28,1,11.0,5,No,36-45,50K-75K,5-10 Years
EMP13968,Aarav,Patel,Male,51,Technology,Software Engineer,Bengaluru,MBA,Full-Time,Remote,2021-03-03,5.5,96900,Needs Improvement,4,Satisfied,5,No,Rarely,1,3,12.0,21,No,46-55,75K-100K,5-10 Years
EMP13969,Divya,Gupta,Female,60,Marketing,Digital Marketing Analyst,Delhi NCR,MBA,Full-Time,Onsite,2014-05-15,12.3,71100,Needs Improvement,4,Satisfied,1,Yes,Rarely,27,0,0.7,21,Yes,56+,50K-75K,10+ Years
EMP13970,Pooja,Sharma,Female,33,Marketing,Content Specialist,Hyderabad,Bachelor's,Full-Time,Onsite,2015-04-09,11.4,52200,Outstanding,2,Dissatisfied,2,No,None,17,3,3.2,13,No,26-35,50K-75K,10+ Years
EMP13971,Aarav,Verma,Male,60,Human Resources,Recruiter,Hyderabad,Bachelor's,Contract,Hybrid,2020-07-26,6.1,64500,Outstanding,5,Very Satisfied,3,Yes,Frequently,29,0,9.8,19,No,56+,50K-75K,5-10 Years
EMP13972,Vihaan,Patel,Male,46,Customer Support,Customer Success Specialist,Ahmedabad,Bachelor's,Full-Time,Hybrid,2021-05-15,5.3,37900,Meets Expectations,2,Dissatisfied,1,Yes,None,32,3,1.4,17,No,46-55,<50K,5-10 Years
EMP13973,Arjun,Verma,Male,28,Sales,Account Manager,Chennai,Master's,Full-Time,Onsite,2025-11-13,0.8,42900,Meets Expectations,1,Very Dissatisfied,5,No,Rarely,19,1,0.5,17,No,26-35,<50K,<1 Year
EMP13974,Aarav,Das,Male,44,Technology,IT Support Specialist,Hyderabad,MBA,Full-Time,Hybrid,2025-04-08,1.4,66200,Outstanding,1,Very Dissatisfied,2,No,Rarely,13,2,4.1,13,No,36-45,50K-75K,1-3 Years
EMP13975,Vikram,Kumar,Female,53,Sales,Sales Executive,Kolkata,Bachelor's,Full-Time,Hybrid,2025-09-01,1.0,67400,Meets Expectations,3,Neutral,1,No,Frequently,29,0,9.5,8,Yes,46-55,50K-75K,<1 Year
EMP13976,Vikram,Rao,Female,23,Marketing,Marketing Executive,Ahmedabad,Bachelor's,Full-Time,Hybrid,2026-01-25,0.6,53600,Meets Expectations,2,Dissatisfied,3,No,None,36,2,5.0,3,No,21-25,50K-75K,<1 Year
EMP13977,Kavya,Nair,Female,24,Marketing,Content Specialist,Pune,Bachelor's,Contract,Onsite,2024-03-02,2.5,51300,Needs Improvement,4,Satisfied,1,Yes,Frequently,14,2,2.7,10,Yes,21-25,50K-75K,1-3 Years
EMP13978,Arjun,Das,Male,21,Customer Support,Customer Success Specialist,Pune,MBA,Full-Time,Hybrid,2013-10-08,12.9,65800,Meets Expectations,4,Satisfied,2,No,None,34,0,2.2,21,Yes,21-25,50K-75K,10+ Years
EMP13979,Pooja,Patel,Male,43,Human Resources,HR Manager,Mumbai,MBA,Full-Time,Onsite,2014-09-01,12.0,48100,Meets Expectations,3,Neutral,4,No,None,18,2,6.7,2,No,36-45,<50K,10+ Years
EMP13980,Isha,Kumar,Female,23,Technology,BI Analyst,Hyderabad,Diploma,Full-Time,Onsite,2013-12-20,12.7,108000,Meets Expectations,2,Dissatisfied,2,No,Frequently,36,1,4.3,13,Yes,21-25,100K-150K,10+ Years
EMP13981,Neha,Rao,Male,58,Human Resources,HR Manager,Ahmedabad,Master's,Full-Time,Hybrid,2017-04-08,9.4,63000,Needs Improvement,5,Very Satisfied,5,No,None,26,1,7.6,11,No,56+,50K-75K,5-10 Years
EMP13982,Meera,Gupta,Female,26,Sales,Sales Manager,Chennai,MBA,Contract,Onsite,2017-04-08,9.4,66100,Needs Improvement,5,Very Satisfied,2,Yes,Rarely,27,0,9.6,14,Yes,26-35,50K-75K,5-10 Years
EMP13983,Arjun,Nair,Female,23,Marketing,Content Specialist,Pune,MBA,Full-Time,Hybrid,2024-09-01,2.0,44700,Outstanding,2,Dissatisfied,1,No,None,28,0,0.2,16,No,21-25,<50K,1-3 Years
EMP13984,Aisha,Nair,Male,31,Marketing,Content Specialist,Delhi NCR,Bachelor's,Full-Time,Hybrid,2016-03-02,10.5,43500,Needs Improvement,2,Dissatisfied,3,No,Frequently,33,0,4.0,11,No,26-35,<50K,10+ Years
EMP13985,Nikhil,Patel,Male,51,Customer Support,Support Executive,Chennai,MBA,Full-Time,Hybrid,2022-05-15,4.3,63900,Meets Expectations,5,Very Satisfied,1,No,Rarely,35,2,6.6,13,No,46-55,50K-75K,3-5 Years
EMP13986,Vikram,Das,Female,57,Finance,Senior Accountant,Bengaluru,Bachelor's,Full-Time,Onsite,2018-10-08,7.9,76600,Meets Expectations,4,Satisfied,4,No,None,15,0,8.2,17,No,56+,75K-100K,5-10 Years
EMP13987,Kavya,Das,Male,31,Finance,Finance Manager,Chennai,Bachelor's,Contract,Onsite,2012-05-14,14.3,52900,Meets Expectations,3,Neutral,3,No,Frequently,30,0,3.8,4,Yes,26-35,50K-75K,10+ Years
EMP13988,Kiran,Nair,Male,41,Sales,Sales Executive,Ahmedabad,Bachelor's,Full-Time,Hybrid,2013-07-27,13.1,55100,Meets Expectations,3,Neutral,1,No,None,28,1,5.8,21,No,36-45,50K-75K,10+ Years
EMP13989,Aarav,Nair,Male,51,Finance,Financial Analyst,Chennai,Bachelor's,Contract,Onsite,2022-12-20,3.7,78400,Needs Improvement,4,Satisfied,2,No,Rarely,24,3,1.4,11,No,46-55,75K-100K,3-5 Years
EMP13990,Rohit,Joshi,Female,52,Human Resources,HR Analyst,Bengaluru,Bachelor's,Full-Time,Onsite,2015-07-27,11.1,48800,Meets Expectations,2,Dissatisfied,5,Yes,Rarely,9,0,1.3,7,No,46-55,<50K,10+ Years
EMP13991,Aisha,Das,Female,27,Operations,Operations Executive,Bengaluru,Bachelor's,Full-Time,Hybrid,2024-12-20,1.7,62100,Meets Expectations,5,Very Satisfied,5,No,Rarely,19,2,10.4,20,Yes,26-35,50K-75K,1-3 Years
EMP13992,Vihaan,Reddy,Male,54,Operations,Operations Analyst,Ahmedabad,Master's,Contract,Onsite,2026-01-25,0.6,61300,Needs Improvement,3,Neutral,4,No,Rarely,8,3,6.6,19,No,46-55,50K-75K,<1 Year
EMP13993,Pooja,Das,Female,55,Sales,Business Development Executive,Kolkata,Master's,Full-Time,Hybrid,2026-01-25,0.6,67200,Needs Improvement,1,Very Dissatisfied,5,No,Frequently,5,3,5.7,3,No,46-55,50K-75K,<1 Year
EMP13994,Meera,Verma,Female,50,Technology,Data Analyst,Hyderabad,Bachelor's,Full-Time,Onsite,2023-12-20,2.7,115400,Meets Expectations,5,Very Satisfied,1,No,Rarely,38,3,5.4,2,Yes,46-55,100K-150K,1-3 Years
EMP13995,Sanjay,Rao,Female,42,Human Resources,HR Executive,Bengaluru,Master's,Full-Time,Onsite,2016-03-02,10.5,62800,Exceeds Expectations,5,Very Satisfied,4,No,Frequently,29,3,11.4,19,No,36-45,50K-75K,10+ Years
EMP13996,Rahul,Rao,Male,36,Finance,Accountant,Delhi NCR,Bachelor's,Full-Time,Remote,2021-01-25,5.6,100700,Meets Expectations,5,Very Satisfied,1,No,None,22,2,5.2,9,No,36-45,100K-150K,5-10 Years
EMP13997,Isha,Reddy,Male,56,Sales,Sales Executive,Pune,Diploma,Full-Time,Hybrid,2026-04-08,0.4,61200,Meets Expectations,4,Satisfied,3,No,None,18,3,3.3,22,No,56+,50K-75K,<1 Year
EMP13998,Kiran,Iyer,Female,55,Operations,Process Associate,Chennai,Master's,Full-Time,Onsite,2011-11-14,14.8,58100,Needs Improvement,2,Dissatisfied,1,Yes,Rarely,2,2,1.3,20,Yes,46-55,50K-75K,10+ Years
EMP13999,Rahul,Sharma,Male,41,Operations,Operations Executive,Ahmedabad,MBA,Full-Time,Onsite,2018-07-27,8.1,67000,Meets Expectations,3,Neutral,2,No,None,14,2,9.7,2,No,36-45,50K-75K,5-10 Years
EMP14000,Neha,Verma,Female,50,Human Resources,HR Manager,Kolkata,Master's,Full-Time,Hybrid,2020-09-01,6.0,73100,Meets Expectations,3,Neutral,1,Yes,None,8,3,11.3,13,No,46-55,50K-75K,5-10 Years
EMP14001,Rohit,Iyer,Female,36,Finance,Accountant,Delhi NCR,Bachelor's,Full-Time,Hybrid,2018-10-08,7.9,49400,Needs Improvement,3,Neutral,2,Yes,Rarely,22,0,11.2,12,No,36-45,<50K,5-10 Years
EMP14002,Sneha,Nair,Male,50,Operations,Operations Executive,Delhi NCR,Bachelor's,Full-Time,Hybrid,2018-10-08,7.9,81700,Meets Expectations,1,Very Dissatisfied,4,Yes,None,18,1,2.2,0,No,46-55,75K-100K,5-10 Years
EMP14003,Rahul,Iyer,Male,24,Sales,Sales Manager,Bengaluru,Master's,Full-Time,Onsite,2019-06-21,7.2,83100,Needs Improvement,2,Dissatisfied,4,No,None,39,2,7.8,7,No,21-25,75K-100K,5-10 Years
EMP14004,Divya,Iyer,Male,57,Human Resources,HR Analyst,Bengaluru,Bachelor's,Full-Time,Remote,2017-05-15,9.3,56200,Exceeds Expectations,3,Neutral,5,No,None,34,2,6.5,8,No,56+,50K-75K,5-10 Years
EMP14005,Rahul,Sharma,Female,41,Operations,Process Associate,Kolkata,Bachelor's,Full-Time,Hybrid,2013-05-15,13.3,62600,Meets Expectations,3,Neutral,5,Yes,None,24,3,5.0,13,No,36-45,50K-75K,10+ Years
EMP14006,Divya,Reddy,Male,44,Customer Support,Support Analyst,Hyderabad,Diploma,Full-Time,Hybrid,2021-12-20,4.7,62100,Meets Expectations,2,Dissatisfied,1,Yes,None,36,3,9.8,16,No,36-45,50K-75K,3-5 Years
EMP14007,Aisha,Reddy,Female,28,Technology,IT Support Specialist,Delhi NCR,MBA,Contract,Remote,2019-04-09,7.4,123100,Meets Expectations,4,Satisfied,5,Yes,None,13,1,10.8,3,No,26-35,100K-150K,5-10 Years
EMP14008,Nikhil,Singh,Female,42,Marketing,Digital Marketing Analyst,Chennai,Bachelor's,Full-Time,Onsite,2026-05-15,0.3,74100,Meets Expectations,5,Very Satisfied,2,Yes,Frequently,4,2,1.8,7,Yes,36-45,50K-75K,<1 Year
EMP14009,Kavya,Singh,Female,21,Technology,Software Engineer,Hyderabad,Bachelor's,Full-Time,Onsite,2013-10-08,12.9,59800,Meets Expectations,3,Neutral,5,No,None,22,0,0.3,9,No,21-25,50K-75K,10+ Years
EMP14010,Meera,Patel,Female,56,Sales,Sales Executive,Mumbai,Diploma,Full-Time,Onsite,2021-12-20,4.7,70900,Needs Improvement,4,Satisfied,5,No,Frequently,2,3,2.5,5,Yes,56+,50K-75K,3-5 Years
EMP14011,Sneha,Reddy,Female,50,Finance,Accountant,Bengaluru,Bachelor's,Full-Time,Onsite,2022-06-20,4.2,54200,Meets Expectations,1,Very Dissatisfied,5,Yes,Frequently,38,1,9.8,19,No,46-55,50K-75K,3-5 Years
EMP14012,Divya,Reddy,Female,39,Customer Support,Customer Success Specialist,Kolkata,Bachelor's,Full-Time,Onsite,2011-09-02,15.0,58200,Meets Expectations,1,Very Dissatisfied,3,No,None,4,0,11.0,18,No,36-45,50K-75K,10+ Years
EMP14013,Meera,Verma,Female,54,Marketing,Content Specialist,Bengaluru,Bachelor's,Contract,Remote,2017-11-13,8.8,74200,Exceeds Expectations,1,Very Dissatisfied,4,Yes,Frequently,35,1,8.2,2,No,46-55,50K-75K,5-10 Years
EMP14014,Pooja,Verma,Female,53,Human Resources,HR Analyst,Bengaluru,Bachelor's,Contract,Remote,2024-09-01,2.0,74300,Meets Expectations,5,Very Satisfied,3,Yes,None,27,3,0.4,5,No,46-55,50K-75K,1-3 Years
EMP14015,Meera,Patel,Male,25,Technology,IT Support Specialist,Delhi NCR,Master's,Contract,Hybrid,2022-07-27,4.1,71800,Meets Expectations,2,Dissatisfied,1,No,Rarely,10,3,7.0,6,No,21-25,50K-75K,3-5 Years
EMP14016,Meera,Patel,Male,23,Sales,Sales Executive,Pune,Diploma,Full-Time,Hybrid,2021-04-08,5.4,62100,Meets Expectations,4,Satisfied,3,No,Frequently,21,0,5.2,4,No,21-25,50K-75K,5-10 Years
EMP14017,Aarav,Rao,Male,31,Technology,Data Analyst,Pune,Master's,Full-Time,Onsite,2011-11-14,14.8,101900,Exceeds Expectations,4,Satisfied,2,No,Frequently,22,3,9.4,3,No,26-35,100K-150K,10+ Years
EMP14018,Priya,Reddy,Female,21,Technology,IT Support Specialist,Pune,Bachelor's,Contract,Onsite,2020-01-26,6.6,79600,Outstanding,1,Very Dissatisfied,1,Yes,None,30,2,9.1,15,No,21-25,75K-100K,5-10 Years
EMP14019,Kavya,Reddy,Female,43,Technology,Software Engineer,Mumbai,Master's,Full-Time,Hybrid,2023-01-26,3.6,71200,Meets Expectations,1,Very Dissatisfied,1,No,None,17,0,2.5,19,Yes,36-45,50K-75K,3-5 Years
EMP14020,Aditya,Sharma,Male,42,Marketing,Digital Marketing Analyst,Delhi NCR,Master's,Full-Time,Hybrid,2018-01-25,8.6,55100,Needs Improvement,4,Satisfied,2,No,None,24,0,3.9,15,Yes,36-45,50K-75K,5-10 Years
EMP14021,Kavya,Singh,Male,42,Sales,Business Development Executive,Kolkata,Bachelor's,Contract,Hybrid,2020-06-20,6.2,79200,Needs Improvement,4,Satisfied,4,No,Frequently,17,1,2.7,16,No,36-45,75K-100K,5-10 Years
EMP14022,Pooja,Sharma,Female,23,Sales,Sales Manager,Bengaluru,Bachelor's,Full-Time,Hybrid,2025-09-01,1.0,60700,Meets Expectations,3,Neutral,5,Yes,None,3,1,6.4,0,No,21-25,50K-75K,<1 Year
EMP14023,Neha,Singh,Female,57,Human Resources,HR Manager,Chennai,Bachelor's,Full-Time,Remote,2013-10-08,12.9,75300,Meets Expectations,2,Dissatisfied,5,No,None,29,3,1.2,2,No,56+,75K-100K,10+ Years
EMP14024,Rohit,Singh,Female,60,Finance,Finance Manager,Mumbai,Master's,Contract,Onsite,2026-04-08,0.4,78900,Meets Expectations,3,Neutral,4,No,None,10,2,7.2,12,Yes,56+,75K-100K,<1 Year
EMP14025,Sanjay,Patel,Female,44,Human Resources,HR Manager,Ahmedabad,Master's,Contract,Onsite,2013-03-03,13.5,84000,Meets Expectations,4,Satisfied,5,No,None,11,3,5.8,14,Yes,36-45,75K-100K,10+ Years
EMP14026,Meera,Gupta,Female,21,Sales,Business Development Executive,Mumbai,Diploma,Full-Time,Onsite,2014-10-08,11.9,62800,Exceeds Expectations,1,Very Dissatisfied,2,No,None,13,2,6.8,1,Yes,21-25,50K-75K,10+ Years
EMP14027,Kiran,Reddy,Female,36,Technology,IT Support Specialist,Kolkata,MBA,Full-Time,Remote,2025-05-15,1.3,65100,Meets Expectations,1,Very Dissatisfied,5,Yes,None,23,1,10.1,16,No,36-45,50K-75K,1-3 Years
EMP14028,Ananya,Kumar,Female,49,Human Resources,HR Executive,Mumbai,MBA,Full-Time,Hybrid,2015-10-08,10.9,52000,Meets Expectations,2,Dissatisfied,5,No,Rarely,29,1,6.0,20,No,46-55,50K-75K,10+ Years
EMP14029,Isha,Iyer,Male,50,Marketing,Marketing Manager,Mumbai,MBA,Full-Time,Hybrid,2015-01-26,11.6,44200,Meets Expectations,1,Very Dissatisfied,1,No,None,33,3,9.5,14,No,46-55,<50K,10+ Years
EMP14030,Sanjay,Joshi,Female,30,Finance,Financial Analyst,Mumbai,Master's,Contract,Remote,2017-07-27,9.1,97400,Meets Expectations,1,Very Dissatisfied,2,No,None,24,3,11.2,16,No,26-35,75K-100K,5-10 Years
EMP14031,Aditya,Reddy,Female,53,Human Resources,HR Executive,Hyderabad,MBA,Full-Time,Hybrid,2017-12-20,8.7,75400,Meets Expectations,3,Neutral,2,No,None,16,1,1.3,17,No,46-55,75K-100K,5-10 Years
EMP14032,Isha,Kumar,Female,59,Human Resources,HR Analyst,Chennai,Bachelor's,Full-Time,Onsite,2025-10-08,0.9,80300,Meets Expectations,5,Very Satisfied,1,No,None,38,2,1.1,16,No,56+,75K-100K,<1 Year
EMP14033,Rohit,Verma,Female,41,Technology,BI Analyst,Ahmedabad,Bachelor's,Full-Time,Onsite,2025-07-27,1.1,108700,Needs Improvement,4,Satisfied,1,Yes,Rarely,19,1,2.4,12,Yes,36-45,100K-150K,1-3 Years
EMP14034,Vikram,Patel,Female,36,Technology,Data Analyst,Ahmedabad,Diploma,Full-Time,Hybrid,2015-09-02,11.0,116400,Exceeds Expectations,2,Dissatisfied,5,No,None,5,0,8.8,17,No,36-45,100K-150K,10+ Years
EMP14035,Isha,Reddy,Male,42,Finance,Senior Accountant,Bengaluru,Bachelor's,Full-Time,Hybrid,2024-11-13,1.8,106500,Meets Expectations,3,Neutral,1,No,None,32,1,7.7,0,No,36-45,100K-150K,1-3 Years
EMP14036,Aditya,Patel,Female,22,Sales,Account Manager,Chennai,Bachelor's,Full-Time,Remote,2022-11-14,3.8,69600,Needs Improvement,3,Neutral,4,No,None,38,0,7.3,4,Yes,21-25,50K-75K,3-5 Years
EMP14037,Neha,Iyer,Female,41,Marketing,Marketing Manager,Kolkata,MBA,Contract,Onsite,2019-01-26,7.6,56700,Meets Expectations,2,Dissatisfied,5,Yes,None,11,2,8.1,10,Yes,36-45,50K-75K,5-10 Years
EMP14038,Aisha,Reddy,Male,22,Marketing,Content Specialist,Kolkata,Master's,Contract,Hybrid,2024-01-26,2.6,48800,Meets Expectations,5,Very Satisfied,4,No,Frequently,9,3,5.6,2,No,21-25,<50K,1-3 Years
EMP14039,Pooja,Gupta,Female,22,Finance,Senior Accountant,Delhi NCR,Bachelor's,Full-Time,Onsite,2014-10-08,11.9,83300,Meets Expectations,5,Very Satisfied,3,No,Frequently,14,2,3.6,10,No,21-25,75K-100K,10+ Years
EMP14040,Kiran,Iyer,Male,43,Finance,Financial Analyst,Mumbai,Bachelor's,Full-Time,Hybrid,2014-07-27,12.1,93800,Meets Expectations,5,Very Satisfied,1,No,None,14,3,2.4,10,No,36-45,75K-100K,10+ Years
EMP14041,Aarav,Das,Female,41,Finance,Finance Manager,Ahmedabad,Master's,Full-Time,Onsite,2013-12-20,12.7,81600,Exceeds Expectations,3,Neutral,3,Yes,None,7,1,11.3,11,Yes,36-45,75K-100K,10+ Years
EMP14042,Isha,Nair,Male,60,Marketing,Marketing Executive,Mumbai,Master's,Full-Time,Onsite,2025-10-08,0.9,59300,Meets Expectations,4,Satisfied,2,No,None,1,2,3.1,16,No,56+,50K-75K,<1 Year
EMP14043,Arjun,Patel,Male,41,Operations,Operations Manager,Kolkata,Master's,Contract,Hybrid,2020-03-02,6.5,69900,Meets Expectations,4,Satisfied,5,No,Rarely,7,0,4.2,8,No,36-45,50K-75K,5-10 Years
EMP14044,Meera,Patel,Female,60,Sales,Account Manager,Kolkata,Master's,Full-Time,Remote,2013-12-20,12.7,60000,Meets Expectations,4,Satisfied,5,No,None,12,2,8.7,22,No,56+,50K-75K,10+ Years
EMP14045,Neha,Gupta,Male,53,Finance,Senior Accountant,Pune,Bachelor's,Contract,Onsite,2021-01-25,5.6,65500,Outstanding,1,Very Dissatisfied,2,No,Frequently,7,1,9.1,0,Yes,46-55,50K-75K,5-10 Years
EMP14046,Vikram,Iyer,Female,34,Sales,Business Development Executive,Ahmedabad,Master's,Full-Time,Onsite,2016-03-02,10.5,78400,Outstanding,5,Very Satisfied,1,Yes,None,8,2,6.4,6,No,26-35,75K-100K,10+ Years
EMP14047,Vikram,Singh,Male,58,Human Resources,HR Manager,Pune,Master's,Full-Time,Onsite,2017-10-08,8.9,71100,Meets Expectations,5,Very Satisfied,5,No,Frequently,38,0,6.3,20,No,56+,50K-75K,5-10 Years
EMP14048,Kavya,Gupta,Male,40,Technology,IT Support Specialist,Bengaluru,Bachelor's,Full-Time,Remote,2021-05-15,5.3,78400,Needs Improvement,4,Satisfied,5,No,None,8,2,11.6,20,No,36-45,75K-100K,5-10 Years
EMP14049,Pooja,Iyer,Male,44,Finance,Accountant,Bengaluru,MBA,Full-Time,Hybrid,2022-05-15,4.3,68000,Exceeds Expectations,3,Neutral,5,Yes,None,33,2,5.7,20,Yes,36-45,50K-75K,3-5 Years
EMP14050,Aarav,Das,Male,25,Human Resources,Recruiter,Mumbai,Bachelor's,Contract,Remote,2016-10-08,9.9,70800,Needs Improvement,3,Neutral,4,No,None,23,3,10.8,1,No,21-25,50K-75K,5-10 Years
EMP14051,Aarav,Iyer,Female,29,Finance,Financial Analyst,Ahmedabad,Bachelor's,Full-Time,Onsite,2024-06-20,2.2,73500,Needs Improvement,2,Dissatisfied,3,No,None,17,0,11.8,10,No,26-35,50K-75K,1-3 Years
EMP14052,Aisha,Singh,Female,41,Finance,Finance Manager,Bengaluru,Bachelor's,Full-Time,Hybrid,2013-10-08,12.9,58100,Meets Expectations,1,Very Dissatisfied,2,No,Frequently,32,1,0.9,6,No,36-45,50K-75K,10+ Years
EMP14053,Nikhil,Nair,Female,31,Operations,Operations Executive,Delhi NCR,Bachelor's,Full-Time,Hybrid,2017-12-20,8.7,65000,Meets Expectations,5,Very Satisfied,1,No,None,0,2,7.9,1,No,26-35,50K-75K,5-10 Years
EMP14054,Sanjay,Kumar,Male,44,Operations,Operations Manager,Hyderabad,Master's,Full-Time,Onsite,2024-10-08,1.9,68500,Meets Expectations,2,Dissatisfied,5,Yes,None,30,2,11.6,9,No,36-45,50K-75K,1-3 Years
EMP14055,Aarav,Sharma,Male,24,Sales,Business Development Executive,Mumbai,MBA,Full-Time,Hybrid,2016-01-26,10.6,39000,Meets Expectations,2,Dissatisfied,5,Yes,Frequently,17,0,5.4,0,No,21-25,<50K,10+ Years
EMP14056,Kiran,Rao,Male,31,Finance,Finance Manager,Ahmedabad,Bachelor's,Full-Time,Hybrid,2020-01-26,6.6,80200,Meets Expectations,3,Neutral,5,No,None,33,2,4.7,8,No,26-35,75K-100K,5-10 Years
EMP14057,Sneha,Das,Male,47,Operations,Process Associate,Delhi NCR,Bachelor's,Full-Time,Onsite,2023-06-21,3.2,63500,Needs Improvement,4,Satisfied,3,Yes,None,39,0,4.6,13,No,46-55,50K-75K,3-5 Years
EMP14058,Pooja,Rao,Male,45,Human Resources,HR Executive,Ahmedabad,Diploma,Full-Time,Hybrid,2012-04-08,14.4,58700,Meets Expectations,2,Dissatisfied,5,No,None,29,1,9.2,19,Yes,36-45,50K-75K,10+ Years
EMP14059,Aditya,Patel,Female,60,Technology,IT Support Specialist,Ahmedabad,Master's,Full-Time,Hybrid,2015-10-08,10.9,82300,Meets Expectations,2,Dissatisfied,1,No,None,4,0,8.1,2,No,56+,75K-100K,10+ Years
EMP14060,Nikhil,Iyer,Male,56,Marketing,Marketing Manager,Delhi NCR,MBA,Full-Time,Hybrid,2017-09-01,9.0,60100,Meets Expectations,2,Dissatisfied,3,No,Frequently,40,1,5.4,10,No,56+,50K-75K,5-10 Years
EMP14061,Neha,Singh,Male,53,Technology,BI Analyst,Hyderabad,Master's,Contract,Hybrid,2013-11-13,12.8,89800,Meets Expectations,2,Dissatisfied,1,Yes,None,31,1,7.1,9,No,46-55,75K-100K,10+ Years
EMP14062,Isha,Reddy,Female,21,Sales,Business Development Executive,Chennai,MBA,Full-Time,Remote,2018-06-20,8.2,77000,Meets Expectations,1,Very Dissatisfied,3,No,Rarely,0,1,7.3,17,No,21-25,75K-100K,5-10 Years
EMP14063,Sanjay,Kumar,Male,45,Marketing,Marketing Manager,Hyderabad,Master's,Full-Time,Hybrid,2019-12-20,6.7,68000,Exceeds Expectations,2,Dissatisfied,1,No,None,7,3,3.6,5,No,36-45,50K-75K,5-10 Years
EMP14064,Nikhil,Reddy,Male,30,Human Resources,HR Analyst,Kolkata,Bachelor's,Full-Time,Hybrid,2023-09-02,3.0,92100,Meets Expectations,3,Neutral,2,No,None,40,3,0.3,20,No,26-35,75K-100K,1-3 Years
EMP14065,Isha,Iyer,Male,31,Operations,Operations Manager,Bengaluru,Bachelor's,Full-Time,Onsite,2024-03-02,2.5,54400,Exceeds Expectations,3,Neutral,3,No,Rarely,34,3,0.2,6,No,26-35,50K-75K,1-3 Years
EMP14066,Meera,Gupta,Female,29,Finance,Finance Manager,Ahmedabad,Bachelor's,Contract,Hybrid,2020-01-26,6.6,89700,Meets Expectations,2,Dissatisfied,1,No,Rarely,16,0,5.5,11,No,26-35,75K-100K,5-10 Years
EMP14067,Aisha,Sharma,Male,39,Operations,Process Associate,Delhi NCR,Diploma,Contract,Onsite,2019-10-08,6.9,62200,Meets Expectations,5,Very Satisfied,1,No,Rarely,39,2,8.3,18,No,36-45,50K-75K,5-10 Years
EMP14068,Kavya,Verma,Male,25,Finance,Accountant,Ahmedabad,Bachelor's,Full-Time,Onsite,2015-07-27,11.1,93300,Needs Improvement,2,Dissatisfied,5,Yes,None,19,1,11.1,8,Yes,21-25,75K-100K,10+ Years
EMP14069,Kavya,Rao,Male,42,Operations,Operations Manager,Kolkata,Bachelor's,Full-Time,Hybrid,2019-12-20,6.7,77500,Needs Improvement,5,Very Satisfied,2,Yes,None,35,3,10.1,17,No,36-45,75K-100K,5-10 Years
EMP14070,Kavya,Verma,Female,27,Sales,Sales Manager,Kolkata,Bachelor's,Full-Time,Remote,2017-09-01,9.0,62900,Needs Improvement,4,Satisfied,5,No,Rarely,23,3,4.3,0,No,26-35,50K-75K,5-10 Years
EMP14071,Ananya,Joshi,Male,41,Sales,Sales Executive,Hyderabad,Bachelor's,Full-Time,Onsite,2014-03-03,12.5,62100,Needs Improvement,4,Satisfied,2,Yes,Rarely,27,3,6.6,22,No,36-45,50K-75K,10+ Years
EMP14072,Aditya,Singh,Male,46,Operations,Operations Executive,Mumbai,Bachelor's,Contract,Hybrid,2011-10-08,14.9,79900,Meets Expectations,2,Dissatisfied,1,Yes,None,0,1,5.5,16,No,46-55,75K-100K,10+ Years
EMP14073,Pooja,Patel,Female,28,Operations,Operations Executive,Ahmedabad,MBA,Full-Time,Onsite,2021-09-01,5.0,79500,Needs Improvement,5,Very Satisfied,1,Yes,None,39,0,2.6,3,No,26-35,75K-100K,3-5 Years
EMP14074,Neha,Singh,Female,25,Customer Support,Support Analyst,Bengaluru,MBA,Full-Time,Onsite,2013-03-03,13.5,70800,Needs Improvement,3,Neutral,4,No,Rarely,7,2,2.6,22,No,21-25,50K-75K,10+ Years
EMP14075,Rohit,Nair,Female,53,Finance,Accountant,Pune,Master's,Contract,Hybrid,2014-07-27,12.1,57900,Needs Improvement,3,Neutral,1,Yes,None,8,2,10.1,19,No,46-55,50K-75K,10+ Years
EMP14076,Ananya,Reddy,Male,50,Sales,Business Development Executive,Bengaluru,Bachelor's,Full-Time,Onsite,2025-06-20,1.2,39200,Needs Improvement,2,Dissatisfied,5,No,Rarely,18,2,1.7,5,Yes,46-55,<50K,1-3 Years
EMP14077,Vihaan,Gupta,Female,31,Customer Support,Support Analyst,Mumbai,MBA,Contract,Hybrid,2021-07-27,5.1,49200,Meets Expectations,3,Neutral,2,No,Rarely,30,1,1.0,8,No,26-35,<50K,5-10 Years
EMP14078,Neha,Das,Male,56,Marketing,Marketing Executive,Hyderabad,Bachelor's,Full-Time,Onsite,2023-04-09,3.4,81800,Meets Expectations,4,Satisfied,4,Yes,None,31,2,3.5,21,No,56+,75K-100K,3-5 Years
EMP14079,Nikhil,Iyer,Male,29,Technology,Software Engineer,Hyderabad,Bachelor's,Full-Time,Hybrid,2016-09-01,10.0,63600,Needs Improvement,5,Very Satisfied,3,No,None,25,0,6.0,8,No,26-35,50K-75K,5-10 Years
EMP14080,Pooja,Rao,Male,58,Operations,Operations Analyst,Pune,Bachelor's,Full-Time,Onsite,2018-04-08,8.4,54300,Meets Expectations,5,Very Satisfied,1,Yes,None,35,1,0.8,22,Yes,56+,50K-75K,5-10 Years
EMP14081,Rahul,Rao,Male,25,Customer Support,Team Lead,Kolkata,Bachelor's,Full-Time,Onsite,2019-03-03,7.5,54800,Meets Expectations,1,Very Dissatisfied,4,No,Rarely,28,2,4.2,6,No,21-25,50K-75K,5-10 Years
EMP14082,Neha,Joshi,Male,47,Technology,Software Engineer,Hyderabad,Bachelor's,Full-Time,Hybrid,2015-03-03,11.5,73400,Outstanding,1,Very Dissatisfied,1,No,Frequently,6,2,10.0,15,No,46-55,50K-75K,10+ Years
EMP14083,Rohit,Das,Female,21,Operations,Operations Executive,Kolkata,Bachelor's,Full-Time,Onsite,2021-07-27,5.1,70400,Outstanding,5,Very Satisfied,4,No,None,32,1,4.6,4,No,21-25,50K-75K,5-10 Years
EMP14084,Sanjay,Rao,Male,28,Operations,Operations Executive,Delhi NCR,Bachelor's,Contract,Onsite,2020-10-08,5.9,47800,Meets Expectations,5,Very Satisfied,3,Yes,None,10,0,7.2,14,No,26-35,<50K,5-10 Years
EMP14085,Rohit,Singh,Male,37,Human Resources,HR Analyst,Ahmedabad,MBA,Full-Time,Onsite,2013-09-01,13.0,84400,Exceeds Expectations,1,Very Dissatisfied,2,No,None,21,1,11.5,18,No,36-45,75K-100K,10+ Years
EMP14086,Pooja,Joshi,Female,24,Marketing,Content Specialist,Kolkata,MBA,Contract,Onsite,2012-01-26,14.6,61700,Meets Expectations,5,Very Satisfied,5,Yes,Rarely,24,2,8.5,19,No,21-25,50K-75K,10+ Years
EMP14087,Rahul,Singh,Male,39,Technology,BI Analyst,Delhi NCR,MBA,Full-Time,Hybrid,2014-12-20,11.7,100500,Exceeds Expectations,4,Satisfied,2,No,None,16,0,8.2,9,No,36-45,100K-150K,10+ Years
EMP14088,Neha,Iyer,Male,30,Customer Support,Customer Success Specialist,Kolkata,Master's,Full-Time,Remote,2023-04-09,3.4,53300,Meets Expectations,5,Very Satisfied,2,No,Rarely,14,2,11.7,22,No,26-35,50K-75K,3-5 Years
EMP14089,Aarav,Rao,Female,24,Customer Support,Support Executive,Delhi NCR,Master's,Contract,Onsite,2024-10-08,1.9,43700,Meets Expectations,1,Very Dissatisfied,4,No,None,10,3,1.3,9,No,21-25,<50K,1-3 Years
EMP14090,Aisha,Verma,Female,59,Customer Support,Customer Success Specialist,Hyderabad,Master's,Full-Time,Onsite,2023-05-15,3.3,49200,Needs Improvement,5,Very Satisfied,2,Yes,None,12,3,11.2,14,No,56+,<50K,3-5 Years
EMP14091,Sanjay,Verma,Female,60,Operations,Operations Manager,Delhi NCR,MBA,Full-Time,Onsite,2020-03-02,6.5,75600,Meets Expectations,2,Dissatisfied,3,Yes,None,40,0,2.0,20,No,56+,75K-100K,5-10 Years
EMP14092,Meera,Das,Male,59,Sales,Account Manager,Bengaluru,Bachelor's,Full-Time,Hybrid,2022-12-20,3.7,64700,Exceeds Expectations,3,Neutral,4,No,Frequently,15,2,0.6,0,No,56+,50K-75K,3-5 Years
EMP14093,Nikhil,Das,Male,27,Finance,Finance Manager,Bengaluru,Master's,Full-Time,Onsite,2013-03-03,13.5,52000,Meets Expectations,2,Dissatisfied,5,No,Rarely,19,1,5.7,16,No,26-35,50K-75K,10+ Years
EMP14094,Aditya,Reddy,Male,36,Human Resources,HR Manager,Ahmedabad,Bachelor's,Full-Time,Onsite,2016-07-26,10.1,77900,Exceeds Expectations,1,Very Dissatisfied,5,No,None,28,2,10.6,17,No,36-45,75K-100K,10+ Years
EMP14095,Kavya,Joshi,Male,34,Customer Support,Support Executive,Ahmedabad,Bachelor's,Full-Time,Hybrid,2020-04-08,6.4,39300,Outstanding,4,Satisfied,1,Yes,None,10,2,3.9,9,No,26-35,<50K,5-10 Years
EMP14096,Sanjay,Reddy,Female,34,Human Resources,HR Analyst,Ahmedabad,Master's,Full-Time,Hybrid,2022-05-15,4.3,66500,Meets Expectations,1,Very Dissatisfied,5,No,Frequently,8,3,1.3,6,No,26-35,50K-75K,3-5 Years
EMP14097,Aarav,Das,Male,37,Human Resources,HR Executive,Hyderabad,Diploma,Full-Time,Hybrid,2020-11-13,5.8,65600,Meets Expectations,3,Neutral,3,No,Frequently,8,1,0.4,16,No,36-45,50K-75K,5-10 Years
EMP14098,Aditya,Nair,Male,41,Technology,BI Analyst,Ahmedabad,MBA,Full-Time,Hybrid,2019-06-21,7.2,92700,Meets Expectations,1,Very Dissatisfied,5,No,None,2,0,4.8,11,No,36-45,75K-100K,5-10 Years
EMP14099,Sanjay,Gupta,Male,40,Operations,Operations Analyst,Hyderabad,Bachelor's,Contract,Onsite,2015-11-14,10.8,38900,Exceeds Expectations,5,Very Satisfied,2,Yes,Rarely,18,3,11.8,2,No,36-45,<50K,10+ Years
EMP14100,Neha,Sharma,Male,32,Finance,Accountant,Ahmedabad,Bachelor's,Full-Time,Onsite,2025-03-03,1.5,64700,Exceeds Expectations,3,Neutral,3,No,Frequently,0,1,8.2,14,Yes,26-35,50K-75K,1-3 Years
EMP14101,Divya,Joshi,Male,60,Sales,Sales Executive,Bengaluru,Diploma,Full-Time,Hybrid,2013-11-13,12.8,41400,Outstanding,1,Very Dissatisfied,5,Yes,None,15,1,6.2,21,No,56+,<50K,10+ Years
EMP14102,Nikhil,Nair,Male,60,Customer Support,Support Executive,Bengaluru,Bachelor's,Full-Time,Hybrid,2024-07-26,2.1,48300,Needs Improvement,5,Very Satisfied,5,No,None,21,2,2.6,8,No,56+,<50K,1-3 Years
EMP14103,Divya,Verma,Male,34,Technology,Data Analyst,Hyderabad,Bachelor's,Full-Time,Onsite,2022-07-27,4.1,102100,Outstanding,4,Satisfied,4,No,None,10,0,11.4,18,No,26-35,100K-150K,3-5 Years
EMP14104,Neha,Kumar,Male,29,Sales,Sales Manager,Kolkata,Bachelor's,Full-Time,Onsite,2011-10-08,14.9,69600,Needs Improvement,1,Very Dissatisfied,4,No,None,10,3,0.7,2,No,26-35,50K-75K,10+ Years
EMP14105,Ananya,Das,Female,42,Sales,Sales Executive,Kolkata,Master's,Full-Time,Onsite,2023-09-02,3.0,42000,Exceeds Expectations,2,Dissatisfied,1,Yes,Rarely,24,3,0.6,1,No,36-45,<50K,1-3 Years
EMP14106,Aditya,Kumar,Female,35,Human Resources,HR Executive,Bengaluru,Master's,Full-Time,Remote,2024-12-20,1.7,48000,Outstanding,3,Neutral,4,No,None,23,0,3.7,12,No,26-35,<50K,1-3 Years
EMP14107,Isha,Rao,Female,60,Sales,Account Manager,Kolkata,Diploma,Full-Time,Onsite,2017-01-25,9.6,70000,Needs Improvement,4,Satisfied,3,No,None,32,2,5.6,5,Yes,56+,50K-75K,5-10 Years
EMP14108,Sneha,Singh,Male,38,Operations,Operations Manager,Pune,Bachelor's,Full-Time,Remote,2020-09-01,6.0,61400,Meets Expectations,5,Very Satisfied,1,No,None,36,2,10.7,10,No,36-45,50K-75K,5-10 Years
EMP14109,Aisha,Rao,Male,22,Human Resources,HR Analyst,Kolkata,Bachelor's,Contract,Remote,2025-01-25,1.6,84000,Needs Improvement,5,Very Satisfied,5,No,Rarely,10,1,8.6,8,Yes,21-25,75K-100K,1-3 Years
EMP14110,Aditya,Iyer,Female,26,Finance,Accountant,Chennai,Bachelor's,Contract,Hybrid,2026-05-15,0.3,60800,Meets Expectations,1,Very Dissatisfied,3,No,None,12,1,4.9,22,No,26-35,50K-75K,<1 Year
EMP14111,Meera,Das,Male,23,Sales,Sales Executive,Mumbai,Bachelor's,Contract,Remote,2025-04-08,1.4,44600,Needs Improvement,3,Neutral,4,Yes,None,21,1,7.9,8,No,21-25,<50K,1-3 Years
EMP14112,Vikram,Nair,Female,36,Human Resources,Recruiter,Kolkata,Bachelor's,Full-Time,Onsite,2018-10-08,7.9,60200,Needs Improvement,1,Very Dissatisfied,1,No,None,7,0,8.8,1,Yes,36-45,50K-75K,5-10 Years
EMP14113,Nikhil,Nair,Male,33,Technology,IT Support Specialist,Chennai,Bachelor's,Full-Time,Onsite,2023-01-26,3.6,103200,Outstanding,2,Dissatisfied,2,Yes,Frequently,29,1,2.4,5,No,26-35,100K-150K,3-5 Years
EMP14114,Ananya,Das,Female,55,Customer Support,Team Lead,Chennai,Bachelor's,Full-Time,Hybrid,2014-12-20,11.7,51100,Needs Improvement,2,Dissatisfied,5,No,None,0,1,4.2,19,No,46-55,50K-75K,10+ Years
EMP14115,Aarav,Nair,Female,56,Finance,Finance Manager,Mumbai,Bachelor's,Full-Time,Hybrid,2013-10-08,12.9,54500,Outstanding,2,Dissatisfied,5,Yes,None,15,1,3.0,11,No,56+,50K-75K,10+ Years
EMP14116,Kavya,Das,Male,26,Human Resources,Recruiter,Bengaluru,Bachelor's,Full-Time,Remote,2024-05-14,2.3,45600,Meets Expectations,2,Dissatisfied,1,Yes,Rarely,40,0,10.0,11,No,26-35,<50K,1-3 Years
EMP14117,Kiran,Sharma,Male,58,Sales,Account Manager,Chennai,MBA,Full-Time,Hybrid,2021-06-20,5.2,70700,Meets Expectations,3,Neutral,5,No,None,30,3,10.7,18,No,56+,50K-75K,5-10 Years
EMP14118,Ananya,Das,Female,44,Sales,Sales Executive,Ahmedabad,Bachelor's,Full-Time,Onsite,2024-04-08,2.4,52900,Meets Expectations,3,Neutral,2,No,Rarely,21,1,10.8,4,No,36-45,50K-75K,1-3 Years
EMP14119,Ananya,Patel,Female,33,Technology,Data Analyst,Delhi NCR,Bachelor's,Full-Time,Onsite,2022-04-08,4.4,105500,Meets Expectations,5,Very Satisfied,2,Yes,None,0,2,7.2,19,No,26-35,100K-150K,3-5 Years
EMP14120,Neha,Kumar,Female,37,Sales,Sales Manager,Pune,Bachelor's,Full-Time,Hybrid,2022-12-20,3.7,52800,Exceeds Expectations,3,Neutral,5,Yes,Frequently,32,2,4.4,6,No,36-45,50K-75K,3-5 Years
EMP14121,Isha,Kumar,Female,38,Operations,Operations Manager,Ahmedabad,Bachelor's,Full-Time,Hybrid,2014-11-14,11.8,51700,Meets Expectations,1,Very Dissatisfied,3,No,None,18,1,6.2,17,Yes,36-45,50K-75K,10+ Years
EMP14122,Arjun,Iyer,Male,27,Customer Support,Team Lead,Kolkata,Master's,Full-Time,Hybrid,2021-05-15,5.3,40400,Meets Expectations,3,Neutral,4,Yes,None,35,1,10.6,0,No,26-35,<50K,5-10 Years
EMP14123,Isha,Das,Female,55,Customer Support,Team Lead,Ahmedabad,Bachelor's,Full-Time,Remote,2019-03-03,7.5,70300,Meets Expectations,2,Dissatisfied,1,Yes,None,32,0,8.2,9,Yes,46-55,50K-75K,5-10 Years
EMP14124,Sneha,Singh,Female,21,Technology,Software Engineer,Kolkata,Bachelor's,Full-Time,Onsite,2016-06-20,10.2,59600,Needs Improvement,1,Very Dissatisfied,4,No,Frequently,40,3,10.0,12,No,21-25,50K-75K,10+ Years
EMP14125,Meera,Joshi,Female,23,Operations,Operations Executive,Hyderabad,Bachelor's,Full-Time,Hybrid,2014-04-08,12.4,43200,Needs Improvement,4,Satisfied,2,No,Frequently,4,3,1.2,11,Yes,21-25,<50K,10+ Years
EMP14126,Vikram,Verma,Male,31,Human Resources,HR Analyst,Hyderabad,MBA,Full-Time,Onsite,2021-12-20,4.7,84100,Meets Expectations,4,Satisfied,4,No,None,35,2,6.5,21,No,26-35,75K-100K,3-5 Years
EMP14127,Priya,Joshi,Female,26,Sales,Business Development Executive,Hyderabad,Bachelor's,Full-Time,Hybrid,2023-05-15,3.3,45500,Needs Improvement,2,Dissatisfied,4,No,None,29,2,9.8,7,No,26-35,<50K,3-5 Years
EMP14128,Arjun,Das,Male,23,Sales,Business Development Executive,Chennai,Bachelor's,Full-Time,Hybrid,2011-12-20,14.7,52100,Meets Expectations,2,Dissatisfied,1,Yes,None,12,1,6.5,17,No,21-25,50K-75K,10+ Years
EMP14129,Vikram,Kumar,Female,36,Human Resources,HR Executive,Chennai,Master's,Full-Time,Hybrid,2021-10-08,4.9,55200,Meets Expectations,3,Neutral,5,Yes,None,34,2,3.8,20,No,36-45,50K-75K,3-5 Years
EMP14130,Pooja,Joshi,Female,36,Finance,Financial Analyst,Bengaluru,MBA,Full-Time,Hybrid,2016-07-26,10.1,89500,Needs Improvement,3,Neutral,2,No,None,23,3,4.4,6,No,36-45,75K-100K,10+ Years
EMP14131,Aisha,Iyer,Male,26,Sales,Sales Manager,Hyderabad,Master's,Full-Time,Onsite,2016-06-20,10.2,58200,Outstanding,5,Very Satisfied,2,No,Frequently,27,0,1.0,17,No,26-35,50K-75K,10+ Years
EMP14132,Divya,Verma,Male,53,Customer Support,Support Analyst,Delhi NCR,Bachelor's,Full-Time,Remote,2018-11-14,7.8,64800,Meets Expectations,1,Very Dissatisfied,4,No,None,39,1,10.6,8,No,46-55,50K-75K,5-10 Years
EMP14133,Pooja,Patel,Male,56,Operations,Process Associate,Delhi NCR,Master's,Full-Time,Hybrid,2023-01-26,3.6,71100,Needs Improvement,1,Very Dissatisfied,5,No,Frequently,23,0,8.4,10,No,56+,50K-75K,3-5 Years
EMP14134,Rahul,Verma,Male,49,Human Resources,HR Manager,Delhi NCR,Bachelor's,Full-Time,Hybrid,2024-05-14,2.3,68800,Needs Improvement,4,Satisfied,5,No,None,25,2,10.8,6,No,46-55,50K-75K,1-3 Years
EMP14135,Rohit,Joshi,Male,41,Customer Support,Support Executive,Mumbai,Bachelor's,Full-Time,Onsite,2019-04-09,7.4,41900,Meets Expectations,5,Very Satisfied,3,No,Frequently,35,1,2.1,7,Yes,36-45,<50K,5-10 Years
EMP14136,Arjun,Singh,Male,58,Customer Support,Support Executive,Pune,Bachelor's,Contract,Onsite,2018-11-14,7.8,62900,Meets Expectations,4,Satisfied,2,No,None,31,1,3.0,2,No,56+,50K-75K,5-10 Years
EMP14137,Ananya,Sharma,Male,35,Customer Support,Support Analyst,Mumbai,Bachelor's,Full-Time,Hybrid,2015-01-26,11.6,65800,Needs Improvement,2,Dissatisfied,5,No,None,26,0,6.6,17,Yes,26-35,50K-75K,10+ Years
EMP14138,Aisha,Sharma,Male,38,Technology,BI Analyst,Delhi NCR,Bachelor's,Full-Time,Hybrid,2015-12-20,10.7,117200,Exceeds Expectations,2,Dissatisfied,2,Yes,Rarely,37,3,1.3,3,Yes,36-45,100K-150K,10+ Years
EMP14139,Isha,Das,Female,21,Customer Support,Team Lead,Delhi NCR,Bachelor's,Full-Time,Hybrid,2012-12-20,13.7,34300,Meets Expectations,5,Very Satisfied,4,No,None,37,3,7.5,16,No,21-25,<50K,10+ Years
EMP14140,Divya,Gupta,Female,49,Human Resources,Recruiter,Chennai,Master's,Full-Time,Onsite,2012-01-26,14.6,77200,Meets Expectations,4,Satisfied,2,No,Frequently,25,1,4.0,16,No,46-55,75K-100K,10+ Years
EMP14141,Rohit,Kumar,Male,24,Operations,Operations Manager,Bengaluru,Bachelor's,Contract,Hybrid,2015-09-02,11.0,69200,Meets Expectations,3,Neutral,2,Yes,Rarely,4,2,2.2,20,No,21-25,50K-75K,10+ Years
EMP14142,Nikhil,Nair,Female,47,Customer Support,Customer Success Specialist,Mumbai,Bachelor's,Full-Time,Hybrid,2025-05-15,1.3,68700,Meets Expectations,3,Neutral,3,Yes,Frequently,28,0,4.2,13,Yes,46-55,50K-75K,1-3 Years
EMP14143,Priya,Patel,Male,52,Technology,Software Engineer,Ahmedabad,Bachelor's,Contract,Onsite,2020-06-20,6.2,77000,Meets Expectations,1,Very Dissatisfied,5,No,Frequently,13,3,11.3,3,No,46-55,75K-100K,5-10 Years
EMP14144,Aisha,Rao,Male,29,Human Resources,HR Manager,Delhi NCR,Master's,Full-Time,Hybrid,2017-06-20,9.2,81600,Meets Expectations,5,Very Satisfied,2,No,None,24,1,7.4,6,No,26-35,75K-100K,5-10 Years
EMP14145,Divya,Kumar,Male,45,Sales,Business Development Executive,Delhi NCR,Master's,Full-Time,Hybrid,2017-10-08,8.9,71200,Needs Improvement,1,Very Dissatisfied,4,No,None,15,1,7.5,17,No,36-45,50K-75K,5-10 Years
EMP14146,Aditya,Sharma,Female,33,Technology,Software Engineer,Kolkata,Master's,Full-Time,Onsite,2023-10-08,2.9,120200,Meets Expectations,5,Very Satisfied,1,No,Rarely,13,1,9.2,6,No,26-35,100K-150K,1-3 Years
EMP14147,Rohit,Joshi,Male,36,Finance,Finance Manager,Delhi NCR,Bachelor's,Full-Time,Remote,2017-11-13,8.8,89300,Meets Expectations,1,Very Dissatisfied,4,No,None,39,2,10.0,18,No,36-45,75K-100K,5-10 Years
EMP14148,Rahul,Verma,Male,42,Operations,Operations Analyst,Chennai,Master's,Full-Time,Remote,2021-04-08,5.4,75900,Needs Improvement,1,Very Dissatisfied,2,No,None,10,1,7.1,16,No,36-45,75K-100K,5-10 Years
EMP14149,Rahul,Iyer,Female,30,Customer Support,Customer Success Specialist,Delhi NCR,Bachelor's,Full-Time,Hybrid,2021-06-20,5.2,46200,Meets Expectations,1,Very Dissatisfied,1,No,None,6,3,5.6,14,Yes,26-35,<50K,5-10 Years
EMP14150,Aditya,Reddy,Female,52,Finance,Senior Accountant,Delhi NCR,Bachelor's,Full-Time,Hybrid,2014-03-03,12.5,58000,Exceeds Expectations,3,Neutral,3,No,Rarely,25,2,1.4,2,No,46-55,50K-75K,10+ Years
EMP14151,Priya,Singh,Female,36,Finance,Senior Accountant,Chennai,Bachelor's,Full-Time,Hybrid,2020-04-08,6.4,70000,Meets Expectations,1,Very Dissatisfied,2,Yes,None,26,1,9.3,12,No,36-45,50K-75K,5-10 Years
EMP14152,Kavya,Rao,Male,39,Human Resources,HR Executive,Pune,Master's,Full-Time,Onsite,2018-09-01,8.0,83100,Exceeds Expectations,2,Dissatisfied,4,Yes,None,40,2,3.1,4,No,36-45,75K-100K,5-10 Years
EMP14153,Nikhil,Sharma,Male,53,Customer Support,Customer Success Specialist,Chennai,Master's,Full-Time,Onsite,2018-03-03,8.5,37300,Meets Expectations,4,Satisfied,1,No,Frequently,2,3,2.1,22,No,46-55,<50K,5-10 Years
EMP14154,Priya,Das,Male,30,Customer Support,Team Lead,Chennai,Master's,Contract,Onsite,2018-03-03,8.5,56900,Needs Improvement,4,Satisfied,2,No,Frequently,37,0,11.2,8,Yes,26-35,50K-75K,5-10 Years
EMP14155,Kavya,Iyer,Male,39,Technology,IT Support Specialist,Delhi NCR,Master's,Full-Time,Onsite,2023-04-09,3.4,127800,Outstanding,2,Dissatisfied,2,No,None,34,0,8.0,10,No,36-45,100K-150K,3-5 Years
EMP14156,Kavya,Kumar,Female,60,Technology,Software Engineer,Hyderabad,Bachelor's,Full-Time,Remote,2017-07-27,9.1,121300,Meets Expectations,1,Very Dissatisfied,2,No,None,8,0,7.2,20,No,56+,100K-150K,5-10 Years
EMP14157,Meera,Joshi,Male,36,Marketing,Content Specialist,Delhi NCR,Bachelor's,Contract,Remote,2021-06-20,5.2,78500,Meets Expectations,1,Very Dissatisfied,1,No,Rarely,33,3,8.4,0,No,36-45,75K-100K,5-10 Years
EMP14158,Arjun,Iyer,Male,25,Finance,Accountant,Chennai,Bachelor's,Full-Time,Hybrid,2016-10-08,9.9,95100,Needs Improvement,3,Neutral,2,Yes,None,34,0,4.4,18,Yes,21-25,75K-100K,5-10 Years
EMP14159,Divya,Singh,Male,32,Technology,BI Analyst,Hyderabad,MBA,Full-Time,Hybrid,2024-04-08,2.4,66700,Needs Improvement,3,Neutral,1,Yes,Rarely,4,3,10.6,6,Yes,26-35,50K-75K,1-3 Years
EMP14160,Vihaan,Nair,Female,59,Sales,Sales Executive,Pune,Master's,Full-Time,Remote,2011-10-08,14.9,62300,Meets Expectations,5,Very Satisfied,4,Yes,Rarely,0,1,6.1,1,Yes,56+,50K-75K,10+ Years
EMP14161,Aarav,Rao,Male,51,Finance,Finance Manager,Kolkata,Bachelor's,Contract,Hybrid,2015-01-26,11.6,79900,Needs Improvement,3,Neutral,3,No,None,27,1,6.6,4,No,46-55,75K-100K,10+ Years
EMP14162,Ananya,Patel,Male,53,Finance,Finance Manager,Ahmedabad,Master's,Full-Time,Onsite,2020-04-08,6.4,94500,Outstanding,2,Dissatisfied,2,Yes,None,24,2,4.2,12,Yes,46-55,75K-100K,5-10 Years
EMP14163,Sanjay,Patel,Male,31,Human Resources,Recruiter,Kolkata,Bachelor's,Contract,Remote,2021-12-20,4.7,56200,Exceeds Expectations,4,Satisfied,4,No,None,35,3,11.8,5,No,26-35,50K-75K,3-5 Years
EMP14164,Ananya,Kumar,Female,54,Technology,IT Support Specialist,Pune,Bachelor's,Full-Time,Hybrid,2020-10-08,5.9,66000,Meets Expectations,5,Very Satisfied,5,No,None,38,1,6.0,19,No,46-55,50K-75K,5-10 Years
EMP14165,Divya,Iyer,Female,36,Operations,Process Associate,Mumbai,MBA,Full-Time,Onsite,2015-10-08,10.9,68900,Needs Improvement,5,Very Satisfied,3,No,Rarely,4,0,0.6,1,No,36-45,50K-75K,10+ Years
EMP14166,Nikhil,Sharma,Female,52,Marketing,Content Specialist,Ahmedabad,Master's,Contract,Onsite,2016-10-08,9.9,69200,Exceeds Expectations,1,Very Dissatisfied,2,No,None,39,3,10.8,12,No,46-55,50K-75K,5-10 Years
EMP14167,Isha,Rao,Female,56,Human Resources,Recruiter,Chennai,MBA,Contract,Hybrid,2016-01-26,10.6,84500,Meets Expectations,3,Neutral,3,No,Frequently,34,2,5.1,0,No,56+,75K-100K,10+ Years
EMP14168,Kavya,Joshi,Female,29,Technology,IT Support Specialist,Bengaluru,Bachelor's,Full-Time,Onsite,2013-04-08,13.4,92300,Needs Improvement,5,Very Satisfied,4,Yes,Rarely,24,2,7.1,10,No,26-35,75K-100K,10+ Years
EMP14169,Vihaan,Verma,Male,58,Human Resources,Recruiter,Mumbai,Master's,Full-Time,Remote,2019-09-02,7.0,84700,Needs Improvement,5,Very Satisfied,1,No,None,14,1,3.3,16,No,56+,75K-100K,5-10 Years
EMP14170,Nikhil,Sharma,Female,46,Marketing,Marketing Manager,Mumbai,Bachelor's,Full-Time,Hybrid,2016-07-26,10.1,70000,Meets Expectations,4,Satisfied,2,Yes,None,25,2,0.6,20,No,46-55,50K-75K,10+ Years
EMP14171,Aditya,Singh,Male,50,Finance,Finance Manager,Bengaluru,Bachelor's,Contract,Onsite,2019-12-20,6.7,94500,Meets Expectations,1,Very Dissatisfied,3,No,None,23,3,1.3,19,No,46-55,75K-100K,5-10 Years
EMP14172,Pooja,Gupta,Female,51,Technology,IT Support Specialist,Pune,Bachelor's,Full-Time,Onsite,2017-01-25,9.6,109100,Meets Expectations,2,Dissatisfied,4,No,None,15,3,3.6,16,No,46-55,100K-150K,5-10 Years
EMP14173,Vikram,Reddy,Female,27,Human Resources,HR Executive,Ahmedabad,Master's,Full-Time,Hybrid,2019-06-21,7.2,55400,Needs Improvement,5,Very Satisfied,3,No,Rarely,3,1,10.0,19,No,26-35,50K-75K,5-10 Years
EMP14174,Aisha,Das,Female,50,Finance,Finance Manager,Ahmedabad,Bachelor's,Contract,Onsite,2014-12-20,11.7,66800,Needs Improvement,1,Very Dissatisfied,4,No,None,29,2,11.9,11,No,46-55,50K-75K,10+ Years
EMP14175,Vihaan,Gupta,Male,29,Finance,Accountant,Ahmedabad,Master's,Contract,Hybrid,2026-05-15,0.3,101400,Needs Improvement,4,Satisfied,5,Yes,None,12,2,1.5,20,No,26-35,100K-150K,<1 Year
EMP14176,Rohit,Patel,Male,31,Finance,Senior Accountant,Chennai,Bachelor's,Full-Time,Remote,2023-04-09,3.4,62300,Meets Expectations,3,Neutral,1,No,None,10,2,7.8,4,No,26-35,50K-75K,3-5 Years
EMP14177,Isha,Das,Female,25,Finance,Financial Analyst,Kolkata,Master's,Contract,Hybrid,2022-01-25,4.6,89600,Needs Improvement,4,Satisfied,3,No,None,15,0,11.2,10,No,21-25,75K-100K,3-5 Years
EMP14178,Pooja,Singh,Male,28,Operations,Operations Manager,Pune,Bachelor's,Full-Time,Hybrid,2012-06-20,14.2,44000,Needs Improvement,4,Satisfied,2,No,Rarely,1,3,3.9,4,No,26-35,<50K,10+ Years
EMP14179,Aarav,Singh,Female,60,Human Resources,HR Executive,Pune,Bachelor's,Contract,Remote,2018-12-20,7.7,80100,Meets Expectations,1,Very Dissatisfied,1,Yes,Frequently,16,2,11.1,3,No,56+,75K-100K,5-10 Years
EMP14180,Sanjay,Patel,Male,34,Human Resources,HR Manager,Bengaluru,Bachelor's,Full-Time,Remote,2021-01-25,5.6,53300,Meets Expectations,1,Very Dissatisfied,1,No,Rarely,34,2,5.7,5,Yes,26-35,50K-75K,5-10 Years
EMP14181,Pooja,Singh,Female,36,Marketing,Content Specialist,Delhi NCR,Bachelor's,Contract,Remote,2020-06-20,6.2,74500,Meets Expectations,2,Dissatisfied,4,No,Frequently,29,1,4.3,16,No,36-45,50K-75K,5-10 Years
EMP14182,Sanjay,Das,Male,40,Finance,Financial Analyst,Delhi NCR,Bachelor's,Full-Time,Onsite,2019-10-08,6.9,81800,Meets Expectations,5,Very Satisfied,3,Yes,Rarely,2,3,9.8,13,No,36-45,75K-100K,5-10 Years
EMP14183,Kiran,Sharma,Female,49,Sales,Business Development Executive,Delhi NCR,Bachelor's,Full-Time,Onsite,2013-09-01,13.0,48500,Meets Expectations,5,Very Satisfied,2,No,None,13,3,1.4,12,No,46-55,<50K,10+ Years
EMP14184,Neha,Iyer,Female,43,Operations,Operations Analyst,Ahmedabad,Bachelor's,Full-Time,Hybrid,2012-04-08,14.4,59600,Meets Expectations,4,Satisfied,5,No,Frequently,27,2,6.0,12,Yes,36-45,50K-75K,10+ Years
EMP14185,Aisha,Das,Female,42,Sales,Business Development Executive,Bengaluru,Bachelor's,Full-Time,Onsite,2013-12-20,12.7,80100,Exceeds Expectations,2,Dissatisfied,2,No,None,38,2,2.6,9,No,36-45,75K-100K,10+ Years
EMP14186,Divya,Iyer,Male,54,Marketing,Marketing Manager,Kolkata,Bachelor's,Full-Time,Hybrid,2013-12-20,12.7,79000,Exceeds Expectations,5,Very Satisfied,3,No,None,17,3,5.6,14,Yes,46-55,75K-100K,10+ Years
EMP14187,Meera,Gupta,Male,40,Technology,Software Engineer,Ahmedabad,MBA,Full-Time,Hybrid,2023-07-27,3.1,128200,Meets Expectations,4,Satisfied,5,No,Frequently,40,2,6.4,3,No,36-45,100K-150K,3-5 Years
EMP14188,Aarav,Sharma,Male,51,Technology,Software Engineer,Mumbai,Bachelor's,Full-Time,Remote,2022-06-20,4.2,113600,Needs Improvement,2,Dissatisfied,4,No,Rarely,1,1,7.6,4,No,46-55,100K-150K,3-5 Years
EMP14189,Isha,Das,Male,57,Sales,Account Manager,Mumbai,Master's,Full-Time,Onsite,2017-09-01,9.0,69100,Meets Expectations,4,Satisfied,4,No,Frequently,37,1,1.9,6,No,56+,50K-75K,5-10 Years
EMP14190,Arjun,Nair,Female,48,Customer Support,Support Executive,Ahmedabad,Bachelor's,Full-Time,Hybrid,2016-10-08,9.9,54000,Needs Improvement,3,Neutral,2,No,None,6,0,9.7,11,Yes,46-55,50K-75K,5-10 Years
EMP14191,Isha,Rao,Female,22,Human Resources,HR Executive,Bengaluru,Bachelor's,Full-Time,Hybrid,2023-06-21,3.2,89200,Meets Expectations,3,Neutral,5,No,Rarely,29,2,11.0,14,No,21-25,75K-100K,3-5 Years
EMP14192,Isha,Gupta,Female,31,Finance,Senior Accountant,Mumbai,Master's,Full-Time,Hybrid,2015-06-21,11.2,79600,Needs Improvement,2,Dissatisfied,3,No,None,4,3,10.6,14,No,26-35,75K-100K,10+ Years
EMP14193,Rahul,Singh,Female,45,Operations,Process Associate,Mumbai,Diploma,Contract,Onsite,2023-06-21,3.2,55600,Needs Improvement,4,Satisfied,2,No,None,40,0,7.0,3,No,36-45,50K-75K,3-5 Years
EMP14194,Nikhil,Iyer,Female,40,Sales,Account Manager,Bengaluru,Bachelor's,Full-Time,Onsite,2022-07-27,4.1,78100,Needs Improvement,2,Dissatisfied,4,Yes,Frequently,8,0,8.2,19,No,36-45,75K-100K,3-5 Years
EMP14195,Aisha,Joshi,Male,32,Human Resources,HR Executive,Hyderabad,Bachelor's,Full-Time,Hybrid,2021-12-20,4.7,89400,Needs Improvement,5,Very Satisfied,3,Yes,None,15,1,10.9,16,No,26-35,75K-100K,3-5 Years
EMP14196,Pooja,Verma,Male,34,Human Resources,HR Executive,Bengaluru,Master's,Full-Time,Hybrid,2013-12-20,12.7,66100,Meets Expectations,1,Very Dissatisfied,1,Yes,Rarely,26,3,1.5,6,No,26-35,50K-75K,10+ Years
EMP14197,Pooja,Iyer,Male,24,Human Resources,HR Manager,Kolkata,Master's,Full-Time,Hybrid,2015-09-02,11.0,48900,Meets Expectations,2,Dissatisfied,1,No,Frequently,2,2,8.5,3,No,21-25,<50K,10+ Years
EMP14198,Vikram,Rao,Male,30,Sales,Account Manager,Delhi NCR,Master's,Contract,Onsite,2018-07-27,8.1,67500,Needs Improvement,1,Very Dissatisfied,1,No,Frequently,23,3,6.9,6,No,26-35,50K-75K,5-10 Years
EMP14199,Vihaan,Kumar,Male,52,Customer Support,Support Executive,Kolkata,MBA,Full-Time,Onsite,2014-05-15,12.3,60900,Exceeds Expectations,2,Dissatisfied,1,No,None,11,1,8.7,22,No,46-55,50K-75K,10+ Years
EMP14200,Divya,Rao,Male,21,Technology,Data Analyst,Kolkata,Bachelor's,Full-Time,Onsite,2014-06-20,12.2,84700,Meets Expectations,4,Satisfied,2,Yes,None,17,1,2.5,22,No,21-25,75K-100K,10+ Years
EMP14201,Pooja,Iyer,Female,54,Marketing,Digital Marketing Analyst,Kolkata,Master's,Full-Time,Hybrid,2020-09-01,6.0,82500,Meets Expectations,5,Very Satisfied,2,No,Frequently,13,1,3.7,9,Yes,46-55,75K-100K,5-10 Years
EMP14202,Rahul,Joshi,Female,34,Operations,Operations Manager,Delhi NCR,MBA,Contract,Hybrid,2014-11-14,11.8,61400,Meets Expectations,1,Very Dissatisfied,2,Yes,Rarely,34,3,11.0,1,No,26-35,50K-75K,10+ Years
EMP14203,Priya,Sharma,Male,53,Finance,Accountant,Hyderabad,Bachelor's,Contract,Hybrid,2023-05-15,3.3,66400,Outstanding,2,Dissatisfied,5,No,None,18,3,1.3,7,No,46-55,50K-75K,3-5 Years
EMP14204,Meera,Nair,Male,31,Sales,Business Development Executive,Hyderabad,Master's,Full-Time,Onsite,2019-01-26,7.6,68500,Needs Improvement,1,Very Dissatisfied,5,No,None,30,3,11.1,11,No,26-35,50K-75K,5-10 Years
EMP14205,Rohit,Das,Female,54,Finance,Finance Manager,Bengaluru,Master's,Full-Time,Onsite,2024-10-08,1.9,71500,Exceeds Expectations,5,Very Satisfied,5,Yes,None,1,1,8.7,22,No,46-55,50K-75K,1-3 Years
EMP14206,Aisha,Sharma,Female,43,Operations,Process Associate,Chennai,Bachelor's,Full-Time,Onsite,2020-03-02,6.5,72900,Meets Expectations,3,Neutral,1,No,Frequently,27,1,3.2,21,No,36-45,50K-75K,5-10 Years
EMP14207,Sanjay,Verma,Female,55,Customer Support,Customer Success Specialist,Hyderabad,Bachelor's,Full-Time,Onsite,2018-10-08,7.9,32400,Needs Improvement,2,Dissatisfied,3,Yes,None,15,3,8.4,16,No,46-55,<50K,5-10 Years
EMP14208,Divya,Iyer,Male,23,Customer Support,Support Analyst,Hyderabad,Diploma,Full-Time,Remote,2025-04-08,1.4,63900,Meets Expectations,4,Satisfied,1,No,Rarely,24,3,10.8,12,No,21-25,50K-75K,1-3 Years
EMP14209,Nikhil,Singh,Female,52,Technology,Data Analyst,Delhi NCR,Bachelor's,Full-Time,Onsite,2019-09-02,7.0,80000,Meets Expectations,1,Very Dissatisfied,4,No,None,34,2,2.6,11,No,46-55,75K-100K,5-10 Years
EMP14210,Arjun,Nair,Male,31,Marketing,Marketing Manager,Ahmedabad,Bachelor's,Full-Time,Onsite,2016-11-13,9.8,93600,Exceeds Expectations,4,Satisfied,1,No,None,28,2,8.4,13,No,26-35,75K-100K,5-10 Years
EMP14211,Divya,Singh,Female,35,Technology,BI Analyst,Pune,MBA,Contract,Hybrid,2017-05-15,9.3,111800,Outstanding,1,Very Dissatisfied,2,No,Rarely,14,0,11.5,2,Yes,26-35,100K-150K,5-10 Years
EMP14212,Vikram,Reddy,Female,22,Marketing,Digital Marketing Analyst,Hyderabad,Bachelor's,Full-Time,Remote,2025-09-01,1.0,56100,Meets Expectations,3,Neutral,2,Yes,Frequently,9,1,3.2,6,No,21-25,50K-75K,<1 Year
EMP14213,Kiran,Singh,Male,59,Finance,Senior Accountant,Bengaluru,Bachelor's,Full-Time,Hybrid,2025-01-25,1.6,106000,Meets Expectations,1,Very Dissatisfied,3,No,None,36,3,11.0,13,No,56+,100K-150K,1-3 Years
EMP14214,Arjun,Rao,Male,46,Marketing,Content Specialist,Ahmedabad,Bachelor's,Full-Time,Onsite,2021-04-08,5.4,69600,Exceeds Expectations,2,Dissatisfied,2,No,None,10,1,1.7,16,No,46-55,50K-75K,5-10 Years
EMP14215,Nikhil,Rao,Male,60,Marketing,Content Specialist,Ahmedabad,MBA,Full-Time,Hybrid,2013-12-20,12.7,70800,Needs Improvement,4,Satisfied,3,No,Rarely,1,3,8.8,9,No,56+,50K-75K,10+ Years
EMP14216,Isha,Patel,Male,43,Customer Support,Support Executive,Pune,Bachelor's,Full-Time,Onsite,2013-07-27,13.1,67400,Meets Expectations,3,Neutral,1,Yes,None,12,3,0.8,22,No,36-45,50K-75K,10+ Years
EMP14217,Rohit,Iyer,Female,27,Human Resources,Recruiter,Chennai,Diploma,Full-Time,Onsite,2021-11-13,4.8,88300,Meets Expectations,3,Neutral,3,Yes,None,0,3,6.4,17,No,26-35,75K-100K,3-5 Years
EMP14218,Kiran,Gupta,Male,34,Finance,Financial Analyst,Mumbai,Diploma,Full-Time,Hybrid,2015-11-14,10.8,89500,Meets Expectations,4,Satisfied,1,No,Rarely,30,2,0.8,10,Yes,26-35,75K-100K,10+ Years
EMP14219,Nikhil,Gupta,Male,38,Human Resources,HR Executive,Chennai,Bachelor's,Full-Time,Hybrid,2017-12-20,8.7,91300,Outstanding,5,Very Satisfied,1,Yes,None,36,3,11.7,22,Yes,36-45,75K-100K,5-10 Years
EMP14220,Ananya,Verma,Male,26,Technology,IT Support Specialist,Delhi NCR,Master's,Full-Time,Onsite,2011-11-14,14.8,81600,Meets Expectations,2,Dissatisfied,1,Yes,Rarely,17,2,10.1,19,No,26-35,75K-100K,10+ Years
EMP14221,Isha,Singh,Female,58,Sales,Sales Executive,Mumbai,Bachelor's,Full-Time,Hybrid,2025-01-25,1.6,49900,Meets Expectations,5,Very Satisfied,2,No,None,25,1,10.4,11,No,56+,<50K,1-3 Years
EMP14222,Arjun,Iyer,Male,59,Human Resources,HR Manager,Kolkata,Master's,Full-Time,Hybrid,2018-05-15,8.3,43500,Meets Expectations,1,Very Dissatisfied,4,Yes,Rarely,39,2,11.1,0,No,56+,<50K,5-10 Years
EMP14223,Rohit,Singh,Male,43,Operations,Operations Analyst,Chennai,Bachelor's,Full-Time,Hybrid,2017-09-01,9.0,53100,Meets Expectations,5,Very Satisfied,2,No,Frequently,37,1,8.7,13,Yes,36-45,50K-75K,5-10 Years
EMP14224,Neha,Sharma,Male,44,Human Resources,HR Analyst,Delhi NCR,Bachelor's,Full-Time,Onsite,2021-11-13,4.8,72400,Outstanding,5,Very Satisfied,3,Yes,Frequently,1,2,3.6,19,No,36-45,50K-75K,3-5 Years
EMP14225,Nikhil,Rao,Male,49,Operations,Operations Executive,Pune,Bachelor's,Full-Time,Remote,2025-10-08,0.9,51200,Meets Expectations,3,Neutral,4,No,Rarely,2,1,12.0,20,No,46-55,50K-75K,<1 Year
EMP14226,Neha,Rao,Male,48,Technology,BI Analyst,Mumbai,Bachelor's,Full-Time,Onsite,2025-09-01,1.0,99200,Exceeds Expectations,1,Very Dissatisfied,4,Yes,Rarely,15,1,4.3,22,Yes,46-55,75K-100K,<1 Year
EMP14227,Nikhil,Singh,Female,23,Human Resources,Recruiter,Delhi NCR,Bachelor's,Full-Time,Onsite,2019-10-08,6.9,44400,Meets Expectations,3,Neutral,3,No,None,11,1,10.5,1,No,21-25,<50K,5-10 Years
EMP14228,Aditya,Kumar,Non-Binary,42,Marketing,Digital Marketing Analyst,Pune,Master's,Contract,Onsite,2016-04-08,10.4,62000,Meets Expectations,2,Dissatisfied,1,No,None,6,3,9.1,19,No,36-45,50K-75K,10+ Years
EMP14229,Pooja,Rao,Male,52,Finance,Senior Accountant,Mumbai,Bachelor's,Full-Time,Hybrid,2016-01-26,10.6,92500,Meets Expectations,3,Neutral,4,Yes,None,6,1,7.7,9,No,46-55,75K-100K,10+ Years
EMP14230,Kavya,Sharma,Male,53,Sales,Account Manager,Bengaluru,Bachelor's,Contract,Remote,2023-10-08,2.9,43900,Outstanding,2,Dissatisfied,2,No,Rarely,33,2,8.1,2,No,46-55,<50K,1-3 Years
EMP14231,Aditya,Singh,Male,44,Sales,Sales Manager,Kolkata,Master's,Full-Time,Onsite,2013-10-08,12.9,72500,Meets Expectations,1,Very Dissatisfied,3,No,None,7,3,0.2,9,No,36-45,50K-75K,10+ Years
EMP14232,Arjun,Das,Male,56,Customer Support,Customer Success Specialist,Delhi NCR,Master's,Full-Time,Onsite,2020-11-13,5.8,61800,Meets Expectations,5,Very Satisfied,5,No,None,19,3,7.0,14,No,56+,50K-75K,5-10 Years
EMP14233,Rohit,Nair,Female,44,Marketing,Marketing Manager,Chennai,Diploma,Full-Time,Remote,2012-03-02,14.5,73200,Meets Expectations,5,Very Satisfied,1,No,None,1,3,1.3,14,No,36-45,50K-75K,10+ Years
EMP14234,Divya,Das,Male,36,Technology,Software Engineer,Chennai,Bachelor's,Contract,Hybrid,2024-10-08,1.9,120700,Outstanding,3,Neutral,1,No,Rarely,25,2,12.0,1,No,36-45,100K-150K,1-3 Years
EMP14235,Kiran,Reddy,Male,38,Technology,Data Analyst,Kolkata,Master's,Contract,Remote,2014-01-25,12.6,125500,Outstanding,5,Very Satisfied,2,No,None,30,1,2.7,2,Yes,36-45,100K-150K,10+ Years
EMP14236,Pooja,Iyer,Male,48,Sales,Sales Manager,Delhi NCR,Bachelor's,Full-Time,Hybrid,2013-01-25,13.6,40600,Outstanding,5,Very Satisfied,3,No,None,24,0,10.2,1,No,46-55,<50K,10+ Years
EMP14237,Sanjay,Kumar,Male,56,Customer Support,Support Analyst,Ahmedabad,Master's,Full-Time,Hybrid,2014-04-08,12.4,58500,Meets Expectations,5,Very Satisfied,3,No,Rarely,11,2,9.5,1,No,56+,50K-75K,10+ Years
EMP14238,Rahul,Gupta,Male,30,Sales,Account Manager,Kolkata,MBA,Full-Time,Hybrid,2014-06-20,12.2,50100,Needs Improvement,5,Very Satisfied,2,Yes,Frequently,3,0,8.1,1,No,26-35,50K-75K,10+ Years
EMP14239,Aditya,Iyer,Female,32,Operations,Operations Manager,Chennai,Bachelor's,Full-Time,Onsite,2021-03-03,5.5,55900,Meets Expectations,1,Very Dissatisfied,5,No,Rarely,16,3,7.0,4,No,26-35,50K-75K,5-10 Years
EMP14240,Rohit,Patel,Female,47,Technology,BI Analyst,Pune,Bachelor's,Full-Time,Hybrid,2015-11-14,10.8,102200,Exceeds Expectations,4,Satisfied,1,No,None,32,2,5.3,3,No,46-55,100K-150K,10+ Years
EMP14241,Rahul,Reddy,Male,51,Finance,Accountant,Delhi NCR,Bachelor's,Full-Time,Hybrid,2017-11-13,8.8,90400,Needs Improvement,5,Very Satisfied,3,No,Frequently,4,2,9.2,17,No,46-55,75K-100K,5-10 Years
EMP14242,Priya,Singh,Male,36,Technology,Software Engineer,Hyderabad,Bachelor's,Full-Time,Hybrid,2020-03-02,6.5,117500,Needs Improvement,1,Very Dissatisfied,3,Yes,None,33,2,4.8,12,No,36-45,100K-150K,5-10 Years
EMP14243,Divya,Sharma,Female,46,Operations,Operations Manager,Hyderabad,Bachelor's,Full-Time,Hybrid,2011-10-08,14.9,69200,Meets Expectations,1,Very Dissatisfied,4,No,None,37,3,9.1,13,Yes,46-55,50K-75K,10+ Years
EMP14244,Isha,Gupta,Female,21,Sales,Business Development Executive,Chennai,Diploma,Contract,Onsite,2022-03-03,4.5,75400,Meets Expectations,2,Dissatisfied,3,No,None,24,3,2.4,17,No,21-25,75K-100K,3-5 Years
EMP14245,Rohit,Das,Male,32,Finance,Senior Accountant,Ahmedabad,Master's,Full-Time,Hybrid,2020-05-14,6.3,83800,Meets Expectations,5,Very Satisfied,1,Yes,None,34,3,9.9,13,No,26-35,75K-100K,5-10 Years
EMP14246,Meera,Gupta,Female,59,Technology,BI Analyst,Pune,Bachelor's,Full-Time,Hybrid,2013-01-25,13.6,66700,Meets Expectations,5,Very Satisfied,2,No,Rarely,11,3,9.3,3,No,56+,50K-75K,10+ Years
EMP14247,Divya,Kumar,Female,44,Technology,IT Support Specialist,Delhi NCR,Bachelor's,Full-Time,Hybrid,2022-03-03,4.5,60000,Meets Expectations,3,Neutral,1,Yes,None,25,2,9.2,20,No,36-45,50K-75K,3-5 Years
EMP14248,Nikhil,Sharma,Male,55,Technology,IT Support Specialist,Hyderabad,Bachelor's,Full-Time,Onsite,2024-03-02,2.5,95700,Meets Expectations,5,Very Satisfied,3,No,Frequently,29,1,5.0,0,No,46-55,75K-100K,1-3 Years
EMP14249,Sanjay,Patel,Female,29,Customer Support,Support Analyst,Delhi NCR,Bachelor's,Full-Time,Hybrid,2021-11-13,4.8,59900,Needs Improvement,1,Very Dissatisfied,5,Yes,Rarely,29,3,8.5,7,No,26-35,50K-75K,3-5 Years
EMP14250,Sanjay,Joshi,Female,32,Finance,Financial Analyst,Chennai,MBA,Full-Time,Hybrid,2015-04-09,11.4,55100,Meets Expectations,5,Very Satisfied,2,No,None,28,3,6.2,9,No,26-35,50K-75K,10+ Years
EMP14251,Nikhil,Singh,Male,59,Finance,Finance Manager,Hyderabad,Master's,Contract,Onsite,2013-10-08,12.9,73900,Exceeds Expectations,5,Very Satisfied,2,No,None,7,3,3.4,4,No,56+,50K-75K,10+ Years
EMP14252,Arjun,Iyer,Female,60,Finance,Finance Manager,Chennai,Bachelor's,Full-Time,Hybrid,2024-10-08,1.9,63700,Meets Expectations,5,Very Satisfied,3,No,Rarely,37,3,5.7,9,Yes,56+,50K-75K,1-3 Years
EMP14253,Pooja,Iyer,Male,56,Customer Support,Customer Success Specialist,Ahmedabad,MBA,Full-Time,Hybrid,2017-04-08,9.4,54200,Exceeds Expectations,2,Dissatisfied,1,No,None,27,2,4.9,3,No,56+,50K-75K,5-10 Years
EMP14254,Rohit,Das,Male,33,Finance,Senior Accountant,Bengaluru,Diploma,Full-Time,Hybrid,2018-01-25,8.6,71600,Meets Expectations,4,Satisfied,5,Yes,None,4,0,2.1,10,No,26-35,50K-75K,5-10 Years
EMP14255,Vihaan,Kumar,Female,53,Finance,Senior Accountant,Ahmedabad,Bachelor's,Full-Time,Onsite,2016-07-26,10.1,60500,Needs Improvement,2,Dissatisfied,4,No,None,26,3,0.4,2,No,46-55,50K-75K,10+ Years
EMP14256,Divya,Kumar,Male,39,Finance,Accountant,Pune,Master's,Contract,Hybrid,2016-07-26,10.1,49000,Needs Improvement,3,Neutral,4,No,None,37,1,7.9,12,No,36-45,<50K,10+ Years
EMP14257,Aditya,Reddy,Male,54,Finance,Accountant,Pune,Bachelor's,Full-Time,Onsite,2012-04-08,14.4,67600,Exceeds Expectations,5,Very Satisfied,2,No,None,0,2,8.9,12,No,46-55,50K-75K,10+ Years
EMP14258,Meera,Singh,Female,55,Sales,Sales Executive,Hyderabad,MBA,Full-Time,Hybrid,2021-05-15,5.3,63200,Meets Expectations,3,Neutral,2,Yes,Frequently,36,2,3.9,22,No,46-55,50K-75K,5-10 Years
EMP14259,Aditya,Rao,Male,38,Marketing,Marketing Executive,Hyderabad,Bachelor's,Full-Time,Hybrid,2022-01-25,4.6,92000,Exceeds Expectations,4,Satisfied,3,Yes,None,13,3,12.0,3,No,36-45,75K-100K,3-5 Years
EMP14260,Nikhil,Nair,Male,33,Sales,Account Manager,Ahmedabad,Diploma,Full-Time,Onsite,2017-11-13,8.8,49600,Meets Expectations,3,Neutral,2,No,None,12,0,2.8,6,No,26-35,<50K,5-10 Years
EMP14261,Ananya,Sharma,Female,59,Technology,Data Analyst,Chennai,Bachelor's,Full-Time,Onsite,2020-01-26,6.6,94500,Needs Improvement,1,Very Dissatisfied,1,No,Rarely,19,0,7.4,14,No,56+,75K-100K,5-10 Years
EMP14262,Rahul,Patel,Male,39,Technology,Data Analyst,Delhi NCR,Master's,Full-Time,Onsite,2019-06-21,7.2,98300,Outstanding,1,Very Dissatisfied,4,Yes,Frequently,29,1,9.8,13,Yes,36-45,75K-100K,5-10 Years
EMP14263,Priya,Singh,Male,38,Finance,Financial Analyst,Hyderabad,Bachelor's,Contract,Hybrid,2025-06-20,1.2,86700,Meets Expectations,4,Satisfied,5,Yes,Rarely,4,1,8.7,13,No,36-45,75K-100K,1-3 Years
EMP14264,Priya,Singh,Female,47,Operations,Operations Analyst,Bengaluru,Bachelor's,Full-Time,Onsite,2024-04-08,2.4,52300,Needs Improvement,2,Dissatisfied,2,No,None,10,2,4.9,19,No,46-55,50K-75K,1-3 Years
EMP14265,Pooja,Verma,Female,58,Marketing,Marketing Manager,Mumbai,Master's,Full-Time,Remote,2012-09-01,14.0,48700,Meets Expectations,2,Dissatisfied,4,No,Frequently,33,0,10.3,11,No,56+,<50K,10+ Years
EMP14266,Nikhil,Nair,Male,26,Customer Support,Customer Success Specialist,Mumbai,Bachelor's,Full-Time,Onsite,2025-06-20,1.2,67900,Needs Improvement,1,Very Dissatisfied,5,Yes,None,9,3,9.0,10,No,26-35,50K-75K,1-3 Years
EMP14267,Pooja,Iyer,Male,60,Finance,Finance Manager,Delhi NCR,Bachelor's,Full-Time,Remote,2017-10-08,8.9,104500,Meets Expectations,5,Very Satisfied,4,No,None,14,3,3.2,7,No,56+,100K-150K,5-10 Years
EMP14268,Aisha,Sharma,Female,37,Customer Support,Customer Success Specialist,Delhi NCR,MBA,Contract,Remote,2015-04-09,11.4,49200,Meets Expectations,1,Very Dissatisfied,5,Yes,Rarely,26,3,8.9,0,Yes,36-45,<50K,10+ Years
EMP14269,Isha,Kumar,Male,22,Sales,Sales Manager,Chennai,Bachelor's,Full-Time,Onsite,2026-04-08,0.4,66200,Needs Improvement,3,Neutral,5,Yes,None,10,1,4.1,9,No,21-25,50K-75K,<1 Year
EMP14270,Sneha,Reddy,Female,33,Human Resources,Recruiter,Mumbai,Bachelor's,Full-Time,Hybrid,2023-03-03,3.5,43500,Needs Improvement,2,Dissatisfied,2,Yes,Rarely,2,0,3.3,8,No,26-35,<50K,3-5 Years
EMP14271,Arjun,Patel,Female,39,Operations,Process Associate,Kolkata,Bachelor's,Full-Time,Remote,2020-11-13,5.8,39600,Outstanding,5,Very Satisfied,1,Yes,Frequently,21,2,4.7,16,No,36-45,<50K,5-10 Years
EMP14272,Kavya,Sharma,Female,48,Human Resources,HR Executive,Mumbai,MBA,Full-Time,Onsite,2018-12-20,7.7,45900,Meets Expectations,4,Satisfied,5,Yes,None,3,3,4.9,16,Yes,46-55,<50K,5-10 Years
EMP14273,Neha,Singh,Female,43,Customer Support,Team Lead,Ahmedabad,Bachelor's,Contract,Hybrid,2021-05-15,5.3,60800,Outstanding,1,Very Dissatisfied,4,No,None,15,0,0.4,6,No,36-45,50K-75K,5-10 Years
EMP14274,Vikram,Patel,Male,26,Finance,Accountant,Kolkata,Bachelor's,Full-Time,Hybrid,2016-11-13,9.8,62000,Needs Improvement,4,Satisfied,1,Yes,None,27,0,3.3,4,No,26-35,50K-75K,5-10 Years
EMP14275,Sneha,Verma,Female,40,Sales,Sales Executive,Ahmedabad,Bachelor's,Full-Time,Hybrid,2023-01-26,3.6,47600,Meets Expectations,1,Very Dissatisfied,5,No,None,30,1,8.3,15,No,36-45,<50K,3-5 Years
EMP14276,Sneha,Rao,Female,30,Operations,Operations Manager,Ahmedabad,Bachelor's,Full-Time,Hybrid,2026-01-25,0.6,37900,Meets Expectations,3,Neutral,1,No,Rarely,39,3,4.6,15,No,26-35,<50K,<1 Year
EMP14277,Sneha,Gupta,Female,31,Sales,Sales Executive,Mumbai,Bachelor's,Full-Time,Onsite,2026-06-20,0.2,40100,Outstanding,2,Dissatisfied,2,No,Frequently,35,0,7.7,6,No,26-35,<50K,<1 Year
EMP14278,Kavya,Joshi,Male,49,Operations,Operations Executive,Hyderabad,Bachelor's,Full-Time,Onsite,2021-05-15,5.3,55700,Meets Expectations,4,Satisfied,5,No,Rarely,1,2,7.9,1,No,46-55,50K-75K,5-10 Years
EMP14279,Kavya,Reddy,Female,53,Operations,Process Associate,Mumbai,Bachelor's,Full-Time,Hybrid,2021-01-25,5.6,61900,Meets Expectations,3,Neutral,2,No,Frequently,19,3,11.8,11,No,46-55,50K-75K,5-10 Years
EMP14280,Sneha,Kumar,Female,27,Operations,Operations Executive,Mumbai,Bachelor's,Full-Time,Onsite,2012-06-20,14.2,63600,Exceeds Expectations,3,Neutral,4,No,None,0,0,5.2,15,No,26-35,50K-75K,10+ Years
EMP14281,Rohit,Nair,Female,45,Human Resources,Recruiter,Ahmedabad,Bachelor's,Full-Time,Hybrid,2025-10-08,0.9,65100,Meets Expectations,5,Very Satisfied,1,No,None,32,3,7.2,4,Yes,36-45,50K-75K,<1 Year
EMP14282,Kavya,Singh,Female,37,Customer Support,Support Executive,Chennai,Bachelor's,Full-Time,Hybrid,2018-09-01,8.0,50000,Meets Expectations,3,Neutral,3,No,None,3,3,8.7,11,No,36-45,<50K,5-10 Years
EMP14283,Aditya,Joshi,Male,34,Technology,Software Engineer,Kolkata,Master's,Contract,Hybrid,2017-11-13,8.8,111400,Meets Expectations,2,Dissatisfied,4,No,Rarely,31,1,8.2,20,No,26-35,100K-150K,5-10 Years
EMP14284,Pooja,Sharma,Female,49,Human Resources,HR Executive,Hyderabad,Master's,Full-Time,Remote,2016-03-02,10.5,56600,Needs Improvement,3,Neutral,5,No,None,0,0,6.5,16,No,46-55,50K-75K,10+ Years
EMP14285,Aisha,Reddy,Female,30,Sales,Sales Executive,Bengaluru,Diploma,Full-Time,Hybrid,2016-12-20,9.7,50100,Meets Expectations,5,Very Satisfied,3,No,None,4,3,9.6,19,No,26-35,50K-75K,5-10 Years
EMP14286,Kiran,Rao,Female,51,Operations,Operations Analyst,Ahmedabad,Bachelor's,Full-Time,Hybrid,2026-05-15,0.3,75900,Exceeds Expectations,1,Very Dissatisfied,1,No,None,38,0,7.9,0,No,46-55,75K-100K,<1 Year
EMP14287,Vihaan,Verma,Male,37,Marketing,Digital Marketing Analyst,Hyderabad,Master's,Full-Time,Remote,2017-01-25,9.6,79500,Meets Expectations,2,Dissatisfied,3,Yes,None,7,1,8.1,21,No,36-45,75K-100K,5-10 Years
EMP14288,Arjun,Sharma,Male,24,Operations,Operations Executive,Ahmedabad,Bachelor's,Contract,Onsite,2021-09-01,5.0,59000,Meets Expectations,3,Neutral,4,No,Rarely,19,0,3.6,21,No,21-25,50K-75K,3-5 Years
EMP14289,Kavya,Rao,Female,52,Operations,Operations Analyst,Mumbai,Master's,Full-Time,Hybrid,2015-01-26,11.6,49900,Meets Expectations,2,Dissatisfied,3,No,Frequently,21,1,9.6,15,No,46-55,<50K,10+ Years
EMP14290,Aarav,Patel,Male,55,Finance,Accountant,Delhi NCR,MBA,Full-Time,Hybrid,2023-09-02,3.0,56700,Meets Expectations,4,Satisfied,5,No,None,28,1,6.9,13,Yes,46-55,50K-75K,1-3 Years
EMP14291,Vihaan,Gupta,Female,43,Sales,Sales Manager,Kolkata,Diploma,Full-Time,Hybrid,2015-11-14,10.8,40800,Outstanding,1,Very Dissatisfied,2,No,None,38,1,10.2,3,No,36-45,<50K,10+ Years
EMP14292,Neha,Das,Female,49,Customer Support,Team Lead,Pune,Master's,Full-Time,Hybrid,2017-03-03,9.5,65200,Meets Expectations,2,Dissatisfied,5,No,None,17,0,2.1,15,No,46-55,50K-75K,5-10 Years
EMP14293,Sanjay,Verma,Male,26,Human Resources,Recruiter,Chennai,Bachelor's,Full-Time,Remote,2016-10-08,9.9,71900,Needs Improvement,3,Neutral,4,Yes,None,24,0,4.8,14,No,26-35,50K-75K,5-10 Years
EMP14294,Rohit,Iyer,Male,34,Sales,Business Development Executive,Hyderabad,Bachelor's,Full-Time,Hybrid,2023-11-14,2.8,41100,Meets Expectations,5,Very Satisfied,3,No,None,40,3,8.5,18,No,26-35,<50K,1-3 Years
EMP14295,Kiran,Verma,Male,34,Customer Support,Support Executive,Mumbai,Bachelor's,Full-Time,Hybrid,2016-07-26,10.1,38400,Needs Improvement,2,Dissatisfied,1,Yes,Rarely,4,3,10.9,4,No,26-35,<50K,10+ Years
EMP14296,Ananya,Singh,Male,51,Customer Support,Support Executive,Pune,Bachelor's,Full-Time,Onsite,2015-07-27,11.1,43100,Needs Improvement,2,Dissatisfied,2,No,Rarely,19,2,10.4,1,No,46-55,<50K,10+ Years
EMP14297,Kiran,Reddy,Male,35,Human Resources,HR Manager,Delhi NCR,Master's,Full-Time,Hybrid,2019-04-09,7.4,55300,Outstanding,5,Very Satisfied,4,Yes,Rarely,12,1,7.4,10,No,26-35,50K-75K,5-10 Years
EMP14298,Vihaan,Patel,Female,50,Operations,Operations Analyst,Mumbai,Bachelor's,Full-Time,Remote,2021-06-20,5.2,62200,Meets Expectations,3,Neutral,5,No,Frequently,38,3,8.9,3,No,46-55,50K-75K,5-10 Years
EMP14299,Sanjay,Singh,Female,33,Sales,Business Development Executive,Pune,Bachelor's,Full-Time,Hybrid,2023-12-20,2.7,57700,Outstanding,2,Dissatisfied,3,Yes,None,25,3,5.0,20,No,26-35,50K-75K,1-3 Years
EMP14300,Meera,Das,Female,45,Sales,Account Manager,Pune,Master's,Full-Time,Hybrid,2022-03-03,4.5,80300,Needs Improvement,5,Very Satisfied,2,Yes,Rarely,26,1,2.2,3,No,36-45,75K-100K,3-5 Years
EMP14301,Ananya,Rao,Female,29,Technology,Software Engineer,Chennai,Master's,Contract,Hybrid,2015-03-03,11.5,109000,Outstanding,1,Very Dissatisfied,4,No,Rarely,7,1,5.9,4,Yes,26-35,100K-150K,10+ Years
EMP14302,Priya,Nair,Female,43,Marketing,Content Specialist,Delhi NCR,Bachelor's,Contract,Onsite,2020-05-14,6.3,91000,Meets Expectations,4,Satisfied,5,No,None,38,1,11.5,3,No,36-45,75K-100K,5-10 Years
EMP14303,Rohit,Reddy,Male,24,Sales,Sales Manager,Hyderabad,Master's,Full-Time,Hybrid,2016-01-26,10.6,79400,Meets Expectations,5,Very Satisfied,1,No,None,2,0,4.6,20,Yes,21-25,75K-100K,10+ Years
EMP14304,Aditya,Singh,Female,50,Sales,Business Development Executive,Ahmedabad,Bachelor's,Contract,Hybrid,2015-06-21,11.2,82100,Meets Expectations,3,Neutral,2,No,None,20,1,6.4,2,No,46-55,75K-100K,10+ Years
EMP14305,Neha,Das,Male,22,Marketing,Digital Marketing Analyst,Chennai,Master's,Contract,Hybrid,2016-06-20,10.2,94700,Outstanding,5,Very Satisfied,4,No,None,28,3,11.3,11,No,21-25,75K-100K,10+ Years
EMP14306,Nikhil,Joshi,Female,60,Operations,Operations Executive,Bengaluru,Diploma,Full-Time,Remote,2016-06-20,10.2,51500,Outstanding,4,Satisfied,1,Yes,None,36,3,1.4,21,No,56+,50K-75K,10+ Years
EMP14307,Vihaan,Singh,Female,54,Operations,Operations Manager,Bengaluru,Master's,Contract,Hybrid,2017-06-20,9.2,46900,Outstanding,3,Neutral,5,No,None,11,2,0.8,7,No,46-55,<50K,5-10 Years
EMP14308,Rohit,Rao,Male,44,Operations,Operations Executive,Ahmedabad,MBA,Contract,Onsite,2018-10-08,7.9,44900,Meets Expectations,1,Very Dissatisfied,2,No,Frequently,13,2,7.5,8,No,36-45,<50K,5-10 Years
EMP14309,Aarav,Patel,Female,57,Operations,Operations Manager,Mumbai,Bachelor's,Full-Time,Hybrid,2023-07-27,3.1,65800,Needs Improvement,1,Very Dissatisfied,3,No,Frequently,1,3,4.3,15,No,56+,50K-75K,3-5 Years
EMP14310,Pooja,Iyer,Female,53,Marketing,Digital Marketing Analyst,Chennai,Bachelor's,Contract,Onsite,2013-12-20,12.7,79000,Meets Expectations,4,Satisfied,3,No,Rarely,27,1,8.0,2,No,46-55,75K-100K,10+ Years
EMP14311,Divya,Reddy,Female,26,Human Resources,HR Manager,Mumbai,Master's,Full-Time,Hybrid,2012-03-02,14.5,46400,Needs Improvement,4,Satisfied,2,Yes,Rarely,8,3,4.9,12,Yes,26-35,<50K,10+ Years
EMP14312,Pooja,Joshi,Male,50,Operations,Process Associate,Chennai,Master's,Full-Time,Remote,2019-07-27,7.1,74400,Meets Expectations,4,Satisfied,1,No,Frequently,25,0,6.2,16,No,46-55,50K-75K,5-10 Years
EMP14313,Isha,Nair,Male,36,Finance,Accountant,Bengaluru,Bachelor's,Full-Time,Hybrid,2012-09-01,14.0,94600,Meets Expectations,2,Dissatisfied,1,No,None,3,2,11.6,9,No,36-45,75K-100K,10+ Years
EMP14314,Aisha,Iyer,Male,55,Sales,Business Development Executive,Bengaluru,Bachelor's,Contract,Hybrid,2011-09-02,15.0,68400,Meets Expectations,1,Very Dissatisfied,2,No,None,19,1,5.7,8,No,46-55,50K-75K,10+ Years
EMP14315,Sanjay,Reddy,Male,55,Operations,Operations Executive,Hyderabad,Bachelor's,Full-Time,Remote,2019-04-09,7.4,57100,Meets Expectations,1,Very Dissatisfied,2,Yes,Rarely,19,0,8.2,3,Yes,46-55,50K-75K,5-10 Years
EMP14316,Vikram,Reddy,Female,59,Technology,Software Engineer,Hyderabad,Bachelor's,Contract,Hybrid,2015-10-08,10.9,69300,Meets Expectations,1,Very Dissatisfied,5,No,Frequently,20,2,12.0,4,No,56+,50K-75K,10+ Years
EMP14317,Vihaan,Kumar,Male,39,Customer Support,Team Lead,Delhi NCR,Bachelor's,Contract,Onsite,2016-12-20,9.7,51800,Needs Improvement,2,Dissatisfied,4,No,Rarely,12,1,4.9,6,No,36-45,50K-75K,5-10 Years
EMP14318,Meera,Patel,Male,28,Finance,Finance Manager,Delhi NCR,Bachelor's,Full-Time,Hybrid,2022-12-20,3.7,58100,Meets Expectations,5,Very Satisfied,1,No,None,6,0,0.3,21,No,26-35,50K-75K,3-5 Years
EMP14319,Aarav,Kumar,Male,26,Operations,Operations Analyst,Chennai,Master's,Contract,Hybrid,2025-10-08,0.9,64700,Needs Improvement,4,Satisfied,4,Yes,Rarely,31,1,8.5,3,No,26-35,50K-75K,<1 Year
EMP14320,Kiran,Singh,Male,27,Sales,Sales Executive,Delhi NCR,Master's,Full-Time,Remote,2019-10-08,6.9,53500,Exceeds Expectations,1,Very Dissatisfied,4,No,None,37,2,7.8,19,No,26-35,50K-75K,5-10 Years
EMP14321,Nikhil,Patel,Male,60,Marketing,Digital Marketing Analyst,Pune,Master's,Full-Time,Hybrid,2014-10-08,11.9,56400,Exceeds Expectations,2,Dissatisfied,1,Yes,None,11,0,4.4,7,No,56+,50K-75K,10+ Years
EMP14322,Kavya,Nair,Male,44,Human Resources,Recruiter,Kolkata,Bachelor's,Full-Time,Onsite,2021-09-01,5.0,64200,Meets Expectations,5,Very Satisfied,3,Yes,None,18,3,8.8,13,No,36-45,50K-75K,3-5 Years
EMP14323,Divya,Patel,Male,35,Human Resources,HR Manager,Kolkata,Diploma,Full-Time,Onsite,2014-11-14,11.8,71300,Meets Expectations,3,Neutral,4,No,Rarely,4,0,9.2,18,No,26-35,50K-75K,10+ Years
EMP14324,Ananya,Patel,Female,38,Technology,IT Support Specialist,Bengaluru,Bachelor's,Full-Time,Onsite,2016-10-08,9.9,84300,Needs Improvement,2,Dissatisfied,4,No,None,6,0,2.9,11,No,36-45,75K-100K,5-10 Years
EMP14325,Isha,Joshi,Male,27,Customer Support,Customer Success Specialist,Delhi NCR,Bachelor's,Contract,Hybrid,2016-03-02,10.5,69500,Needs Improvement,2,Dissatisfied,3,Yes,None,14,0,2.5,22,No,26-35,50K-75K,10+ Years
EMP14326,Nikhil,Kumar,Male,43,Finance,Accountant,Delhi NCR,Master's,Full-Time,Hybrid,2022-04-08,4.4,49100,Meets Expectations,2,Dissatisfied,3,No,Rarely,28,0,8.2,2,Yes,36-45,<50K,3-5 Years
EMP14327,Divya,Singh,Female,38,Operations,Operations Executive,Mumbai,Bachelor's,Full-Time,Onsite,2019-06-21,7.2,78600,Needs Improvement,3,Neutral,4,Yes,None,27,0,5.2,14,No,36-45,75K-100K,5-10 Years
EMP14328,Arjun,Singh,Male,52,Finance,Financial Analyst,Delhi NCR,Master's,Full-Time,Onsite,2023-10-08,2.9,48800,Meets Expectations,3,Neutral,5,Yes,Frequently,29,1,1.7,11,No,46-55,<50K,1-3 Years
EMP14329,Nikhil,Rao,Female,21,Sales,Account Manager,Bengaluru,Bachelor's,Full-Time,Onsite,2022-11-14,3.8,49100,Needs Improvement,3,Neutral,1,No,None,3,3,1.5,11,Yes,21-25,<50K,3-5 Years
EMP14330,Rahul,Patel,Female,58,Customer Support,Support Analyst,Chennai,MBA,Contract,Hybrid,2025-03-03,1.5,70800,Meets Expectations,4,Satisfied,3,No,Rarely,1,2,0.3,9,No,56+,50K-75K,1-3 Years
EMP14331,Kiran,Verma,Female,23,Technology,Software Engineer,Hyderabad,Bachelor's,Contract,Hybrid,2024-07-26,2.1,109600,Exceeds Expectations,2,Dissatisfied,5,No,None,11,3,1.1,19,Yes,21-25,100K-150K,1-3 Years
EMP14332,Isha,Das,Male,37,Technology,Data Analyst,Bengaluru,Bachelor's,Contract,Remote,2023-05-15,3.3,103700,Needs Improvement,3,Neutral,3,No,Frequently,13,1,8.1,11,No,36-45,100K-150K,3-5 Years
EMP14333,Neha,Rao,Male,34,Customer Support,Support Analyst,Mumbai,Bachelor's,Contract,Hybrid,2017-11-13,8.8,60300,Meets Expectations,5,Very Satisfied,1,No,Frequently,21,0,11.3,19,No,26-35,50K-75K,5-10 Years
EMP14334,Kavya,Iyer,Female,49,Customer Support,Team Lead,Delhi NCR,Master's,Full-Time,Hybrid,2019-12-20,6.7,48100,Outstanding,2,Dissatisfied,1,Yes,None,23,0,9.6,9,No,46-55,<50K,5-10 Years
EMP14335,Vihaan,Gupta,Male,47,Customer Support,Team Lead,Chennai,Bachelor's,Full-Time,Onsite,2022-06-20,4.2,62600,Outstanding,5,Very Satisfied,4,No,Rarely,7,1,5.9,0,Yes,46-55,50K-75K,3-5 Years
EMP14336,Meera,Patel,Male,28,Finance,Accountant,Ahmedabad,Bachelor's,Contract,Hybrid,2013-10-08,12.9,57800,Meets Expectations,3,Neutral,3,Yes,Rarely,33,2,8.4,12,No,26-35,50K-75K,10+ Years
EMP14337,Meera,Patel,Male,40,Operations,Operations Analyst,Chennai,Bachelor's,Full-Time,Hybrid,2018-09-01,8.0,73200,Outstanding,2,Dissatisfied,4,No,None,30,0,7.2,22,No,36-45,50K-75K,5-10 Years
EMP14338,Kavya,Sharma,Male,42,Finance,Senior Accountant,Kolkata,Master's,Contract,Onsite,2012-10-08,13.9,103700,Exceeds Expectations,4,Satisfied,1,No,Rarely,12,2,2.9,13,No,36-45,100K-150K,10+ Years
EMP14339,Nikhil,Sharma,Female,39,Operations,Operations Manager,Chennai,Master's,Contract,Onsite,2017-01-25,9.6,76100,Meets Expectations,2,Dissatisfied,4,No,Frequently,26,3,4.9,21,Yes,36-45,75K-100K,5-10 Years
EMP14340,Vihaan,Nair,Female,21,Human Resources,HR Analyst,Ahmedabad,Bachelor's,Full-Time,Hybrid,2026-04-08,0.4,79300,Needs Improvement,2,Dissatisfied,3,No,None,12,3,5.8,1,Yes,21-25,75K-100K,<1 Year
EMP14341,Nikhil,Das,Female,28,Sales,Sales Manager,Ahmedabad,Bachelor's,Contract,Hybrid,2012-12-20,13.7,69500,Needs Improvement,2,Dissatisfied,3,No,Frequently,2,2,3.4,15,No,26-35,50K-75K,10+ Years
EMP14342,Aditya,Rao,Male,41,Finance,Financial Analyst,Bengaluru,Diploma,Full-Time,Hybrid,2013-10-08,12.9,79200,Meets Expectations,3,Neutral,3,Yes,None,30,1,11.3,4,No,36-45,75K-100K,10+ Years
EMP14343,Kavya,Reddy,Male,31,Human Resources,HR Analyst,Ahmedabad,Bachelor's,Full-Time,Hybrid,2017-01-25,9.6,61900,Meets Expectations,1,Very Dissatisfied,2,No,Frequently,3,1,3.5,1,No,26-35,50K-75K,5-10 Years
EMP14344,Neha,Rao,Male,42,Technology,Data Analyst,Delhi NCR,Bachelor's,Full-Time,Hybrid,2018-07-27,8.1,119300,Exceeds Expectations,2,Dissatisfied,4,No,Frequently,8,3,8.4,10,No,36-45,100K-150K,5-10 Years
EMP14345,Vihaan,Verma,Male,27,Finance,Senior Accountant,Kolkata,Master's,Full-Time,Onsite,2019-10-08,6.9,86600,Meets Expectations,4,Satisfied,2,No,None,12,1,4.1,14,No,26-35,75K-100K,5-10 Years
EMP14346,Kiran,Singh,Female,50,Human Resources,HR Executive,Pune,Bachelor's,Contract,Remote,2019-05-15,7.3,63900,Meets Expectations,2,Dissatisfied,3,No,None,36,0,5.8,20,No,46-55,50K-75K,5-10 Years
EMP14347,Sneha,Rao,Female,28,Sales,Business Development Executive,Hyderabad,Bachelor's,Full-Time,Onsite,2015-01-26,11.6,75700,Meets Expectations,3,Neutral,5,No,Rarely,24,1,8.5,12,No,26-35,75K-100K,10+ Years
EMP14348,Rahul,Rao,Male,46,Technology,Data Analyst,Pune,Bachelor's,Full-Time,Onsite,2018-11-14,7.8,62300,Meets Expectations,2,Dissatisfied,4,No,Frequently,32,3,9.2,21,No,46-55,50K-75K,5-10 Years
EMP14349,Pooja,Reddy,Male,54,Operations,Operations Executive,Bengaluru,Bachelor's,Full-Time,Hybrid,2023-11-14,2.8,74100,Meets Expectations,5,Very Satisfied,1,No,None,37,1,3.0,13,No,46-55,50K-75K,1-3 Years
EMP14350,Nikhil,Reddy,Female,35,Finance,Finance Manager,Pune,MBA,Full-Time,Hybrid,2025-07-27,1.1,96200,Exceeds Expectations,2,Dissatisfied,1,No,None,36,0,6.7,13,No,26-35,75K-100K,1-3 Years
EMP14351,Kavya,Sharma,Male,26,Marketing,Marketing Manager,Chennai,Diploma,Full-Time,Hybrid,2024-07-26,2.1,55400,Exceeds Expectations,4,Satisfied,3,No,Rarely,24,3,7.7,4,No,26-35,50K-75K,1-3 Years
EMP14352,Neha,Gupta,Male,21,Human Resources,HR Executive,Delhi NCR,Master's,Contract,Remote,2022-10-08,3.9,43900,Outstanding,4,Satisfied,4,No,None,14,1,0.6,13,No,21-25,<50K,3-5 Years
EMP14353,Sneha,Joshi,Female,35,Human Resources,HR Executive,Bengaluru,Bachelor's,Full-Time,Onsite,2021-01-25,5.6,78000,Needs Improvement,3,Neutral,3,No,Rarely,16,2,9.1,22,No,26-35,75K-100K,5-10 Years
EMP14354,Sneha,Iyer,Female,25,Finance,Financial Analyst,Kolkata,Diploma,Full-Time,Onsite,2013-04-08,13.4,60400,Meets Expectations,5,Very Satisfied,5,Yes,Rarely,6,0,7.6,12,No,21-25,50K-75K,10+ Years
EMP14355,Priya,Gupta,Male,56,Human Resources,HR Analyst,Bengaluru,MBA,Full-Time,Onsite,2022-12-20,3.7,92200,Meets Expectations,5,Very Satisfied,5,No,Frequently,24,1,7.8,14,No,56+,75K-100K,3-5 Years
EMP14356,Arjun,Iyer,Male,59,Operations,Operations Executive,Mumbai,Bachelor's,Contract,Onsite,2021-10-08,4.9,37900,Exceeds Expectations,1,Very Dissatisfied,3,No,None,23,3,2.6,6,No,56+,<50K,3-5 Years
EMP14357,Kiran,Singh,Female,60,Customer Support,Support Analyst,Kolkata,Bachelor's,Full-Time,Hybrid,2023-03-03,3.5,41100,Meets Expectations,3,Neutral,2,Yes,Frequently,39,0,6.0,20,Yes,56+,<50K,3-5 Years
EMP14358,Pooja,Nair,Female,57,Technology,Software Engineer,Delhi NCR,Diploma,Full-Time,Hybrid,2018-05-15,8.3,61500,Needs Improvement,1,Very Dissatisfied,1,No,Rarely,7,2,6.9,10,No,56+,50K-75K,5-10 Years
EMP14359,Vikram,Verma,Male,44,Marketing,Content Specialist,Chennai,Diploma,Contract,Onsite,2017-05-15,9.3,84400,Meets Expectations,5,Very Satisfied,1,Yes,Frequently,31,0,4.3,9,No,36-45,75K-100K,5-10 Years
EMP14360,Divya,Singh,Female,34,Customer Support,Team Lead,Pune,MBA,Contract,Hybrid,2018-07-27,8.1,54600,Exceeds Expectations,5,Very Satisfied,4,Yes,None,10,2,8.3,13,No,26-35,50K-75K,5-10 Years
EMP14361,Priya,Nair,Female,38,Sales,Sales Manager,Delhi NCR,MBA,Full-Time,Hybrid,2012-05-14,14.3,78700,Meets Expectations,3,Neutral,2,No,Rarely,3,3,0.7,15,No,36-45,75K-100K,10+ Years
EMP14362,Aisha,Iyer,Male,31,Operations,Process Associate,Chennai,Bachelor's,Contract,Remote,2011-10-08,14.9,80800,Needs Improvement,2,Dissatisfied,1,Yes,Frequently,16,3,6.2,19,Yes,26-35,75K-100K,10+ Years
EMP14363,Rahul,Rao,Male,54,Human Resources,HR Manager,Kolkata,Master's,Full-Time,Hybrid,2014-01-25,12.6,72700,Meets Expectations,5,Very Satisfied,1,No,Rarely,39,1,0.9,12,No,46-55,50K-75K,10+ Years
EMP14364,Arjun,Gupta,Male,38,Customer Support,Support Executive,Bengaluru,Bachelor's,Full-Time,Hybrid,2014-07-27,12.1,41200,Meets Expectations,2,Dissatisfied,3,Yes,None,18,0,5.4,7,No,36-45,<50K,10+ Years
EMP14365,Vikram,Kumar,Female,36,Marketing,Digital Marketing Analyst,Kolkata,Bachelor's,Full-Time,Onsite,2021-01-25,5.6,48300,Outstanding,4,Satisfied,3,No,None,7,1,10.7,7,No,36-45,<50K,5-10 Years
EMP14366,Aisha,Verma,Female,48,Operations,Process Associate,Hyderabad,Bachelor's,Full-Time,Remote,2017-11-13,8.8,76500,Outstanding,4,Satisfied,1,No,None,13,1,5.5,4,No,46-55,75K-100K,5-10 Years
EMP14367,Kavya,Gupta,Male,35,Technology,Data Analyst,Ahmedabad,Bachelor's,Contract,Remote,2021-04-08,5.4,75700,Meets Expectations,2,Dissatisfied,3,No,None,28,1,11.8,6,No,26-35,75K-100K,5-10 Years
EMP14368,Ananya,Patel,Male,35,Sales,Sales Manager,Chennai,Bachelor's,Contract,Hybrid,2014-11-14,11.8,80800,Meets Expectations,2,Dissatisfied,3,No,Rarely,11,0,9.1,3,Yes,26-35,75K-100K,10+ Years
EMP14369,Arjun,Das,Male,30,Customer Support,Team Lead,Hyderabad,Master's,Full-Time,Hybrid,2023-12-20,2.7,66200,Meets Expectations,5,Very Satisfied,1,No,Frequently,9,1,11.4,17,No,26-35,50K-75K,1-3 Years
EMP14370,Aarav,Das,Male,23,Human Resources,HR Manager,Ahmedabad,Bachelor's,Contract,Hybrid,2023-04-09,3.4,73600,Outstanding,3,Neutral,5,No,Rarely,10,1,10.5,7,No,21-25,50K-75K,3-5 Years
EMP14371,Aditya,Joshi,Female,22,Human Resources,HR Analyst,Bengaluru,Diploma,Contract,Hybrid,2025-11-13,0.8,72400,Needs Improvement,3,Neutral,2,No,None,3,0,10.3,22,No,21-25,50K-75K,<1 Year
EMP14372,Kavya,Das,Female,37,Technology,Data Analyst,Ahmedabad,Bachelor's,Full-Time,Hybrid,2017-06-20,9.2,125200,Outstanding,5,Very Satisfied,1,No,None,28,0,4.1,11,No,36-45,100K-150K,5-10 Years
EMP14373,Divya,Gupta,Male,60,Technology,Software Engineer,Delhi NCR,Master's,Full-Time,Hybrid,2016-04-08,10.4,111600,Meets Expectations,3,Neutral,1,No,None,13,0,9.9,2,No,56+,100K-150K,10+ Years
EMP14374,Divya,Verma,Female,31,Operations,Operations Analyst,Ahmedabad,MBA,Full-Time,Remote,2026-06-20,0.2,68200,Exceeds Expectations,3,Neutral,3,No,None,12,0,4.2,22,No,26-35,50K-75K,<1 Year
EMP14375,Aisha,Iyer,Non-Binary,46,Finance,Accountant,Delhi NCR,Diploma,Contract,Hybrid,2018-11-14,7.8,74200,Meets Expectations,2,Dissatisfied,4,No,Frequently,13,1,10.2,15,No,46-55,50K-75K,5-10 Years
EMP14376,Nikhil,Patel,Male,33,Marketing,Digital Marketing Analyst,Pune,Bachelor's,Full-Time,Onsite,2020-11-13,5.8,68800,Outstanding,4,Satisfied,2,No,None,28,0,5.7,4,Yes,26-35,50K-75K,5-10 Years
EMP14377,Neha,Sharma,Male,33,Finance,Accountant,Chennai,Bachelor's,Contract,Hybrid,2014-10-08,11.9,71500,Exceeds Expectations,1,Very Dissatisfied,4,No,None,35,3,0.3,17,No,26-35,50K-75K,10+ Years
EMP14378,Vihaan,Singh,Male,27,Technology,IT Support Specialist,Delhi NCR,Bachelor's,Contract,Hybrid,2025-11-13,0.8,124900,Meets Expectations,2,Dissatisfied,2,No,Rarely,30,2,11.0,1,No,26-35,100K-150K,<1 Year
EMP14379,Vikram,Rao,Female,43,Technology,IT Support Specialist,Chennai,Master's,Full-Time,Onsite,2025-10-08,0.9,103300,Meets Expectations,5,Very Satisfied,1,Yes,None,23,3,8.4,1,Yes,36-45,100K-150K,<1 Year
EMP14380,Rahul,Gupta,Male,47,Customer Support,Support Analyst,Ahmedabad,Bachelor's,Full-Time,Hybrid,2017-04-08,9.4,62500,Meets Expectations,2,Dissatisfied,4,No,None,29,1,8.3,6,No,46-55,50K-75K,5-10 Years
EMP14381,Divya,Reddy,Female,35,Customer Support,Support Executive,Mumbai,Bachelor's,Full-Time,Onsite,2017-09-01,9.0,33700,Meets Expectations,5,Very Satisfied,4,No,None,9,1,10.5,16,No,26-35,<50K,5-10 Years
EMP14382,Priya,Kumar,Female,42,Sales,Account Manager,Hyderabad,Bachelor's,Full-Time,Hybrid,2014-03-03,12.5,78900,Meets Expectations,5,Very Satisfied,4,Yes,None,37,0,11.5,14,No,36-45,75K-100K,10+ Years
EMP14383,Meera,Joshi,Male,40,Finance,Finance Manager,Hyderabad,Bachelor's,Full-Time,Onsite,2017-09-01,9.0,73200,Outstanding,2,Dissatisfied,3,No,Rarely,25,1,9.2,7,No,36-45,50K-75K,5-10 Years
EMP14384,Aisha,Rao,Male,31,Human Resources,HR Executive,Chennai,Diploma,Full-Time,Hybrid,2012-05-14,14.3,79200,Meets Expectations,5,Very Satisfied,5,No,None,39,2,6.9,21,No,26-35,75K-100K,10+ Years
EMP14385,Neha,Rao,Female,48,Finance,Accountant,Hyderabad,Bachelor's,Contract,Remote,2021-10-08,4.9,51100,Needs Improvement,4,Satisfied,5,No,Rarely,10,0,2.3,16,No,46-55,50K-75K,3-5 Years
EMP14386,Arjun,Sharma,Male,43,Operations,Operations Manager,Pune,Diploma,Full-Time,Onsite,2020-07-26,6.1,77700,Exceeds Expectations,5,Very Satisfied,2,Yes,None,6,0,8.7,15,No,36-45,75K-100K,5-10 Years
EMP14387,Vihaan,Sharma,Male,23,Technology,IT Support Specialist,Pune,Bachelor's,Contract,Onsite,2011-12-20,14.7,104800,Meets Expectations,3,Neutral,4,No,None,29,0,6.1,0,No,21-25,100K-150K,10+ Years
EMP14388,Rahul,Das,Female,40,Sales,Business Development Executive,Kolkata,MBA,Contract,Hybrid,2024-11-13,1.8,60400,Meets Expectations,1,Very Dissatisfied,1,No,Rarely,13,0,6.4,18,No,36-45,50K-75K,1-3 Years
EMP14389,Isha,Gupta,Male,36,Finance,Accountant,Ahmedabad,MBA,Full-Time,Hybrid,2014-09-01,12.0,66500,Meets Expectations,3,Neutral,1,No,None,8,0,7.9,3,Yes,36-45,50K-75K,10+ Years
EMP14390,Meera,Singh,Female,52,Marketing,Digital Marketing Analyst,Mumbai,Bachelor's,Full-Time,Remote,2026-04-08,0.4,59700,Meets Expectations,5,Very Satisfied,3,No,None,32,2,9.2,14,No,46-55,50K-75K,<1 Year
EMP14391,Kavya,Singh,Male,33,Technology,Data Analyst,Kolkata,Bachelor's,Full-Time,Hybrid,2019-04-09,7.4,79800,Meets Expectations,1,Very Dissatisfied,4,No,None,21,0,3.3,6,No,26-35,75K-100K,5-10 Years
EMP14392,Pooja,Rao,Male,59,Operations,Operations Manager,Ahmedabad,Bachelor's,Full-Time,Remote,2024-03-02,2.5,43400,Exceeds Expectations,1,Very Dissatisfied,3,Yes,None,32,3,3.9,22,Yes,56+,<50K,1-3 Years
EMP14393,Vihaan,Das,Male,45,Sales,Account Manager,Ahmedabad,MBA,Full-Time,Onsite,2017-07-27,9.1,60700,Needs Improvement,5,Very Satisfied,1,Yes,None,9,3,3.0,22,No,36-45,50K-75K,5-10 Years
EMP14394,Meera,Joshi,Male,26,Sales,Account Manager,Hyderabad,Bachelor's,Full-Time,Onsite,2014-09-01,12.0,60200,Needs Improvement,3,Neutral,4,No,Frequently,2,3,9.1,13,Yes,26-35,50K-75K,10+ Years
EMP14395,Aditya,Rao,Male,37,Human Resources,HR Executive,Chennai,Bachelor's,Full-Time,Remote,2025-12-20,0.7,62800,Outstanding,3,Neutral,4,Yes,None,16,1,5.7,11,Yes,36-45,50K-75K,<1 Year
EMP14396,Arjun,Singh,Non-Binary,56,Human Resources,HR Analyst,Pune,Bachelor's,Full-Time,Onsite,2024-01-26,2.6,77400,Needs Improvement,4,Satisfied,4,Yes,None,39,3,7.2,15,No,56+,75K-100K,1-3 Years
EMP14397,Isha,Singh,Male,31,Finance,Financial Analyst,Pune,MBA,Contract,Hybrid,2021-05-15,5.3,73300,Meets Expectations,4,Satisfied,4,Yes,None,24,2,6.5,20,Yes,26-35,50K-75K,5-10 Years
EMP14398,Meera,Rao,Male,49,Technology,BI Analyst,Mumbai,MBA,Contract,Hybrid,2022-09-01,4.0,64700,Meets Expectations,3,Neutral,5,Yes,None,35,2,10.2,22,No,46-55,50K-75K,3-5 Years
EMP14399,Arjun,Patel,Female,52,Sales,Business Development Executive,Hyderabad,Bachelor's,Full-Time,Remote,2020-10-08,5.9,78900,Outstanding,4,Satisfied,2,Yes,Rarely,34,3,7.1,21,Yes,46-55,75K-100K,5-10 Years
EMP14400,Rohit,Patel,Female,48,Marketing,Content Specialist,Bengaluru,Bachelor's,Full-Time,Hybrid,2012-05-14,14.3,65700,Meets Expectations,3,Neutral,1,No,Rarely,36,1,11.8,12,No,46-55,50K-75K,10+ Years
EMP14401,Isha,Rao,Non-Binary,24,Finance,Accountant,Bengaluru,Diploma,Contract,Remote,2024-12-20,1.7,87100,Meets Expectations,2,Dissatisfied,3,No,Frequently,18,2,7.2,2,No,21-25,75K-100K,1-3 Years
EMP14402,Ananya,Das,Male,35,Sales,Business Development Executive,Ahmedabad,Master's,Contract,Hybrid,2020-03-02,6.5,82500,Meets Expectations,4,Satisfied,5,No,None,8,2,6.1,5,No,26-35,75K-100K,5-10 Years
EMP14403,Nikhil,Patel,Male,34,Finance,Senior Accountant,Ahmedabad,Master's,Full-Time,Onsite,2019-09-02,7.0,93600,Meets Expectations,2,Dissatisfied,1,No,None,36,3,0.9,8,No,26-35,75K-100K,5-10 Years
EMP14404,Sanjay,Rao,Female,34,Customer Support,Customer Success Specialist,Delhi NCR,Diploma,Full-Time,Onsite,2022-05-15,4.3,53100,Needs Improvement,5,Very Satisfied,5,Yes,Rarely,20,3,5.2,21,No,26-35,50K-75K,3-5 Years
EMP14405,Kiran,Patel,Female,56,Technology,IT Support Specialist,Chennai,Diploma,Full-Time,Hybrid,2022-05-15,4.3,96800,Meets Expectations,2,Dissatisfied,4,Yes,None,13,0,4.2,7,No,56+,75K-100K,3-5 Years
EMP14406,Divya,Rao,Male,21,Customer Support,Customer Success Specialist,Mumbai,Master's,Full-Time,Onsite,2015-11-14,10.8,65100,Meets Expectations,1,Very Dissatisfied,1,Yes,None,18,0,7.1,12,Yes,21-25,50K-75K,10+ Years
EMP14407,Ananya,Reddy,Female,42,Technology,IT Support Specialist,Delhi NCR,Bachelor's,Full-Time,Onsite,2017-05-15,9.3,116300,Needs Improvement,5,Very Satisfied,3,Yes,None,32,0,4.3,17,No,36-45,100K-150K,5-10 Years
EMP14408,Kiran,Rao,Female,60,Technology,Data Analyst,Bengaluru,Diploma,Contract,Hybrid,2014-06-20,12.2,71000,Needs Improvement,1,Very Dissatisfied,2,No,None,14,3,3.9,18,No,56+,50K-75K,10+ Years
EMP14409,Pooja,Nair,Male,56,Technology,Data Analyst,Bengaluru,Master's,Full-Time,Hybrid,2020-06-20,6.2,102500,Outstanding,5,Very Satisfied,4,No,Frequently,34,2,12.0,5,Yes,56+,100K-150K,5-10 Years
EMP14410,Divya,Nair,Female,45,Finance,Financial Analyst,Kolkata,Bachelor's,Full-Time,Hybrid,2017-06-20,9.2,99400,Meets Expectations,4,Satisfied,4,No,Frequently,9,3,4.0,9,Yes,36-45,75K-100K,5-10 Years
EMP14411,Vihaan,Gupta,Male,60,Sales,Business Development Executive,Ahmedabad,Bachelor's,Full-Time,Remote,2013-04-08,13.4,76600,Meets Expectations,3,Neutral,2,No,Rarely,13,2,10.2,20,No,56+,75K-100K,10+ Years
EMP14412,Divya,Verma,Male,37,Marketing,Digital Marketing Analyst,Ahmedabad,Master's,Full-Time,Onsite,2013-11-13,12.8,50000,Meets Expectations,2,Dissatisfied,3,Yes,None,5,2,9.8,22,Yes,36-45,<50K,10+ Years
EMP14413,Divya,Gupta,Male,45,Finance,Senior Accountant,Pune,MBA,Full-Time,Remote,2012-11-13,13.8,74200,Meets Expectations,2,Dissatisfied,1,No,Rarely,35,0,4.0,13,No,36-45,50K-75K,10+ Years
EMP14414,Meera,Rao,Male,42,Operations,Operations Executive,Kolkata,Bachelor's,Full-Time,Hybrid,2022-06-20,4.2,60800,Meets Expectations,1,Very Dissatisfied,1,No,Rarely,35,1,4.7,18,No,36-45,50K-75K,3-5 Years
EMP14415,Aditya,Iyer,Male,22,Human Resources,Recruiter,Delhi NCR,Bachelor's,Full-Time,Hybrid,2011-11-14,14.8,55000,Outstanding,5,Very Satisfied,4,No,Rarely,8,2,8.9,11,No,21-25,50K-75K,10+ Years
EMP14416,Vikram,Gupta,Female,22,Human Resources,HR Analyst,Mumbai,Bachelor's,Contract,Hybrid,2014-05-15,12.3,76200,Needs Improvement,2,Dissatisfied,2,No,None,21,2,4.8,14,No,21-25,75K-100K,10+ Years
EMP14417,Pooja,Patel,Female,56,Human Resources,HR Analyst,Bengaluru,MBA,Full-Time,Onsite,2014-09-01,12.0,66000,Meets Expectations,1,Very Dissatisfied,5,Yes,Frequently,32,1,0.7,22,Yes,56+,50K-75K,10+ Years
EMP14418,Vikram,Gupta,Male,27,Technology,Software Engineer,Delhi NCR,Bachelor's,Contract,Hybrid,2016-07-26,10.1,79400,Meets Expectations,1,Very Dissatisfied,3,Yes,None,24,3,6.1,17,No,26-35,75K-100K,10+ Years
EMP14419,Nikhil,Patel,Male,35,Marketing,Marketing Executive,Hyderabad,Bachelor's,Full-Time,Hybrid,2011-11-14,14.8,61100,Outstanding,4,Satisfied,2,No,Rarely,26,0,6.5,17,No,26-35,50K-75K,10+ Years
EMP14420,Rahul,Nair,Female,45,Sales,Account Manager,Mumbai,Bachelor's,Full-Time,Hybrid,2019-12-20,6.7,79100,Meets Expectations,3,Neutral,5,Yes,Frequently,10,1,4.1,18,No,36-45,75K-100K,5-10 Years
EMP14421,Nikhil,Singh,Male,44,Operations,Operations Analyst,Pune,Bachelor's,Contract,Remote,2015-06-21,11.2,76500,Meets Expectations,2,Dissatisfied,1,No,Frequently,1,2,0.8,0,No,36-45,75K-100K,10+ Years
EMP14422,Sanjay,Rao,Male,41,Customer Support,Team Lead,Hyderabad,Bachelor's,Contract,Onsite,2016-03-02,10.5,63700,Meets Expectations,5,Very Satisfied,5,No,Frequently,38,0,5.4,19,No,36-45,50K-75K,10+ Years
EMP14423,Nikhil,Verma,Male,60,Operations,Operations Analyst,Pune,Bachelor's,Full-Time,Remote,2015-09-02,11.0,78600,Meets Expectations,2,Dissatisfied,1,No,None,37,2,11.6,13,No,56+,75K-100K,10+ Years
EMP14424,Rahul,Iyer,Female,52,Human Resources,HR Executive,Kolkata,Master's,Full-Time,Remote,2015-05-15,11.3,90000,Meets Expectations,5,Very Satisfied,5,Yes,Rarely,38,2,11.2,12,Yes,46-55,75K-100K,10+ Years
EMP14425,Vihaan,Verma,Female,58,Finance,Accountant,Kolkata,Master's,Contract,Remote,2023-09-02,3.0,77500,Needs Improvement,1,Very Dissatisfied,3,Yes,None,1,1,10.0,21,No,56+,75K-100K,1-3 Years
EMP14426,Sneha,Verma,Male,47,Customer Support,Support Analyst,Bengaluru,Bachelor's,Full-Time,Hybrid,2021-04-08,5.4,36000,Meets Expectations,3,Neutral,3,No,Rarely,27,1,4.6,16,No,46-55,<50K,5-10 Years
EMP14427,Vihaan,Joshi,Female,60,Technology,Data Analyst,Delhi NCR,Master's,Full-Time,Hybrid,2020-09-01,6.0,114700,Meets Expectations,1,Very Dissatisfied,4,Yes,None,10,1,2.4,13,No,56+,100K-150K,5-10 Years
EMP14428,Pooja,Das,Female,45,Human Resources,HR Manager,Pune,Master's,Full-Time,Hybrid,2015-05-15,11.3,73900,Meets Expectations,1,Very Dissatisfied,4,Yes,None,13,1,11.7,22,No,36-45,50K-75K,10+ Years
EMP14429,Vihaan,Sharma,Non-Binary,42,Operations,Operations Analyst,Chennai,Bachelor's,Full-Time,Hybrid,2015-11-14,10.8,54600,Meets Expectations,4,Satisfied,2,Yes,Frequently,16,3,10.3,13,Yes,36-45,50K-75K,10+ Years
EMP14430,Meera,Rao,Female,53,Customer Support,Support Analyst,Ahmedabad,Bachelor's,Full-Time,Remote,2014-03-03,12.5,70000,Meets Expectations,4,Satisfied,1,No,Frequently,9,1,2.5,13,No,46-55,50K-75K,10+ Years
EMP14431,Priya,Nair,Male,55,Customer Support,Support Executive,Mumbai,Master's,Full-Time,Onsite,2014-10-08,11.9,45400,Meets Expectations,3,Neutral,5,No,None,24,0,5.2,2,No,46-55,<50K,10+ Years
EMP14432,Nikhil,Singh,Male,23,Sales,Sales Executive,Delhi NCR,Bachelor's,Full-Time,Remote,2017-09-01,9.0,81500,Meets Expectations,3,Neutral,3,No,None,24,2,7.3,0,No,21-25,75K-100K,5-10 Years
EMP14433,Isha,Kumar,Male,57,Customer Support,Team Lead,Ahmedabad,Bachelor's,Full-Time,Hybrid,2024-05-14,2.3,55200,Exceeds Expectations,2,Dissatisfied,2,Yes,None,38,2,7.4,8,Yes,56+,50K-75K,1-3 Years
EMP14434,Nikhil,Verma,Male,48,Sales,Account Manager,Mumbai,Bachelor's,Full-Time,Onsite,2017-01-25,9.6,40700,Outstanding,4,Satisfied,5,No,None,34,0,7.8,0,No,46-55,<50K,5-10 Years
EMP14435,Aditya,Kumar,Female,56,Marketing,Digital Marketing Analyst,Chennai,Diploma,Full-Time,Hybrid,2013-05-15,13.3,88400,Meets Expectations,1,Very Dissatisfied,1,No,None,28,0,11.4,13,No,56+,75K-100K,10+ Years
EMP14436,Ananya,Verma,Male,49,Customer Support,Support Analyst,Pune,Bachelor's,Full-Time,Hybrid,2016-12-20,9.7,61700,Needs Improvement,3,Neutral,5,Yes,Frequently,39,1,2.0,17,No,46-55,50K-75K,5-10 Years
EMP14437,Sanjay,Nair,Female,58,Marketing,Marketing Executive,Mumbai,Bachelor's,Full-Time,Onsite,2013-03-03,13.5,77000,Outstanding,5,Very Satisfied,1,No,None,17,3,10.8,7,No,56+,75K-100K,10+ Years
EMP14438,Meera,Patel,Male,32,Customer Support,Support Analyst,Kolkata,Bachelor's,Full-Time,Hybrid,2011-09-02,15.0,56000,Exceeds Expectations,4,Satisfied,4,No,None,2,1,3.5,1,No,26-35,50K-75K,10+ Years
EMP14439,Ananya,Gupta,Female,28,Finance,Accountant,Ahmedabad,Bachelor's,Contract,Hybrid,2021-03-03,5.5,61600,Meets Expectations,5,Very Satisfied,1,Yes,Rarely,36,1,6.7,20,No,26-35,50K-75K,5-10 Years
EMP14440,Vihaan,Das,Male,28,Finance,Financial Analyst,Mumbai,Master's,Full-Time,Hybrid,2015-10-08,10.9,61300,Meets Expectations,2,Dissatisfied,1,No,None,13,0,6.7,15,No,26-35,50K-75K,10+ Years
EMP14441,Rohit,Patel,Female,31,Finance,Accountant,Pune,Master's,Full-Time,Onsite,2018-06-20,8.2,50500,Needs Improvement,1,Very Dissatisfied,2,No,None,18,3,8.4,1,No,26-35,50K-75K,5-10 Years
EMP14442,Rohit,Rao,Female,29,Finance,Accountant,Mumbai,MBA,Full-Time,Onsite,2019-10-08,6.9,57800,Meets Expectations,5,Very Satisfied,1,No,None,16,0,4.3,20,No,26-35,50K-75K,5-10 Years
EMP14443,Rahul,Gupta,Female,38,Marketing,Marketing Executive,Ahmedabad,Bachelor's,Contract,Onsite,2022-11-14,3.8,61100,Meets Expectations,3,Neutral,1,No,None,37,2,1.6,10,No,36-45,50K-75K,3-5 Years
EMP14444,Arjun,Gupta,Male,28,Human Resources,Recruiter,Bengaluru,Bachelor's,Full-Time,Onsite,2022-11-14,3.8,69300,Exceeds Expectations,4,Satisfied,4,No,None,15,0,10.2,12,No,26-35,50K-75K,3-5 Years
EMP14445,Vihaan,Gupta,Female,27,Operations,Operations Manager,Mumbai,Bachelor's,Full-Time,Hybrid,2023-10-08,2.9,43400,Exceeds Expectations,5,Very Satisfied,4,No,Rarely,28,0,2.3,18,Yes,26-35,<50K,1-3 Years
EMP14446,Aisha,Patel,Female,41,Finance,Accountant,Chennai,Diploma,Full-Time,Hybrid,2017-03-03,9.5,81400,Meets Expectations,2,Dissatisfied,2,No,None,27,0,3.0,5,No,36-45,75K-100K,5-10 Years
EMP14447,Vikram,Reddy,Female,52,Finance,Senior Accountant,Delhi NCR,Master's,Full-Time,Hybrid,2024-05-14,2.3,64200,Needs Improvement,1,Very Dissatisfied,4,No,Frequently,22,1,1.1,4,Yes,46-55,50K-75K,1-3 Years
EMP14448,Vikram,Rao,Male,26,Technology,BI Analyst,Pune,MBA,Full-Time,Hybrid,2020-01-26,6.6,76300,Meets Expectations,5,Very Satisfied,2,Yes,Frequently,22,0,6.2,21,No,26-35,75K-100K,5-10 Years
EMP14449,Nikhil,Patel,Male,41,Human Resources,HR Manager,Chennai,Master's,Contract,Onsite,2018-10-08,7.9,89800,Meets Expectations,2,Dissatisfied,2,No,Frequently,2,3,7.3,2,Yes,36-45,75K-100K,5-10 Years
EMP14450,Divya,Singh,Female,47,Customer Support,Support Executive,Pune,Bachelor's,Full-Time,Remote,2019-12-20,6.7,70700,Needs Improvement,1,Very Dissatisfied,5,Yes,Frequently,36,2,6.4,11,Yes,46-55,50K-75K,5-10 Years
EMP14451,Neha,Das,Male,49,Customer Support,Team Lead,Ahmedabad,Bachelor's,Full-Time,Hybrid,2013-10-08,12.9,63700,Needs Improvement,3,Neutral,3,Yes,Frequently,13,1,1.2,5,No,46-55,50K-75K,10+ Years
EMP14452,Divya,Rao,Female,25,Technology,Data Analyst,Chennai,MBA,Full-Time,Onsite,2019-11-14,6.8,62300,Meets Expectations,1,Very Dissatisfied,1,Yes,Frequently,9,3,10.1,4,No,21-25,50K-75K,5-10 Years
EMP14453,Priya,Joshi,Female,50,Human Resources,Recruiter,Ahmedabad,Bachelor's,Contract,Hybrid,2025-04-08,1.4,78700,Needs Improvement,1,Very Dissatisfied,4,No,None,8,3,0.9,20,No,46-55,75K-100K,1-3 Years
EMP14454,Pooja,Nair,Male,22,Marketing,Content Specialist,Kolkata,Bachelor's,Full-Time,Hybrid,2011-10-08,14.9,52800,Needs Improvement,4,Satisfied,2,No,None,16,1,11.8,9,No,21-25,50K-75K,10+ Years
EMP14455,Meera,Kumar,Male,30,Marketing,Digital Marketing Analyst,Mumbai,Master's,Contract,Hybrid,2013-12-20,12.7,73200,Meets Expectations,1,Very Dissatisfied,1,No,Rarely,25,3,4.6,22,No,26-35,50K-75K,10+ Years
EMP14456,Ananya,Reddy,Male,33,Sales,Account Manager,Pune,Bachelor's,Full-Time,Hybrid,2016-09-01,10.0,80800,Meets Expectations,4,Satisfied,2,No,Frequently,22,3,6.9,17,No,26-35,75K-100K,5-10 Years
EMP14457,Sanjay,Gupta,Male,55,Marketing,Marketing Executive,Mumbai,Bachelor's,Full-Time,Hybrid,2015-04-09,11.4,63300,Meets Expectations,3,Neutral,2,No,Frequently,34,0,8.3,14,Yes,46-55,50K-75K,10+ Years
EMP14458,Meera,Kumar,Male,28,Sales,Sales Manager,Bengaluru,Bachelor's,Contract,Hybrid,2024-07-26,2.1,82500,Exceeds Expectations,1,Very Dissatisfied,1,Yes,Rarely,33,1,6.4,13,Yes,26-35,75K-100K,1-3 Years
EMP14459,Neha,Iyer,Male,52,Sales,Business Development Executive,Chennai,Bachelor's,Full-Time,Hybrid,2015-03-03,11.5,72200,Exceeds Expectations,5,Very Satisfied,4,No,Frequently,13,3,10.1,3,No,46-55,50K-75K,10+ Years
EMP14460,Vikram,Singh,Male,60,Marketing,Digital Marketing Analyst,Ahmedabad,Bachelor's,Full-Time,Hybrid,2023-05-15,3.3,59200,Needs Improvement,1,Very Dissatisfied,2,No,Rarely,33,2,9.4,12,Yes,56+,50K-75K,3-5 Years
EMP14461,Rohit,Sharma,Male,59,Sales,Sales Executive,Delhi NCR,MBA,Full-Time,Hybrid,2019-04-09,7.4,43400,Needs Improvement,4,Satisfied,1,Yes,Rarely,27,3,7.0,22,No,56+,<50K,5-10 Years
EMP14462,Vikram,Patel,Male,33,Finance,Accountant,Kolkata,Bachelor's,Full-Time,Onsite,2023-11-14,2.8,96400,Meets Expectations,1,Very Dissatisfied,1,Yes,None,35,1,0.4,0,No,26-35,75K-100K,1-3 Years
EMP14463,Kiran,Joshi,Male,24,Marketing,Digital Marketing Analyst,Mumbai,Bachelor's,Full-Time,Onsite,2015-04-09,11.4,67400,Needs Improvement,3,Neutral,4,Yes,None,0,0,7.7,19,No,21-25,50K-75K,10+ Years
EMP14464,Sanjay,Kumar,Male,29,Marketing,Content Specialist,Mumbai,Bachelor's,Contract,Hybrid,2022-11-14,3.8,47300,Outstanding,1,Very Dissatisfied,3,No,None,21,3,9.5,9,Yes,26-35,<50K,3-5 Years
EMP14465,Kavya,Rao,Non-Binary,51,Human Resources,HR Executive,Mumbai,MBA,Full-Time,Hybrid,2022-10-08,3.9,47200,Needs Improvement,5,Very Satisfied,5,No,None,25,1,9.8,10,No,46-55,<50K,3-5 Years
EMP14466,Kavya,Das,Male,28,Sales,Account Manager,Delhi NCR,MBA,Full-Time,Hybrid,2024-11-13,1.8,84300,Outstanding,3,Neutral,3,No,None,9,2,6.6,15,No,26-35,75K-100K,1-3 Years
EMP14467,Aarav,Joshi,Male,46,Operations,Operations Manager,Pune,Master's,Full-Time,Hybrid,2015-10-08,10.9,48400,Outstanding,1,Very Dissatisfied,4,No,None,26,1,4.2,17,No,46-55,<50K,10+ Years
EMP14468,Vihaan,Reddy,Female,35,Customer Support,Support Executive,Hyderabad,Bachelor's,Contract,Onsite,2022-01-25,4.6,69700,Meets Expectations,1,Very Dissatisfied,3,No,Frequently,29,2,4.4,3,No,26-35,50K-75K,3-5 Years
EMP14469,Sneha,Das,Male,51,Customer Support,Team Lead,Bengaluru,MBA,Full-Time,Hybrid,2018-10-08,7.9,58600,Outstanding,3,Neutral,3,Yes,None,5,3,4.5,16,No,46-55,50K-75K,5-10 Years
EMP14470,Ananya,Gupta,Female,45,Operations,Process Associate,Delhi NCR,Bachelor's,Full-Time,Hybrid,2021-07-27,5.1,51000,Outstanding,3,Neutral,5,No,Rarely,39,1,8.4,22,No,36-45,50K-75K,5-10 Years
EMP14471,Vihaan,Kumar,Male,44,Finance,Accountant,Ahmedabad,Bachelor's,Full-Time,Hybrid,2014-12-20,11.7,71200,Meets Expectations,2,Dissatisfied,4,Yes,None,38,3,8.5,5,Yes,36-45,50K-75K,10+ Years
EMP14472,Divya,Rao,Male,52,Customer Support,Support Analyst,Ahmedabad,Bachelor's,Contract,Hybrid,2023-01-26,3.6,62300,Meets Expectations,4,Satisfied,3,No,Frequently,11,3,7.2,0,No,46-55,50K-75K,3-5 Years
EMP14473,Divya,Reddy,Male,59,Human Resources,HR Manager,Ahmedabad,Bachelor's,Full-Time,Hybrid,2012-07-26,14.1,63900,Meets Expectations,4,Satisfied,5,No,None,8,0,9.2,5,Yes,56+,50K-75K,10+ Years
EMP14474,Vihaan,Reddy,Female,35,Sales,Sales Manager,Chennai,Bachelor's,Full-Time,Hybrid,2021-09-01,5.0,42500,Meets Expectations,4,Satisfied,4,Yes,Rarely,8,3,5.9,6,No,26-35,<50K,3-5 Years
EMP14475,Aarav,Joshi,Female,42,Operations,Operations Executive,Pune,Bachelor's,Full-Time,Hybrid,2024-12-20,1.7,47800,Meets Expectations,4,Satisfied,5,No,Rarely,1,2,6.5,10,Yes,36-45,<50K,1-3 Years
EMP14476,Vihaan,Patel,Male,46,Finance,Financial Analyst,Kolkata,Bachelor's,Full-Time,Hybrid,2022-11-14,3.8,99100,Exceeds Expectations,5,Very Satisfied,4,No,None,0,1,10.4,0,No,46-55,75K-100K,3-5 Years
EMP14477,Kavya,Singh,Female,53,Customer Support,Customer Success Specialist,Chennai,Bachelor's,Full-Time,Remote,2025-05-15,1.3,59200,Meets Expectations,2,Dissatisfied,4,No,Rarely,12,2,6.1,13,No,46-55,50K-75K,1-3 Years
EMP14478,Meera,Reddy,Female,40,Finance,Financial Analyst,Mumbai,Master's,Contract,Remote,2019-07-27,7.1,78100,Meets Expectations,1,Very Dissatisfied,3,No,Rarely,27,0,3.7,5,No,36-45,75K-100K,5-10 Years
EMP14479,Nikhil,Singh,Female,35,Customer Support,Customer Success Specialist,Ahmedabad,Master's,Full-Time,Onsite,2022-10-08,3.9,41800,Meets Expectations,1,Very Dissatisfied,5,No,Frequently,27,3,5.1,12,Yes,26-35,<50K,3-5 Years
EMP14480,Isha,Reddy,Male,54,Human Resources,Recruiter,Hyderabad,Master's,Contract,Remote,2013-05-15,13.3,65900,Needs Improvement,1,Very Dissatisfied,2,Yes,None,22,3,3.2,7,No,46-55,50K-75K,10+ Years
EMP14481,Rahul,Das,Male,59,Human Resources,Recruiter,Kolkata,Diploma,Full-Time,Hybrid,2018-10-08,7.9,81800,Outstanding,2,Dissatisfied,3,No,Frequently,26,3,2.8,20,No,56+,75K-100K,5-10 Years
EMP14482,Aarav,Singh,Female,43,Finance,Financial Analyst,Hyderabad,Bachelor's,Full-Time,Remote,2022-12-20,3.7,53500,Exceeds Expectations,1,Very Dissatisfied,5,Yes,None,5,2,7.4,11,No,36-45,50K-75K,3-5 Years
EMP14483,Sanjay,Iyer,Male,25,Operations,Operations Executive,Mumbai,MBA,Full-Time,Remote,2019-10-08,6.9,82300,Meets Expectations,5,Very Satisfied,2,Yes,None,40,3,0.4,22,No,21-25,75K-100K,5-10 Years
EMP14484,Sanjay,Das,Female,32,Sales,Sales Executive,Bengaluru,Bachelor's,Full-Time,Hybrid,2023-07-27,3.1,79200,Meets Expectations,2,Dissatisfied,3,Yes,None,8,0,3.9,19,No,26-35,75K-100K,3-5 Years
EMP14485,Divya,Das,Female,39,Human Resources,HR Analyst,Kolkata,Master's,Full-Time,Onsite,2023-11-14,2.8,58000,Meets Expectations,2,Dissatisfied,1,Yes,None,15,3,7.8,17,Yes,36-45,50K-75K,1-3 Years
EMP14486,Rohit,Singh,Male,49,Finance,Senior Accountant,Ahmedabad,Bachelor's,Contract,Hybrid,2022-01-25,4.6,99700,Meets Expectations,3,Neutral,3,No,None,27,0,2.7,6,No,46-55,75K-100K,3-5 Years
EMP14487,Nikhil,Iyer,Male,47,Human Resources,HR Analyst,Mumbai,Bachelor's,Full-Time,Hybrid,2024-11-13,1.8,76400,Meets Expectations,3,Neutral,2,No,Frequently,5,3,12.0,19,No,46-55,75K-100K,1-3 Years
EMP14488,Arjun,Verma,Male,53,Technology,Data Analyst,Ahmedabad,MBA,Full-Time,Hybrid,2023-09-02,3.0,105300,Meets Expectations,1,Very Dissatisfied,3,Yes,Rarely,17,3,7.6,4,No,46-55,100K-150K,1-3 Years
EMP14489,Nikhil,Reddy,Female,22,Marketing,Marketing Manager,Delhi NCR,Master's,Full-Time,Hybrid,2012-07-26,14.1,50800,Meets Expectations,5,Very Satisfied,2,No,Frequently,38,2,7.6,18,No,21-25,50K-75K,10+ Years
EMP14490,Vihaan,Reddy,Female,39,Finance,Financial Analyst,Hyderabad,Bachelor's,Full-Time,Hybrid,2016-07-26,10.1,101700,Needs Improvement,4,Satisfied,5,No,None,9,3,6.5,4,No,36-45,100K-150K,10+ Years
EMP14491,Rohit,Iyer,Female,49,Technology,Software Engineer,Pune,Master's,Contract,Hybrid,2012-11-13,13.8,90100,Meets Expectations,5,Very Satisfied,5,No,Rarely,25,0,9.2,12,Yes,46-55,75K-100K,10+ Years
EMP14492,Rahul,Joshi,Male,60,Technology,Software Engineer,Pune,Bachelor's,Full-Time,Hybrid,2022-09-01,4.0,114900,Outstanding,5,Very Satisfied,3,No,None,24,0,8.4,1,No,56+,100K-150K,3-5 Years
EMP14493,Vikram,Gupta,Female,26,Marketing,Marketing Manager,Ahmedabad,Bachelor's,Full-Time,Hybrid,2013-10-08,12.9,59100,Meets Expectations,5,Very Satisfied,4,No,None,3,0,10.1,13,No,26-35,50K-75K,10+ Years
EMP14494,Kavya,Patel,Female,56,Technology,Data Analyst,Ahmedabad,Bachelor's,Full-Time,Hybrid,2021-01-25,5.6,80100,Exceeds Expectations,2,Dissatisfied,3,Yes,None,2,0,3.2,3,Yes,56+,75K-100K,5-10 Years
EMP14495,Aisha,Nair,Female,21,Finance,Finance Manager,Kolkata,Diploma,Full-Time,Hybrid,2024-05-14,2.3,105200,Exceeds Expectations,4,Satisfied,2,No,Rarely,6,0,5.2,19,No,21-25,100K-150K,1-3 Years
EMP14496,Rohit,Kumar,Male,28,Marketing,Marketing Manager,Mumbai,Bachelor's,Contract,Hybrid,2014-07-27,12.1,69400,Meets Expectations,1,Very Dissatisfied,3,No,Rarely,0,0,6.5,6,No,26-35,50K-75K,10+ Years
EMP14497,Pooja,Joshi,Male,54,Finance,Accountant,Hyderabad,MBA,Full-Time,Hybrid,2025-07-27,1.1,52300,Outstanding,2,Dissatisfied,3,No,None,21,2,4.4,22,No,46-55,50K-75K,1-3 Years
EMP14498,Rohit,Singh,Male,52,Finance,Senior Accountant,Kolkata,Diploma,Full-Time,Onsite,2020-06-20,6.2,97600,Meets Expectations,4,Satisfied,4,No,None,10,3,3.3,5,No,46-55,75K-100K,5-10 Years
EMP14499,Vihaan,Singh,Female,59,Technology,IT Support Specialist,Chennai,Diploma,Contract,Hybrid,2014-05-15,12.3,74500,Meets Expectations,4,Satisfied,4,No,None,24,0,0.4,17,No,56+,50K-75K,10+ Years
EMP14500,Kiran,Iyer,Female,45,Finance,Financial Analyst,Bengaluru,Master's,Full-Time,Hybrid,2017-05-15,9.3,100200,Needs Improvement,4,Satisfied,2,No,None,11,3,4.6,1,No,36-45,100K-150K,5-10 Years
EMP14501,Rahul,Joshi,Female,45,Marketing,Content Specialist,Kolkata,Diploma,Full-Time,Onsite,2018-10-08,7.9,91300,Meets Expectations,4,Satisfied,4,Yes,Rarely,14,0,5.6,12,No,36-45,75K-100K,5-10 Years
EMP14502,Vihaan,Gupta,Female,42,Human Resources,HR Executive,Hyderabad,Bachelor's,Full-Time,Hybrid,2021-04-08,5.4,45700,Needs Improvement,1,Very Dissatisfied,5,No,None,4,2,9.7,22,No,36-45,<50K,5-10 Years
EMP14503,Kavya,Reddy,Male,41,Customer Support,Support Executive,Delhi NCR,Master's,Full-Time,Onsite,2025-05-15,1.3,54800,Meets Expectations,3,Neutral,3,No,Frequently,32,1,8.3,5,No,36-45,50K-75K,1-3 Years
EMP14504,Priya,Reddy,Male,41,Operations,Operations Manager,Pune,Master's,Full-Time,Onsite,2011-10-08,14.9,81700,Needs Improvement,4,Satisfied,5,No,Frequently,4,1,4.2,1,No,36-45,75K-100K,10+ Years
EMP14505,Rohit,Verma,Male,32,Sales,Sales Executive,Kolkata,Bachelor's,Contract,Hybrid,2023-11-14,2.8,82600,Needs Improvement,1,Very Dissatisfied,3,No,None,37,1,8.9,13,No,26-35,75K-100K,1-3 Years
EMP14506,Neha,Reddy,Male,55,Finance,Accountant,Delhi NCR,Bachelor's,Contract,Hybrid,2022-09-01,4.0,79500,Meets Expectations,2,Dissatisfied,1,No,Frequently,6,2,2.0,16,Yes,46-55,75K-100K,3-5 Years
EMP14507,Rahul,Patel,Male,35,Finance,Financial Analyst,Bengaluru,Master's,Full-Time,Hybrid,2022-12-20,3.7,88600,Meets Expectations,3,Neutral,1,No,Rarely,40,1,3.7,6,No,26-35,75K-100K,3-5 Years
EMP14508,Divya,Das,Male,45,Marketing,Digital Marketing Analyst,Ahmedabad,Bachelor's,Full-Time,Hybrid,2013-01-25,13.6,75000,Needs Improvement,4,Satisfied,2,No,None,29,2,4.1,6,No,36-45,50K-75K,10+ Years
EMP14509,Rohit,Patel,Female,47,Technology,IT Support Specialist,Hyderabad,MBA,Full-Time,Remote,2015-03-03,11.5,72800,Meets Expectations,5,Very Satisfied,3,No,Frequently,33,2,0.5,13,Yes,46-55,50K-75K,10+ Years
EMP14510,Rahul,Joshi,Male,42,Customer Support,Team Lead,Kolkata,Bachelor's,Contract,Onsite,2019-09-02,7.0,57500,Meets Expectations,4,Satisfied,5,No,None,33,3,10.5,12,No,36-45,50K-75K,5-10 Years
EMP14511,Neha,Nair,Female,45,Finance,Financial Analyst,Mumbai,Master's,Full-Time,Remote,2012-05-14,14.3,68200,Meets Expectations,5,Very Satisfied,2,No,Rarely,18,2,5.2,6,No,36-45,50K-75K,10+ Years
EMP14512,Arjun,Sharma,Male,22,Human Resources,Recruiter,Chennai,MBA,Contract,Hybrid,2025-09-01,1.0,59000,Meets Expectations,2,Dissatisfied,2,No,Rarely,7,2,3.8,0,No,21-25,50K-75K,<1 Year
EMP14513,Divya,Sharma,Female,33,Sales,Account Manager,Chennai,MBA,Contract,Hybrid,2013-04-08,13.4,58700,Needs Improvement,2,Dissatisfied,4,No,Frequently,27,0,9.0,8,No,26-35,50K-75K,10+ Years
EMP14514,Neha,Patel,Female,38,Customer Support,Customer Success Specialist,Pune,Master's,Full-Time,Hybrid,2025-07-27,1.1,65200,Meets Expectations,2,Dissatisfied,2,Yes,Rarely,26,2,6.5,0,No,36-45,50K-75K,1-3 Years
EMP14515,Rahul,Sharma,Male,36,Customer Support,Support Analyst,Kolkata,MBA,Full-Time,Hybrid,2020-09-01,6.0,41500,Meets Expectations,5,Very Satisfied,3,No,Frequently,33,2,10.6,18,No,36-45,<50K,5-10 Years
EMP14516,Rohit,Sharma,Male,57,Operations,Process Associate,Kolkata,Bachelor's,Full-Time,Hybrid,2025-09-01,1.0,48800,Meets Expectations,4,Satisfied,2,Yes,None,9,3,8.2,7,No,56+,<50K,<1 Year
EMP14517,Divya,Rao,Female,56,Finance,Accountant,Kolkata,Bachelor's,Full-Time,Hybrid,2011-09-02,15.0,49200,Meets Expectations,3,Neutral,2,No,Frequently,33,2,10.8,1,No,56+,<50K,10+ Years
EMP14518,Ananya,Reddy,Female,49,Sales,Sales Executive,Mumbai,Bachelor's,Full-Time,Onsite,2012-12-20,13.7,46300,Needs Improvement,3,Neutral,1,No,Rarely,36,0,8.7,16,No,46-55,<50K,10+ Years
EMP14519,Ananya,Iyer,Female,35,Marketing,Content Specialist,Ahmedabad,Bachelor's,Full-Time,Hybrid,2017-10-08,8.9,94600,Meets Expectations,2,Dissatisfied,3,No,Rarely,29,2,9.4,16,No,26-35,75K-100K,5-10 Years
EMP14520,Neha,Reddy,Male,23,Human Resources,HR Manager,Chennai,Master's,Contract,Hybrid,2023-04-09,3.4,63900,Meets Expectations,5,Very Satisfied,3,Yes,Frequently,11,3,5.3,22,No,21-25,50K-75K,3-5 Years
EMP14521,Kiran,Joshi,Female,51,Customer Support,Customer Success Specialist,Chennai,Bachelor's,Full-Time,Hybrid,2022-05-15,4.3,39800,Outstanding,4,Satisfied,1,No,None,10,2,1.4,17,No,46-55,<50K,3-5 Years
EMP14522,Nikhil,Rao,Female,56,Marketing,Marketing Manager,Pune,Bachelor's,Full-Time,Remote,2019-10-08,6.9,93900,Meets Expectations,3,Neutral,4,Yes,None,5,3,5.9,10,Yes,56+,75K-100K,5-10 Years
EMP14523,Nikhil,Verma,Male,40,Human Resources,HR Manager,Kolkata,Bachelor's,Full-Time,Hybrid,2021-09-01,5.0,43400,Needs Improvement,4,Satisfied,2,Yes,Frequently,34,2,6.6,8,No,36-45,<50K,3-5 Years
EMP14524,Vikram,Sharma,Female,54,Customer Support,Support Analyst,Delhi NCR,Bachelor's,Full-Time,Hybrid,2026-03-03,0.5,51000,Needs Improvement,4,Satisfied,4,No,Frequently,18,0,3.2,15,No,46-55,50K-75K,<1 Year
EMP14525,Rohit,Das,Male,58,Operations,Operations Analyst,Mumbai,Master's,Full-Time,Hybrid,2016-10-08,9.9,73700,Needs Improvement,2,Dissatisfied,1,No,Rarely,12,0,2.9,4,Yes,56+,50K-75K,5-10 Years
EMP14526,Nikhil,Nair,Male,42,Human Resources,HR Manager,Bengaluru,Bachelor's,Full-Time,Hybrid,2017-05-15,9.3,81000,Meets Expectations,4,Satisfied,1,No,None,6,1,4.6,13,No,36-45,75K-100K,5-10 Years
EMP14527,Aisha,Verma,Female,29,Sales,Business Development Executive,Pune,MBA,Full-Time,Remote,2013-01-25,13.6,47900,Exceeds Expectations,4,Satisfied,1,Yes,None,20,0,5.2,7,Yes,26-35,<50K,10+ Years
EMP14528,Sanjay,Singh,Male,21,Sales,Sales Manager,Chennai,Bachelor's,Full-Time,Hybrid,2019-05-15,7.3,72100,Meets Expectations,4,Satisfied,3,No,None,8,1,7.5,21,Yes,21-25,50K-75K,5-10 Years
EMP14529,Vihaan,Verma,Male,51,Human Resources,HR Executive,Mumbai,Bachelor's,Contract,Onsite,2021-05-15,5.3,73400,Exceeds Expectations,1,Very Dissatisfied,1,Yes,None,34,1,3.6,4,Yes,46-55,50K-75K,5-10 Years
EMP14530,Aarav,Singh,Male,43,Human Resources,HR Analyst,Kolkata,Bachelor's,Contract,Hybrid,2018-11-14,7.8,76000,Meets Expectations,1,Very Dissatisfied,2,No,Frequently,13,3,1.0,12,No,36-45,75K-100K,5-10 Years
EMP14531,Aarav,Joshi,Female,27,Sales,Sales Manager,Bengaluru,Master's,Full-Time,Remote,2023-07-27,3.1,51500,Meets Expectations,1,Very Dissatisfied,3,Yes,Rarely,18,1,4.1,6,Yes,26-35,50K-75K,3-5 Years
EMP14532,Arjun,Iyer,Male,23,Sales,Account Manager,Delhi NCR,Bachelor's,Contract,Onsite,2017-03-03,9.5,76900,Exceeds Expectations,2,Dissatisfied,4,No,None,27,2,2.8,6,No,21-25,75K-100K,5-10 Years
EMP14533,Aisha,Rao,Non-Binary,59,Marketing,Marketing Manager,Mumbai,Diploma,Full-Time,Hybrid,2015-01-26,11.6,72700,Meets Expectations,1,Very Dissatisfied,4,No,None,28,2,7.5,16,No,56+,50K-75K,10+ Years
EMP14534,Sneha,Patel,Female,33,Operations,Operations Manager,Bengaluru,Bachelor's,Full-Time,Hybrid,2024-03-02,2.5,70100,Meets Expectations,3,Neutral,3,No,Frequently,4,2,4.6,16,No,26-35,50K-75K,1-3 Years
EMP14535,Rohit,Das,Male,34,Sales,Sales Executive,Bengaluru,Bachelor's,Full-Time,Hybrid,2021-10-08,4.9,83000,Exceeds Expectations,5,Very Satisfied,1,Yes,Rarely,3,2,7.1,19,No,26-35,75K-100K,3-5 Years
EMP14536,Aarav,Sharma,Male,46,Human Resources,Recruiter,Pune,Bachelor's,Full-Time,Remote,2013-09-01,13.0,85100,Needs Improvement,1,Very Dissatisfied,5,No,None,11,2,4.5,19,No,46-55,75K-100K,10+ Years
EMP14537,Rohit,Verma,Female,35,Sales,Sales Manager,Mumbai,Bachelor's,Full-Time,Hybrid,2018-12-20,7.7,75600,Outstanding,2,Dissatisfied,4,No,None,30,3,7.0,20,No,26-35,75K-100K,5-10 Years
EMP14538,Kiran,Singh,Female,57,Operations,Operations Executive,Chennai,Master's,Full-Time,Onsite,2018-07-27,8.1,50500,Meets Expectations,1,Very Dissatisfied,5,No,None,35,1,0.2,19,No,56+,50K-75K,5-10 Years
EMP14539,Sanjay,Verma,Male,48,Operations,Operations Manager,Delhi NCR,Bachelor's,Full-Time,Onsite,2015-10-08,10.9,39900,Outstanding,1,Very Dissatisfied,5,No,None,39,1,7.2,2,Yes,46-55,<50K,10+ Years
EMP14540,Nikhil,Rao,Male,35,Customer Support,Support Analyst,Bengaluru,Master's,Full-Time,Onsite,2017-11-13,8.8,54500,Meets Expectations,1,Very Dissatisfied,4,No,Rarely,11,0,0.8,18,No,26-35,50K-75K,5-10 Years
EMP14541,Arjun,Das,Male,31,Marketing,Marketing Executive,Chennai,Bachelor's,Contract,Remote,2025-06-20,1.2,45300,Needs Improvement,4,Satisfied,5,Yes,None,31,0,9.2,20,No,26-35,<50K,1-3 Years
EMP14542,Nikhil,Rao,Male,55,Marketing,Marketing Manager,Bengaluru,Master's,Full-Time,Onsite,2014-07-27,12.1,80800,Meets Expectations,5,Very Satisfied,3,No,None,6,0,10.9,2,No,46-55,75K-100K,10+ Years
EMP14543,Aditya,Kumar,Male,44,Customer Support,Customer Success Specialist,Bengaluru,Bachelor's,Full-Time,Hybrid,2012-10-08,13.9,60800,Meets Expectations,4,Satisfied,3,Yes,None,7,0,6.5,18,No,36-45,50K-75K,10+ Years
EMP14544,Aarav,Rao,Male,57,Marketing,Digital Marketing Analyst,Mumbai,MBA,Contract,Hybrid,2025-09-01,1.0,72900,Meets Expectations,4,Satisfied,3,Yes,None,21,1,0.5,10,No,56+,50K-75K,<1 Year
EMP14545,Meera,Das,Male,34,Human Resources,Recruiter,Bengaluru,Bachelor's,Contract,Onsite,2024-09-01,2.0,50500,Needs Improvement,1,Very Dissatisfied,3,Yes,Rarely,4,1,3.8,8,No,26-35,50K-75K,1-3 Years
EMP14546,Pooja,Singh,Female,21,Operations,Operations Executive,Pune,Bachelor's,Contract,Onsite,2016-01-26,10.6,76900,Exceeds Expectations,5,Very Satisfied,3,No,Rarely,1,3,1.4,9,No,21-25,75K-100K,10+ Years
EMP14547,Divya,Rao,Male,56,Marketing,Marketing Executive,Delhi NCR,Bachelor's,Full-Time,Hybrid,2017-07-27,9.1,74600,Meets Expectations,3,Neutral,2,No,None,40,1,1.0,10,No,56+,50K-75K,5-10 Years
EMP14548,Vihaan,Verma,Male,30,Operations,Operations Analyst,Mumbai,Bachelor's,Full-Time,Hybrid,2020-10-08,5.9,60700,Needs Improvement,5,Very Satisfied,4,No,None,32,3,7.7,22,No,26-35,50K-75K,5-10 Years
EMP14549,Kavya,Verma,Male,54,Human Resources,HR Manager,Delhi NCR,Bachelor's,Full-Time,Hybrid,2018-06-20,8.2,70600,Meets Expectations,2,Dissatisfied,2,No,Rarely,27,2,8.1,20,No,46-55,50K-75K,5-10 Years
EMP14550,Pooja,Joshi,Female,49,Customer Support,Support Executive,Delhi NCR,Bachelor's,Full-Time,Hybrid,2016-01-26,10.6,35500,Meets Expectations,4,Satisfied,5,No,Frequently,9,0,7.5,3,No,46-55,<50K,10+ Years
EMP14551,Nikhil,Iyer,Male,30,Sales,Business Development Executive,Ahmedabad,Bachelor's,Full-Time,Onsite,2018-12-20,7.7,73700,Exceeds Expectations,3,Neutral,4,Yes,None,3,1,2.0,20,No,26-35,50K-75K,5-10 Years
EMP14552,Divya,Singh,Female,51,Sales,Sales Executive,Ahmedabad,Master's,Contract,Hybrid,2024-05-14,2.3,41800,Exceeds Expectations,3,Neutral,5,No,None,5,1,2.3,10,No,46-55,<50K,1-3 Years
EMP14553,Divya,Gupta,Female,24,Sales,Account Manager,Chennai,Bachelor's,Full-Time,Onsite,2025-03-03,1.5,66100,Meets Expectations,1,Very Dissatisfied,4,No,Frequently,17,2,3.8,19,No,21-25,50K-75K,1-3 Years
EMP14554,Arjun,Verma,Male,36,Human Resources,HR Analyst,Mumbai,Bachelor's,Full-Time,Onsite,2019-12-20,6.7,50500,Meets Expectations,3,Neutral,3,No,None,33,2,5.0,16,No,36-45,50K-75K,5-10 Years
EMP14555,Pooja,Nair,Female,35,Marketing,Digital Marketing Analyst,Hyderabad,Master's,Full-Time,Onsite,2012-10-08,13.9,54300,Meets Expectations,1,Very Dissatisfied,2,Yes,Frequently,24,0,2.9,16,No,26-35,50K-75K,10+ Years
EMP14556,Vihaan,Joshi,Female,47,Technology,Software Engineer,Kolkata,Bachelor's,Contract,Hybrid,2018-03-03,8.5,74900,Needs Improvement,4,Satisfied,4,No,Frequently,34,2,10.7,1,No,46-55,50K-75K,5-10 Years
EMP14557,Arjun,Joshi,Female,42,Technology,IT Support Specialist,Mumbai,MBA,Contract,Onsite,2021-03-03,5.5,59500,Needs Improvement,4,Satisfied,3,Yes,None,37,2,0.5,9,No,36-45,50K-75K,5-10 Years
EMP14558,Aditya,Singh,Female,45,Customer Support,Customer Success Specialist,Ahmedabad,Bachelor's,Contract,Onsite,2013-01-25,13.6,66800,Meets Expectations,5,Very Satisfied,2,No,None,30,0,5.9,20,No,36-45,50K-75K,10+ Years
EMP14559,Divya,Iyer,Female,40,Operations,Process Associate,Hyderabad,Bachelor's,Full-Time,Hybrid,2020-09-01,6.0,73700,Meets Expectations,3,Neutral,1,No,Frequently,4,2,11.4,7,No,36-45,50K-75K,5-10 Years
EMP14560,Pooja,Reddy,Male,50,Marketing,Marketing Manager,Chennai,Master's,Full-Time,Hybrid,2018-12-20,7.7,45100,Needs Improvement,5,Very Satisfied,1,Yes,None,9,0,11.8,16,Yes,46-55,<50K,5-10 Years
EMP14561,Kiran,Nair,Female,27,Human Resources,Recruiter,Mumbai,Bachelor's,Full-Time,Remote,2024-10-08,1.9,44900,Outstanding,5,Very Satisfied,2,No,None,13,1,4.0,8,No,26-35,<50K,1-3 Years
EMP14562,Divya,Rao,Male,49,Finance,Accountant,Bengaluru,Diploma,Full-Time,Hybrid,2015-07-27,11.1,94500,Outstanding,3,Neutral,4,No,None,21,2,7.6,3,No,46-55,75K-100K,10+ Years
EMP14563,Aditya,Rao,Male,23,Sales,Sales Manager,Pune,Bachelor's,Full-Time,Hybrid,2016-01-26,10.6,39300,Needs Improvement,5,Very Satisfied,5,Yes,Rarely,32,2,9.7,9,No,21-25,<50K,10+ Years
EMP14564,Priya,Verma,Male,24,Technology,IT Support Specialist,Pune,Bachelor's,Full-Time,Hybrid,2014-09-01,12.0,91400,Outstanding,4,Satisfied,5,No,Frequently,39,2,2.9,15,No,21-25,75K-100K,10+ Years
EMP14565,Pooja,Nair,Male,49,Customer Support,Team Lead,Delhi NCR,Bachelor's,Contract,Remote,2021-09-01,5.0,36400,Meets Expectations,2,Dissatisfied,3,No,Rarely,40,2,6.7,21,No,46-55,<50K,3-5 Years
EMP14566,Meera,Joshi,Female,27,Finance,Senior Accountant,Delhi NCR,Bachelor's,Contract,Hybrid,2019-12-20,6.7,83400,Meets Expectations,3,Neutral,5,Yes,None,19,2,11.6,14,No,26-35,75K-100K,5-10 Years
EMP14567,Rahul,Patel,Male,51,Marketing,Marketing Executive,Delhi NCR,Bachelor's,Contract,Onsite,2023-12-20,2.7,95600,Exceeds Expectations,1,Very Dissatisfied,1,No,Rarely,40,1,10.7,10,No,46-55,75K-100K,1-3 Years
EMP14568,Aisha,Joshi,Female,26,Marketing,Marketing Manager,Pune,Bachelor's,Full-Time,Onsite,2012-03-02,14.5,52500,Meets Expectations,2,Dissatisfied,5,Yes,Rarely,38,1,10.6,2,Yes,26-35,50K-75K,10+ Years
EMP14569,Kavya,Joshi,Female,26,Finance,Accountant,Bengaluru,Master's,Full-Time,Remote,2025-03-03,1.5,104700,Meets Expectations,2,Dissatisfied,5,Yes,None,6,3,7.4,19,Yes,26-35,100K-150K,1-3 Years
EMP14570,Priya,Das,Female,58,Technology,IT Support Specialist,Bengaluru,Bachelor's,Full-Time,Onsite,2016-11-13,9.8,119300,Meets Expectations,2,Dissatisfied,3,No,Rarely,27,1,7.6,22,No,56+,100K-150K,5-10 Years
EMP14571,Isha,Nair,Female,28,Marketing,Content Specialist,Kolkata,Bachelor's,Full-Time,Remote,2016-01-26,10.6,95000,Exceeds Expectations,2,Dissatisfied,1,No,Rarely,17,2,2.9,11,No,26-35,75K-100K,10+ Years
EMP14572,Meera,Singh,Female,57,Sales,Business Development Executive,Bengaluru,Bachelor's,Full-Time,Hybrid,2024-03-02,2.5,74900,Meets Expectations,1,Very Dissatisfied,4,No,None,34,2,9.8,11,No,56+,50K-75K,1-3 Years
EMP14573,Aditya,Patel,Female,34,Human Resources,HR Executive,Kolkata,Bachelor's,Contract,Hybrid,2021-01-25,5.6,85200,Needs Improvement,3,Neutral,1,No,Frequently,35,2,9.3,18,No,26-35,75K-100K,5-10 Years
EMP14574,Sanjay,Patel,Female,52,Customer Support,Customer Success Specialist,Pune,Bachelor's,Contract,Hybrid,2025-11-13,0.8,55300,Needs Improvement,2,Dissatisfied,4,No,None,7,0,5.3,12,Yes,46-55,50K-75K,<1 Year
EMP14575,Rahul,Singh,Female,58,Marketing,Marketing Manager,Mumbai,Diploma,Contract,Hybrid,2018-04-08,8.4,88800,Meets Expectations,2,Dissatisfied,2,Yes,None,24,2,10.3,3,No,56+,75K-100K,5-10 Years
EMP14576,Nikhil,Rao,Male,25,Operations,Operations Manager,Bengaluru,Bachelor's,Contract,Onsite,2011-10-08,14.9,42500,Exceeds Expectations,4,Satisfied,3,Yes,None,37,0,3.1,15,No,21-25,<50K,10+ Years
EMP14577,Vikram,Kumar,Male,34,Sales,Account Manager,Kolkata,Bachelor's,Full-Time,Hybrid,2020-01-26,6.6,73700,Meets Expectations,5,Very Satisfied,5,Yes,None,27,2,10.2,4,No,26-35,50K-75K,5-10 Years
EMP14578,Neha,Patel,Male,43,Technology,Software Engineer,Ahmedabad,Bachelor's,Full-Time,Hybrid,2011-10-08,14.9,102600,Meets Expectations,1,Very Dissatisfied,1,Yes,None,34,1,7.6,4,No,36-45,100K-150K,10+ Years
EMP14579,Sneha,Kumar,Male,55,Technology,Software Engineer,Ahmedabad,MBA,Full-Time,Hybrid,2024-07-26,2.1,62700,Meets Expectations,3,Neutral,1,No,None,29,1,0.7,5,No,46-55,50K-75K,1-3 Years
EMP14580,Neha,Iyer,Female,28,Finance,Finance Manager,Hyderabad,Master's,Full-Time,Hybrid,2020-09-01,6.0,65800,Needs Improvement,5,Very Satisfied,3,No,Rarely,32,2,4.4,13,No,26-35,50K-75K,5-10 Years
EMP14581,Neha,Verma,Male,28,Technology,Data Analyst,Ahmedabad,Bachelor's,Full-Time,Hybrid,2013-03-03,13.5,73700,Outstanding,4,Satisfied,4,No,Rarely,34,2,8.3,4,No,26-35,50K-75K,10+ Years
EMP14582,Vikram,Reddy,Female,35,Customer Support,Customer Success Specialist,Bengaluru,Master's,Full-Time,Hybrid,2013-06-20,13.2,47900,Meets Expectations,1,Very Dissatisfied,2,No,None,38,0,8.7,7,No,26-35,<50K,10+ Years
EMP14583,Sneha,Rao,Female,29,Technology,IT Support Specialist,Mumbai,Diploma,Full-Time,Hybrid,2021-09-01,5.0,72400,Exceeds Expectations,4,Satisfied,1,Yes,Rarely,8,2,4.5,19,No,26-35,50K-75K,3-5 Years
EMP14584,Sanjay,Verma,Male,31,Marketing,Marketing Executive,Ahmedabad,Bachelor's,Full-Time,Onsite,2016-06-20,10.2,57800,Exceeds Expectations,1,Very Dissatisfied,4,Yes,Rarely,32,1,2.9,20,Yes,26-35,50K-75K,10+ Years
EMP14585,Ananya,Rao,Female,26,Marketing,Content Specialist,Delhi NCR,Bachelor's,Full-Time,Remote,2013-05-15,13.3,59000,Needs Improvement,4,Satisfied,4,Yes,None,15,2,2.3,7,No,26-35,50K-75K,10+ Years
EMP14586,Rahul,Singh,Female,54,Marketing,Digital Marketing Analyst,Kolkata,Bachelor's,Full-Time,Hybrid,2015-03-03,11.5,74800,Exceeds Expectations,3,Neutral,5,No,Frequently,23,1,11.7,20,No,46-55,50K-75K,10+ Years
EMP14587,Kiran,Verma,Female,52,Technology,IT Support Specialist,Bengaluru,Bachelor's,Contract,Hybrid,2017-03-03,9.5,68000,Needs Improvement,3,Neutral,5,No,None,26,1,4.8,7,No,46-55,50K-75K,5-10 Years
EMP14588,Aditya,Das,Female,26,Finance,Senior Accountant,Ahmedabad,Bachelor's,Full-Time,Hybrid,2024-03-02,2.5,62900,Meets Expectations,2,Dissatisfied,4,No,None,26,3,5.0,17,No,26-35,50K-75K,1-3 Years
EMP14589,Arjun,Nair,Female,42,Marketing,Marketing Manager,Delhi NCR,Bachelor's,Full-Time,Hybrid,2025-05-15,1.3,60100,Meets Expectations,5,Very Satisfied,1,No,None,8,0,2.2,0,No,36-45,50K-75K,1-3 Years
EMP14590,Vikram,Gupta,Male,46,Finance,Accountant,Ahmedabad,Bachelor's,Full-Time,Onsite,2017-05-15,9.3,75000,Needs Improvement,1,Very Dissatisfied,2,No,None,33,3,4.6,3,No,46-55,50K-75K,5-10 Years
EMP14591,Arjun,Nair,Male,46,Marketing,Marketing Executive,Hyderabad,Master's,Full-Time,Hybrid,2019-01-26,7.6,45500,Meets Expectations,5,Very Satisfied,4,Yes,None,29,3,11.8,7,Yes,46-55,<50K,5-10 Years
EMP14592,Sanjay,Sharma,Male,60,Sales,Sales Executive,Chennai,MBA,Full-Time,Hybrid,2022-12-20,3.7,85800,Needs Improvement,1,Very Dissatisfied,3,No,None,30,2,6.1,10,Yes,56+,75K-100K,3-5 Years
EMP14593,Neha,Sharma,Male,46,Sales,Business Development Executive,Kolkata,Bachelor's,Full-Time,Onsite,2022-03-03,4.5,53100,Exceeds Expectations,2,Dissatisfied,1,No,Rarely,25,3,8.5,12,No,46-55,50K-75K,3-5 Years
EMP14594,Arjun,Nair,Female,48,Operations,Operations Executive,Hyderabad,Diploma,Full-Time,Onsite,2020-09-01,6.0,50400,Needs Improvement,3,Neutral,3,Yes,Frequently,24,1,11.3,22,No,46-55,50K-75K,5-10 Years
EMP14595,Rahul,Singh,Male,22,Marketing,Digital Marketing Analyst,Bengaluru,Bachelor's,Contract,Remote,2019-03-03,7.5,72500,Outstanding,3,Neutral,4,No,Rarely,11,3,11.1,1,Yes,21-25,50K-75K,5-10 Years
EMP14596,Arjun,Rao,Male,24,Sales,Account Manager,Kolkata,Bachelor's,Contract,Remote,2020-09-01,6.0,79000,Meets Expectations,2,Dissatisfied,4,No,Rarely,24,2,10.6,8,No,21-25,75K-100K,5-10 Years
EMP14597,Isha,Das,Female,45,Customer Support,Support Analyst,Ahmedabad,Master's,Contract,Hybrid,2020-10-08,5.9,49900,Meets Expectations,2,Dissatisfied,5,Yes,Rarely,11,2,10.9,9,No,36-45,<50K,5-10 Years
EMP14598,Aditya,Gupta,Female,57,Sales,Business Development Executive,Pune,Bachelor's,Contract,Onsite,2024-10-08,1.9,50600,Meets Expectations,3,Neutral,1,Yes,Rarely,36,3,7.4,7,No,56+,50K-75K,1-3 Years
EMP14599,Meera,Verma,Male,36,Customer Support,Support Analyst,Bengaluru,Bachelor's,Contract,Hybrid,2013-09-01,13.0,54100,Meets Expectations,1,Very Dissatisfied,5,No,None,2,2,10.4,11,No,36-45,50K-75K,10+ Years
EMP14600,Pooja,Reddy,Female,46,Operations,Process Associate,Hyderabad,Bachelor's,Full-Time,Remote,2017-06-20,9.2,59200,Meets Expectations,1,Very Dissatisfied,3,No,None,0,2,9.6,5,Yes,46-55,50K-75K,5-10 Years
EMP14601,Vikram,Iyer,Male,29,Customer Support,Support Analyst,Kolkata,Bachelor's,Full-Time,Hybrid,2024-04-08,2.4,48600,Meets Expectations,2,Dissatisfied,2,No,None,29,3,11.9,9,No,26-35,<50K,1-3 Years
EMP14602,Kavya,Verma,Female,39,Customer Support,Customer Success Specialist,Kolkata,Bachelor's,Full-Time,Hybrid,2020-03-02,6.5,70300,Needs Improvement,1,Very Dissatisfied,5,No,None,29,0,10.6,1,No,36-45,50K-75K,5-10 Years
EMP14603,Arjun,Singh,Female,51,Finance,Financial Analyst,Delhi NCR,Bachelor's,Full-Time,Hybrid,2020-04-08,6.4,107000,Meets Expectations,1,Very Dissatisfied,1,No,Rarely,22,0,6.5,3,No,46-55,100K-150K,5-10 Years
EMP14604,Aditya,Verma,Female,47,Operations,Operations Executive,Hyderabad,Bachelor's,Full-Time,Hybrid,2017-07-27,9.1,62800,Meets Expectations,1,Very Dissatisfied,1,No,None,23,1,0.2,1,Yes,46-55,50K-75K,5-10 Years
EMP14605,Kavya,Iyer,Female,25,Technology,Data Analyst,Pune,Bachelor's,Contract,Onsite,2017-06-20,9.2,63300,Needs Improvement,5,Very Satisfied,4,No,None,1,0,11.9,13,No,21-25,50K-75K,5-10 Years
EMP14606,Kavya,Reddy,Male,56,Human Resources,HR Executive,Bengaluru,MBA,Full-Time,Onsite,2016-12-20,9.7,70600,Needs Improvement,1,Very Dissatisfied,4,No,None,34,0,6.5,4,No,56+,50K-75K,5-10 Years
EMP14607,Rohit,Reddy,Female,58,Technology,Data Analyst,Mumbai,Bachelor's,Full-Time,Hybrid,2016-03-02,10.5,125400,Meets Expectations,1,Very Dissatisfied,1,No,Rarely,34,2,11.3,19,No,56+,100K-150K,10+ Years
EMP14608,Sanjay,Gupta,Female,40,Human Resources,HR Analyst,Delhi NCR,Bachelor's,Full-Time,Onsite,2024-12-20,1.7,88700,Exceeds Expectations,4,Satisfied,5,No,None,8,0,5.2,9,No,36-45,75K-100K,1-3 Years
EMP14609,Ananya,Das,Male,34,Customer Support,Customer Success Specialist,Kolkata,Master's,Full-Time,Onsite,2021-12-20,4.7,40600,Meets Expectations,3,Neutral,5,Yes,None,0,3,7.9,5,No,26-35,<50K,3-5 Years
EMP14610,Priya,Joshi,Female,42,Human Resources,HR Manager,Bengaluru,Bachelor's,Contract,Hybrid,2026-03-03,0.5,51600,Needs Improvement,3,Neutral,4,No,None,21,2,10.6,12,No,36-45,50K-75K,<1 Year
EMP14611,Kiran,Joshi,Male,53,Sales,Business Development Executive,Mumbai,Master's,Full-Time,Hybrid,2019-10-08,6.9,46100,Meets Expectations,4,Satisfied,2,No,None,10,1,2.0,1,Yes,46-55,<50K,5-10 Years
EMP14612,Isha,Sharma,Female,39,Finance,Finance Manager,Hyderabad,Bachelor's,Contract,Onsite,2020-01-26,6.6,96700,Meets Expectations,4,Satisfied,5,No,Rarely,5,2,4.5,12,No,36-45,75K-100K,5-10 Years
EMP14613,Sneha,Verma,Male,22,Operations,Operations Executive,Bengaluru,Bachelor's,Contract,Hybrid,2015-07-27,11.1,59600,Meets Expectations,3,Neutral,1,No,None,4,0,10.5,12,No,21-25,50K-75K,10+ Years
EMP14614,Sanjay,Patel,Non-Binary,23,Human Resources,HR Analyst,Delhi NCR,Bachelor's,Full-Time,Onsite,2023-12-20,2.7,59000,Meets Expectations,5,Very Satisfied,4,No,None,27,1,6.1,9,No,21-25,50K-75K,1-3 Years
EMP14615,Ananya,Reddy,Female,53,Human Resources,Recruiter,Mumbai,MBA,Contract,Onsite,2017-03-03,9.5,58400,Meets Expectations,2,Dissatisfied,5,Yes,Frequently,14,3,8.0,17,No,46-55,50K-75K,5-10 Years
EMP14616,Kiran,Patel,Female,52,Human Resources,Recruiter,Pune,Bachelor's,Full-Time,Onsite,2021-12-20,4.7,55900,Meets Expectations,2,Dissatisfied,3,No,None,31,1,6.6,19,Yes,46-55,50K-75K,3-5 Years
EMP14617,Rohit,Iyer,Female,51,Finance,Accountant,Chennai,Diploma,Contract,Hybrid,2020-10-08,5.9,100400,Meets Expectations,3,Neutral,2,No,Rarely,12,2,5.7,16,No,46-55,100K-150K,5-10 Years
EMP14618,Aisha,Verma,Male,26,Marketing,Digital Marketing Analyst,Ahmedabad,Bachelor's,Full-Time,Onsite,2015-11-14,10.8,64900,Meets Expectations,5,Very Satisfied,3,No,Rarely,25,1,4.4,19,No,26-35,50K-75K,10+ Years
EMP14619,Aditya,Kumar,Male,27,Marketing,Digital Marketing Analyst,Pune,Bachelor's,Full-Time,Hybrid,2025-05-15,1.3,56200,Needs Improvement,5,Very Satisfied,1,Yes,None,11,3,11.6,9,Yes,26-35,50K-75K,1-3 Years
EMP14620,Arjun,Nair,Female,36,Customer Support,Support Analyst,Hyderabad,Bachelor's,Full-Time,Onsite,2021-05-15,5.3,59700,Meets Expectations,4,Satisfied,1,No,None,22,3,8.7,9,No,36-45,50K-75K,5-10 Years
EMP14621,Arjun,Iyer,Male,30,Marketing,Marketing Executive,Hyderabad,Master's,Contract,Onsite,2020-09-01,6.0,76700,Needs Improvement,1,Very Dissatisfied,2,No,None,28,1,11.4,1,No,26-35,75K-100K,5-10 Years
EMP14622,Meera,Gupta,Male,36,Customer Support,Support Analyst,Pune,Bachelor's,Full-Time,Onsite,2015-11-14,10.8,59900,Meets Expectations,4,Satisfied,1,No,None,14,1,10.4,11,No,36-45,50K-75K,10+ Years
EMP14623,Isha,Rao,Male,43,Operations,Operations Executive,Mumbai,Master's,Contract,Hybrid,2023-07-27,3.1,74500,Outstanding,1,Very Dissatisfied,4,Yes,None,36,1,0.7,21,No,36-45,50K-75K,3-5 Years
EMP14624,Meera,Rao,Female,32,Sales,Sales Manager,Ahmedabad,Diploma,Contract,Remote,2012-06-20,14.2,43700,Exceeds Expectations,5,Very Satisfied,4,Yes,Rarely,26,0,10.4,20,No,26-35,<50K,10+ Years
EMP14625,Rohit,Patel,Female,25,Finance,Senior Accountant,Mumbai,MBA,Full-Time,Onsite,2011-09-02,15.0,48900,Needs Improvement,1,Very Dissatisfied,5,No,None,8,2,1.2,2,No,21-25,<50K,10+ Years
EMP14626,Rohit,Iyer,Female,37,Finance,Finance Manager,Hyderabad,MBA,Contract,Hybrid,2014-05-15,12.3,51700,Needs Improvement,1,Very Dissatisfied,2,No,None,36,3,11.3,4,No,36-45,50K-75K,10+ Years
EMP14627,Kiran,Patel,Female,49,Sales,Account Manager,Bengaluru,MBA,Full-Time,Onsite,2022-01-25,4.6,72100,Meets Expectations,3,Neutral,5,Yes,Rarely,20,3,6.3,20,No,46-55,50K-75K,3-5 Years
EMP14628,Aisha,Singh,Female,45,Technology,IT Support Specialist,Ahmedabad,Bachelor's,Full-Time,Onsite,2016-09-01,10.0,124100,Exceeds Expectations,3,Neutral,2,No,None,29,2,3.7,8,No,36-45,100K-150K,5-10 Years
EMP14629,Aisha,Reddy,Female,33,Operations,Operations Manager,Bengaluru,Bachelor's,Full-Time,Onsite,2025-04-08,1.4,52400,Needs Improvement,2,Dissatisfied,3,No,Rarely,14,2,8.1,13,No,26-35,50K-75K,1-3 Years
EMP14630,Meera,Das,Male,33,Finance,Accountant,Kolkata,Bachelor's,Full-Time,Onsite,2013-07-27,13.1,94400,Meets Expectations,3,Neutral,5,Yes,None,0,0,10.9,13,No,26-35,75K-100K,10+ Years
EMP14631,Kiran,Rao,Female,44,Technology,Software Engineer,Kolkata,Bachelor's,Full-Time,Remote,2018-11-14,7.8,109700,Outstanding,4,Satisfied,2,No,Rarely,23,1,11.9,9,Yes,36-45,100K-150K,5-10 Years
EMP14632,Meera,Das,Male,27,Finance,Financial Analyst,Bengaluru,MBA,Full-Time,Hybrid,2023-11-14,2.8,106000,Needs Improvement,4,Satisfied,1,No,Frequently,20,3,2.8,10,No,26-35,100K-150K,1-3 Years
EMP14633,Divya,Reddy,Male,54,Technology,Software Engineer,Mumbai,Bachelor's,Full-Time,Remote,2021-09-01,5.0,91500,Outstanding,4,Satisfied,5,No,None,29,2,9.0,19,No,46-55,75K-100K,3-5 Years
EMP14634,Aditya,Reddy,Male,55,Technology,Software Engineer,Mumbai,Bachelor's,Full-Time,Hybrid,2014-07-27,12.1,70200,Meets Expectations,2,Dissatisfied,2,No,Frequently,30,2,2.7,12,Yes,46-55,50K-75K,10+ Years
EMP14635,Rohit,Rao,Male,22,Sales,Sales Manager,Hyderabad,MBA,Contract,Hybrid,2013-07-27,13.1,74800,Meets Expectations,3,Neutral,2,No,None,28,2,0.7,22,No,21-25,50K-75K,10+ Years
EMP14636,Arjun,Sharma,Female,59,Operations,Operations Manager,Hyderabad,Bachelor's,Full-Time,Hybrid,2018-10-08,7.9,74300,Outstanding,1,Very Dissatisfied,4,No,None,20,3,2.2,0,No,56+,50K-75K,5-10 Years
EMP14637,Divya,Nair,Female,21,Operations,Process Associate,Bengaluru,Bachelor's,Contract,Onsite,2019-05-15,7.3,69300,Needs Improvement,2,Dissatisfied,3,No,None,0,2,9.3,2,Yes,21-25,50K-75K,5-10 Years
EMP14638,Sanjay,Iyer,Female,39,Human Resources,Recruiter,Ahmedabad,Bachelor's,Full-Time,Onsite,2015-05-15,11.3,85500,Exceeds Expectations,5,Very Satisfied,1,No,None,24,2,1.6,11,Yes,36-45,75K-100K,10+ Years
EMP14639,Aarav,Iyer,Female,47,Marketing,Content Specialist,Hyderabad,Diploma,Contract,Onsite,2014-04-08,12.4,62900,Meets Expectations,1,Very Dissatisfied,5,No,Frequently,38,0,8.8,15,No,46-55,50K-75K,10+ Years
EMP14640,Priya,Singh,Male,34,Customer Support,Support Analyst,Ahmedabad,Bachelor's,Contract,Onsite,2015-03-03,11.5,59000,Meets Expectations,3,Neutral,3,No,None,37,3,11.5,22,No,26-35,50K-75K,10+ Years
EMP14641,Arjun,Kumar,Male,29,Operations,Operations Analyst,Mumbai,Bachelor's,Full-Time,Onsite,2020-10-08,5.9,49400,Outstanding,3,Neutral,2,No,None,3,2,8.9,21,No,26-35,<50K,5-10 Years
EMP14642,Rohit,Nair,Male,22,Sales,Sales Manager,Pune,Bachelor's,Full-Time,Hybrid,2016-12-20,9.7,59900,Needs Improvement,2,Dissatisfied,1,No,Frequently,35,2,3.4,21,No,21-25,50K-75K,5-10 Years
EMP14643,Priya,Reddy,Male,50,Customer Support,Customer Success Specialist,Pune,Bachelor's,Contract,Hybrid,2013-10-08,12.9,41600,Meets Expectations,1,Very Dissatisfied,4,No,None,5,2,10.6,10,Yes,46-55,<50K,10+ Years
EMP14644,Vihaan,Sharma,Male,22,Sales,Account Manager,Ahmedabad,Master's,Full-Time,Hybrid,2024-04-08,2.4,46200,Outstanding,1,Very Dissatisfied,4,No,Rarely,3,2,9.6,15,No,21-25,<50K,1-3 Years
EMP14645,Meera,Rao,Male,40,Sales,Account Manager,Chennai,Bachelor's,Full-Time,Hybrid,2020-10-08,5.9,40700,Meets Expectations,4,Satisfied,4,No,None,1,1,7.3,6,No,36-45,<50K,5-10 Years
EMP14646,Nikhil,Das,Male,36,Finance,Finance Manager,Pune,Master's,Full-Time,Onsite,2025-09-01,1.0,88000,Meets Expectations,3,Neutral,4,Yes,Frequently,20,3,11.7,21,No,36-45,75K-100K,<1 Year
EMP14647,Sneha,Joshi,Male,59,Operations,Operations Analyst,Ahmedabad,Bachelor's,Full-Time,Onsite,2020-05-14,6.3,76900,Meets Expectations,3,Neutral,5,No,None,7,0,2.3,19,No,56+,75K-100K,5-10 Years
EMP14648,Kiran,Singh,Male,58,Sales,Sales Manager,Mumbai,Bachelor's,Full-Time,Hybrid,2015-01-26,11.6,53700,Meets Expectations,1,Very Dissatisfied,4,Yes,Rarely,25,1,0.3,17,Yes,56+,50K-75K,10+ Years
EMP14649,Aisha,Sharma,Male,53,Finance,Senior Accountant,Delhi NCR,Bachelor's,Contract,Remote,2023-07-27,3.1,73900,Meets Expectations,3,Neutral,2,No,Rarely,19,0,3.3,15,No,46-55,50K-75K,3-5 Years
EMP14650,Nikhil,Verma,Male,50,Technology,Data Analyst,Bengaluru,Bachelor's,Full-Time,Hybrid,2018-06-20,8.2,58700,Meets Expectations,1,Very Dissatisfied,2,Yes,Frequently,34,0,3.6,4,Yes,46-55,50K-75K,5-10 Years
EMP14651,Ananya,Das,Male,42,Finance,Accountant,Ahmedabad,Bachelor's,Full-Time,Remote,2025-12-20,0.7,72900,Exceeds Expectations,2,Dissatisfied,2,No,Frequently,8,1,2.2,16,No,36-45,50K-75K,<1 Year
EMP14652,Kiran,Sharma,Male,34,Customer Support,Customer Success Specialist,Hyderabad,Diploma,Contract,Hybrid,2013-03-03,13.5,43100,Outstanding,5,Very Satisfied,4,Yes,Rarely,10,0,6.7,15,No,26-35,<50K,10+ Years
EMP14653,Arjun,Rao,Female,27,Finance,Senior Accountant,Ahmedabad,Bachelor's,Full-Time,Hybrid,2014-05-15,12.3,82300,Meets Expectations,3,Neutral,1,Yes,None,21,1,1.5,7,No,26-35,75K-100K,10+ Years
EMP14654,Nikhil,Reddy,Male,59,Technology,Software Engineer,Pune,Master's,Full-Time,Hybrid,2018-09-01,8.0,122300,Meets Expectations,1,Very Dissatisfied,2,No,None,5,0,7.5,22,No,56+,100K-150K,5-10 Years
EMP14655,Rohit,Rao,Male,36,Sales,Business Development Executive,Hyderabad,Diploma,Full-Time,Remote,2016-01-26,10.6,62700,Meets Expectations,3,Neutral,3,Yes,Frequently,18,1,1.7,7,No,36-45,50K-75K,10+ Years
EMP14656,Priya,Das,Female,38,Technology,Data Analyst,Chennai,Bachelor's,Full-Time,Onsite,2024-12-20,1.7,105900,Meets Expectations,1,Very Dissatisfied,3,No,Rarely,24,1,4.9,15,No,36-45,100K-150K,1-3 Years
EMP14657,Priya,Verma,Female,26,Sales,Business Development Executive,Chennai,MBA,Full-Time,Hybrid,2013-12-20,12.7,72000,Needs Improvement,1,Very Dissatisfied,1,Yes,Frequently,25,2,5.7,22,Yes,26-35,50K-75K,10+ Years
EMP14658,Vikram,Verma,Female,32,Marketing,Content Specialist,Bengaluru,Bachelor's,Full-Time,Hybrid,2015-11-14,10.8,51500,Outstanding,4,Satisfied,1,No,Rarely,19,0,2.1,18,No,26-35,50K-75K,10+ Years
EMP14659,Aditya,Kumar,Male,46,Finance,Senior Accountant,Kolkata,Bachelor's,Contract,Hybrid,2024-09-01,2.0,69000,Meets Expectations,4,Satisfied,5,No,None,4,0,11.6,17,No,46-55,50K-75K,1-3 Years
EMP14660,Rahul,Das,Female,38,Human Resources,HR Manager,Mumbai,Bachelor's,Contract,Hybrid,2011-12-20,14.7,47700,Meets Expectations,2,Dissatisfied,1,Yes,None,10,2,1.3,15,No,36-45,<50K,10+ Years
EMP14661,Kiran,Das,Male,44,Operations,Operations Executive,Hyderabad,Bachelor's,Full-Time,Hybrid,2026-03-03,0.5,57300,Meets Expectations,4,Satisfied,1,No,None,2,0,2.5,1,Yes,36-45,50K-75K,<1 Year
EMP14662,Vikram,Reddy,Female,29,Marketing,Marketing Manager,Ahmedabad,Bachelor's,Full-Time,Remote,2017-03-03,9.5,89800,Meets Expectations,1,Very Dissatisfied,1,No,Rarely,38,3,4.7,0,No,26-35,75K-100K,5-10 Years
EMP14663,Aisha,Nair,Female,24,Technology,Software Engineer,Chennai,Master's,Full-Time,Remote,2023-12-20,2.7,92300,Exceeds Expectations,3,Neutral,2,No,None,23,3,9.8,16,Yes,21-25,75K-100K,1-3 Years
EMP14664,Kiran,Patel,Male,56,Finance,Accountant,Kolkata,Bachelor's,Contract,Hybrid,2015-11-14,10.8,75400,Exceeds Expectations,3,Neutral,2,No,None,13,1,6.6,0,No,56+,75K-100K,10+ Years
EMP14665,Neha,Iyer,Male,38,Finance,Financial Analyst,Hyderabad,Master's,Contract,Onsite,2025-06-20,1.2,61000,Needs Improvement,1,Very Dissatisfied,5,Yes,Rarely,12,2,4.4,15,Yes,36-45,50K-75K,1-3 Years
EMP14666,Vihaan,Joshi,Male,35,Operations,Operations Manager,Chennai,Bachelor's,Full-Time,Hybrid,2025-04-08,1.4,51500,Needs Improvement,4,Satisfied,1,Yes,None,2,2,5.8,17,No,26-35,50K-75K,1-3 Years
EMP14667,Kavya,Das,Female,32,Finance,Finance Manager,Delhi NCR,Bachelor's,Full-Time,Hybrid,2019-07-27,7.1,103500,Meets Expectations,3,Neutral,1,Yes,None,19,2,10.3,5,No,26-35,100K-150K,5-10 Years
EMP14668,Sneha,Gupta,Female,47,Sales,Sales Manager,Chennai,Bachelor's,Contract,Hybrid,2011-10-08,14.9,53200,Meets Expectations,3,Neutral,1,No,None,2,3,5.4,7,No,46-55,50K-75K,10+ Years
EMP14669,Aisha,Singh,Female,43,Operations,Operations Executive,Hyderabad,Diploma,Full-Time,Onsite,2022-05-15,4.3,70400,Needs Improvement,4,Satisfied,4,No,None,28,3,3.0,19,No,36-45,50K-75K,3-5 Years
EMP14670,Sneha,Nair,Non-Binary,36,Finance,Accountant,Kolkata,MBA,Contract,Hybrid,2017-05-15,9.3,51200,Exceeds Expectations,4,Satisfied,5,Yes,None,8,0,2.7,11,No,36-45,50K-75K,5-10 Years
EMP14671,Rohit,Gupta,Male,58,Sales,Sales Manager,Mumbai,Bachelor's,Contract,Hybrid,2018-10-08,7.9,45000,Meets Expectations,3,Neutral,1,No,Rarely,4,1,10.1,15,No,56+,<50K,5-10 Years
EMP14672,Rohit,Kumar,Male,57,Marketing,Content Specialist,Mumbai,Bachelor's,Full-Time,Onsite,2013-12-20,12.7,59800,Meets Expectations,5,Very Satisfied,3,No,Frequently,4,1,3.1,7,No,56+,50K-75K,10+ Years
EMP14673,Isha,Verma,Female,28,Technology,IT Support Specialist,Bengaluru,Bachelor's,Contract,Onsite,2022-03-03,4.5,121800,Meets Expectations,1,Very Dissatisfied,2,Yes,Rarely,1,1,6.5,3,No,26-35,100K-150K,3-5 Years
EMP14674,Divya,Verma,Male,46,Customer Support,Support Executive,Chennai,Master's,Full-Time,Onsite,2018-04-08,8.4,40700,Meets Expectations,4,Satisfied,4,Yes,Frequently,16,3,8.4,4,Yes,46-55,<50K,5-10 Years
EMP14675,Ananya,Iyer,Male,59,Operations,Operations Analyst,Kolkata,Bachelor's,Full-Time,Remote,2012-05-14,14.3,70200,Needs Improvement,2,Dissatisfied,4,Yes,None,2,3,2.0,5,No,56+,50K-75K,10+ Years
EMP14676,Aisha,Nair,Male,40,Finance,Financial Analyst,Pune,Bachelor's,Full-Time,Hybrid,2021-07-27,5.1,58600,Meets Expectations,3,Neutral,2,No,None,3,0,0.4,7,No,36-45,50K-75K,5-10 Years
EMP14677,Divya,Joshi,Male,22,Human Resources,HR Manager,Bengaluru,Bachelor's,Full-Time,Hybrid,2019-12-20,6.7,72900,Needs Improvement,4,Satisfied,4,No,None,8,2,11.9,16,No,21-25,50K-75K,5-10 Years
EMP14678,Meera,Kumar,Female,26,Human Resources,HR Executive,Ahmedabad,Bachelor's,Contract,Onsite,2013-04-08,13.4,71600,Meets Expectations,5,Very Satisfied,1,No,Rarely,23,3,9.8,10,No,26-35,50K-75K,10+ Years
EMP14679,Aarav,Gupta,Male,47,Marketing,Content Specialist,Pune,Bachelor's,Contract,Hybrid,2021-07-27,5.1,76000,Meets Expectations,3,Neutral,3,No,None,9,0,11.4,11,No,46-55,75K-100K,5-10 Years
EMP14680,Sanjay,Patel,Male,57,Sales,Sales Executive,Chennai,Bachelor's,Full-Time,Onsite,2020-11-13,5.8,52400,Outstanding,1,Very Dissatisfied,5,No,Frequently,16,1,6.9,6,No,56+,50K-75K,5-10 Years
EMP14681,Sneha,Kumar,Male,26,Finance,Financial Analyst,Hyderabad,Bachelor's,Full-Time,Hybrid,2021-12-20,4.7,58200,Meets Expectations,5,Very Satisfied,5,No,Rarely,17,2,2.8,13,Yes,26-35,50K-75K,3-5 Years
EMP14682,Ananya,Sharma,Female,42,Technology,IT Support Specialist,Pune,Bachelor's,Contract,Hybrid,2014-06-20,12.2,120700,Meets Expectations,3,Neutral,1,No,Frequently,24,2,6.4,22,Yes,36-45,100K-150K,10+ Years
EMP14683,Priya,Verma,Male,40,Marketing,Digital Marketing Analyst,Ahmedabad,Bachelor's,Full-Time,Onsite,2012-09-01,14.0,73200,Needs Improvement,1,Very Dissatisfied,1,No,None,1,3,9.2,18,No,36-45,50K-75K,10+ Years
EMP14684,Kavya,Iyer,Male,32,Sales,Account Manager,Ahmedabad,MBA,Full-Time,Hybrid,2017-03-03,9.5,48900,Outstanding,1,Very Dissatisfied,5,No,Rarely,40,3,7.3,21,Yes,26-35,<50K,5-10 Years
EMP14685,Rahul,Gupta,Male,46,Human Resources,Recruiter,Ahmedabad,Bachelor's,Full-Time,Hybrid,2017-04-08,9.4,62800,Meets Expectations,1,Very Dissatisfied,2,No,None,3,1,5.8,10,No,46-55,50K-75K,5-10 Years
EMP14686,Priya,Joshi,Male,56,Operations,Operations Analyst,Delhi NCR,Diploma,Full-Time,Hybrid,2020-09-01,6.0,40500,Meets Expectations,2,Dissatisfied,4,No,None,40,3,6.8,2,No,56+,<50K,5-10 Years
EMP14687,Kavya,Nair,Female,30,Customer Support,Support Analyst,Delhi NCR,Master's,Contract,Hybrid,2026-04-08,0.4,50600,Needs Improvement,2,Dissatisfied,3,No,Rarely,11,1,2.8,5,No,26-35,50K-75K,<1 Year
EMP14688,Kavya,Reddy,Male,23,Finance,Accountant,Ahmedabad,Master's,Full-Time,Onsite,2023-11-14,2.8,73500,Outstanding,5,Very Satisfied,3,Yes,None,17,0,4.8,5,No,21-25,50K-75K,1-3 Years
EMP14689,Priya,Nair,Female,35,Sales,Account Manager,Hyderabad,Bachelor's,Full-Time,Hybrid,2024-04-08,2.4,45200,Outstanding,5,Very Satisfied,2,No,Frequently,2,0,5.6,12,No,26-35,<50K,1-3 Years
EMP14690,Nikhil,Das,Female,33,Operations,Operations Analyst,Pune,MBA,Full-Time,Onsite,2024-10-08,1.9,57500,Meets Expectations,1,Very Dissatisfied,4,Yes,Rarely,15,1,9.2,2,Yes,26-35,50K-75K,1-3 Years
EMP14691,Vikram,Das,Male,50,Sales,Sales Executive,Hyderabad,Bachelor's,Full-Time,Hybrid,2016-10-08,9.9,68900,Needs Improvement,2,Dissatisfied,2,No,Rarely,36,1,6.5,9,No,46-55,50K-75K,5-10 Years
EMP14692,Aditya,Verma,Female,42,Sales,Account Manager,Ahmedabad,Bachelor's,Contract,Hybrid,2024-06-20,2.2,82500,Meets Expectations,2,Dissatisfied,4,No,None,27,1,5.5,13,No,36-45,75K-100K,1-3 Years
EMP14693,Aisha,Verma,Male,21,Customer Support,Support Analyst,Mumbai,Bachelor's,Contract,Hybrid,2025-03-03,1.5,59500,Meets Expectations,3,Neutral,2,No,None,25,1,11.4,9,No,21-25,50K-75K,1-3 Years
EMP14694,Isha,Iyer,Female,34,Customer Support,Support Executive,Kolkata,Bachelor's,Full-Time,Onsite,2020-10-08,5.9,51700,Meets Expectations,1,Very Dissatisfied,5,No,None,15,1,2.7,12,No,26-35,50K-75K,5-10 Years
EMP14695,Divya,Iyer,Female,50,Marketing,Marketing Executive,Mumbai,Bachelor's,Full-Time,Hybrid,2022-10-08,3.9,83700,Meets Expectations,2,Dissatisfied,4,No,Rarely,37,0,9.8,11,No,46-55,75K-100K,3-5 Years
EMP14696,Vikram,Verma,Male,40,Operations,Operations Manager,Delhi NCR,Diploma,Full-Time,Onsite,2024-04-08,2.4,50100,Needs Improvement,3,Neutral,3,No,None,31,0,0.2,2,Yes,36-45,50K-75K,1-3 Years
EMP14697,Rahul,Das,Female,43,Sales,Account Manager,Delhi NCR,Bachelor's,Full-Time,Remote,2024-04-08,2.4,70300,Meets Expectations,3,Neutral,1,No,Frequently,10,0,4.8,4,Yes,36-45,50K-75K,1-3 Years
EMP14698,Sneha,Kumar,Male,31,Sales,Sales Executive,Ahmedabad,MBA,Full-Time,Hybrid,2022-09-01,4.0,39200,Needs Improvement,5,Very Satisfied,2,Yes,Frequently,24,1,2.5,14,Yes,26-35,<50K,3-5 Years
EMP14699,Sneha,Gupta,Male,33,Finance,Finance Manager,Kolkata,Master's,Full-Time,Hybrid,2018-07-27,8.1,53000,Meets Expectations,5,Very Satisfied,4,No,None,16,2,5.9,10,No,26-35,50K-75K,5-10 Years
EMP14700,Vikram,Joshi,Male,26,Sales,Business Development Executive,Chennai,Bachelor's,Full-Time,Onsite,2015-04-09,11.4,68200,Exceeds Expectations,2,Dissatisfied,3,No,Rarely,8,2,6.0,8,No,26-35,50K-75K,10+ Years
EMP14701,Rohit,Joshi,Male,24,Customer Support,Support Executive,Delhi NCR,Bachelor's,Full-Time,Hybrid,2013-11-13,12.8,39700,Meets Expectations,5,Very Satisfied,1,Yes,None,26,0,4.8,12,Yes,21-25,<50K,10+ Years
EMP14702,Sanjay,Iyer,Male,22,Sales,Sales Executive,Mumbai,Bachelor's,Full-Time,Hybrid,2015-05-15,11.3,71200,Needs Improvement,5,Very Satisfied,1,No,None,17,3,0.8,10,No,21-25,50K-75K,10+ Years
EMP14703,Nikhil,Reddy,Male,45,Human Resources,HR Analyst,Bengaluru,MBA,Contract,Remote,2017-03-03,9.5,74100,Meets Expectations,2,Dissatisfied,4,No,None,4,3,2.9,14,No,36-45,50K-75K,5-10 Years
EMP14704,Sneha,Verma,Female,27,Operations,Operations Manager,Mumbai,Master's,Full-Time,Hybrid,2013-01-25,13.6,40400,Needs Improvement,3,Neutral,2,No,Frequently,35,3,3.3,16,No,26-35,<50K,10+ Years
EMP14705,Neha,Verma,Female,43,Operations,Operations Executive,Pune,Bachelor's,Full-Time,Onsite,2018-10-08,7.9,55200,Needs Improvement,4,Satisfied,3,No,Frequently,24,1,5.7,2,No,36-45,50K-75K,5-10 Years
EMP14706,Priya,Singh,Female,59,Technology,IT Support Specialist,Kolkata,Master's,Contract,Remote,2017-01-25,9.6,101500,Exceeds Expectations,5,Very Satisfied,4,No,None,22,1,5.2,0,No,56+,100K-150K,5-10 Years
EMP14707,Kavya,Sharma,Female,48,Human Resources,HR Analyst,Ahmedabad,Master's,Contract,Onsite,2020-05-14,6.3,78000,Exceeds Expectations,4,Satisfied,5,Yes,None,40,1,2.6,15,No,46-55,75K-100K,5-10 Years
EMP14708,Aditya,Das,Female,44,Human Resources,HR Executive,Delhi NCR,MBA,Full-Time,Hybrid,2021-09-01,5.0,83100,Meets Expectations,5,Very Satisfied,2,No,None,29,3,7.4,20,No,36-45,75K-100K,3-5 Years
EMP14709,Rohit,Das,Female,25,Operations,Process Associate,Bengaluru,Master's,Contract,Remote,2021-07-27,5.1,52400,Meets Expectations,4,Satisfied,4,No,None,40,2,5.7,16,No,21-25,50K-75K,5-10 Years
EMP14710,Rahul,Reddy,Male,40,Finance,Financial Analyst,Ahmedabad,Master's,Full-Time,Hybrid,2024-04-08,2.4,97700,Meets Expectations,1,Very Dissatisfied,5,Yes,None,29,1,2.8,2,No,36-45,75K-100K,1-3 Years
EMP14711,Aisha,Singh,Female,56,Technology,Software Engineer,Pune,Bachelor's,Full-Time,Remote,2014-09-01,12.0,83400,Meets Expectations,2,Dissatisfied,5,No,Frequently,6,1,1.1,20,No,56+,75K-100K,10+ Years
EMP14712,Arjun,Joshi,Male,36,Operations,Process Associate,Chennai,Bachelor's,Full-Time,Hybrid,2025-09-01,1.0,37800,Meets Expectations,5,Very Satisfied,5,Yes,Frequently,19,3,1.6,12,Yes,36-45,<50K,<1 Year
EMP14713,Pooja,Patel,Female,54,Customer Support,Support Analyst,Delhi NCR,Bachelor's,Full-Time,Onsite,2016-06-20,10.2,55900,Meets Expectations,3,Neutral,1,Yes,None,20,1,1.0,0,No,46-55,50K-75K,10+ Years
EMP14714,Priya,Joshi,Female,49,Human Resources,HR Analyst,Mumbai,Master's,Full-Time,Hybrid,2013-09-01,13.0,54200,Meets Expectations,1,Very Dissatisfied,1,No,Frequently,12,2,0.7,21,No,46-55,50K-75K,10+ Years
EMP14715,Arjun,Sharma,Female,31,Sales,Sales Manager,Kolkata,Diploma,Full-Time,Hybrid,2019-01-26,7.6,44800,Outstanding,2,Dissatisfied,5,No,Rarely,12,1,1.3,0,No,26-35,<50K,5-10 Years
EMP14716,Vikram,Patel,Male,26,Human Resources,Recruiter,Chennai,Master's,Full-Time,Hybrid,2025-06-20,1.2,55000,Needs Improvement,3,Neutral,2,No,Rarely,24,1,4.2,21,No,26-35,50K-75K,1-3 Years
EMP14717,Vihaan,Joshi,Male,21,Customer Support,Support Analyst,Delhi NCR,MBA,Full-Time,Remote,2020-03-02,6.5,64300,Meets Expectations,3,Neutral,2,No,Frequently,16,0,6.5,17,No,21-25,50K-75K,5-10 Years
EMP14718,Rahul,Sharma,Male,32,Customer Support,Support Executive,Kolkata,Master's,Full-Time,Hybrid,2021-05-15,5.3,67600,Meets Expectations,1,Very Dissatisfied,3,No,None,4,3,5.8,17,No,26-35,50K-75K,5-10 Years
EMP14719,Sneha,Verma,Female,34,Finance,Finance Manager,Mumbai,Master's,Contract,Hybrid,2011-11-14,14.8,105000,Exceeds Expectations,2,Dissatisfied,4,No,None,23,1,10.8,20,No,26-35,100K-150K,10+ Years
EMP14720,Aarav,Sharma,Female,47,Technology,Data Analyst,Delhi NCR,Bachelor's,Contract,Onsite,2016-04-08,10.4,79800,Meets Expectations,2,Dissatisfied,1,No,None,24,0,10.9,14,No,46-55,75K-100K,10+ Years
EMP14721,Ananya,Kumar,Male,43,Marketing,Content Specialist,Kolkata,Master's,Contract,Onsite,2015-10-08,10.9,67300,Meets Expectations,2,Dissatisfied,4,No,Rarely,33,2,2.4,2,No,36-45,50K-75K,10+ Years
EMP14722,Aisha,Iyer,Female,40,Operations,Operations Manager,Ahmedabad,Bachelor's,Full-Time,Onsite,2018-11-14,7.8,73600,Outstanding,5,Very Satisfied,1,Yes,None,4,3,10.4,11,No,36-45,50K-75K,5-10 Years
EMP14723,Rahul,Rao,Male,49,Customer Support,Support Executive,Mumbai,Bachelor's,Full-Time,Hybrid,2015-12-20,10.7,44600,Meets Expectations,1,Very Dissatisfied,2,No,None,18,3,6.9,3,No,46-55,<50K,10+ Years
EMP14724,Vihaan,Das,Female,51,Sales,Business Development Executive,Ahmedabad,Master's,Full-Time,Hybrid,2015-10-08,10.9,57000,Meets Expectations,4,Satisfied,5,No,None,36,2,8.9,3,No,46-55,50K-75K,10+ Years
EMP14725,Sneha,Joshi,Female,49,Finance,Accountant,Chennai,Master's,Full-Time,Onsite,2025-06-20,1.2,62600,Exceeds Expectations,2,Dissatisfied,1,No,None,10,0,9.5,1,No,46-55,50K-75K,1-3 Years
EMP14726,Vikram,Singh,Female,56,Human Resources,HR Analyst,Mumbai,Diploma,Contract,Hybrid,2023-03-03,3.5,70800,Meets Expectations,3,Neutral,1,No,None,30,0,4.9,11,No,56+,50K-75K,3-5 Years
EMP14727,Nikhil,Nair,Female,35,Sales,Business Development Executive,Bengaluru,Bachelor's,Full-Time,Onsite,2026-04-08,0.4,69900,Outstanding,2,Dissatisfied,3,No,None,14,0,5.2,15,No,26-35,50K-75K,<1 Year
EMP14728,Sanjay,Joshi,Female,53,Customer Support,Team Lead,Hyderabad,Bachelor's,Full-Time,Remote,2018-12-20,7.7,44600,Meets Expectations,5,Very Satisfied,2,No,Frequently,7,1,9.1,7,No,46-55,<50K,5-10 Years
EMP14729,Priya,Rao,Male,37,Sales,Business Development Executive,Chennai,Bachelor's,Contract,Remote,2013-06-20,13.2,40100,Meets Expectations,5,Very Satisfied,2,No,Rarely,29,2,9.9,16,No,36-45,<50K,10+ Years
EMP14730,Sanjay,Joshi,Female,28,Marketing,Marketing Manager,Mumbai,Bachelor's,Full-Time,Onsite,2017-06-20,9.2,81900,Exceeds Expectations,2,Dissatisfied,3,No,None,32,1,5.4,20,No,26-35,75K-100K,5-10 Years
EMP14731,Rohit,Sharma,Male,26,Customer Support,Team Lead,Chennai,Bachelor's,Full-Time,Onsite,2019-01-26,7.6,56100,Meets Expectations,1,Very Dissatisfied,1,No,Frequently,37,0,3.1,7,Yes,26-35,50K-75K,5-10 Years
EMP14732,Aditya,Joshi,Male,24,Marketing,Marketing Executive,Delhi NCR,Bachelor's,Full-Time,Remote,2012-10-08,13.9,54900,Meets Expectations,1,Very Dissatisfied,1,No,Frequently,29,0,8.1,0,No,21-25,50K-75K,10+ Years
EMP14733,Divya,Singh,Male,59,Operations,Operations Manager,Pune,Diploma,Full-Time,Onsite,2023-12-20,2.7,51700,Exceeds Expectations,4,Satisfied,5,No,None,12,2,9.4,16,No,56+,50K-75K,1-3 Years
EMP14734,Neha,Verma,Male,27,Technology,Data Analyst,Hyderabad,Bachelor's,Contract,Hybrid,2025-05-15,1.3,125700,Needs Improvement,5,Very Satisfied,5,Yes,Rarely,29,3,9.2,13,No,26-35,100K-150K,1-3 Years
EMP14735,Kavya,Kumar,Male,54,Operations,Operations Analyst,Delhi NCR,MBA,Contract,Onsite,2012-11-13,13.8,65900,Meets Expectations,1,Very Dissatisfied,3,No,None,1,1,4.8,1,Yes,46-55,50K-75K,10+ Years
EMP14736,Rahul,Das,Female,52,Finance,Financial Analyst,Bengaluru,Bachelor's,Full-Time,Hybrid,2013-01-25,13.6,83600,Exceeds Expectations,1,Very Dissatisfied,5,No,None,13,0,2.4,19,Yes,46-55,75K-100K,10+ Years
EMP14737,Aarav,Patel,Male,38,Sales,Sales Executive,Pune,Master's,Full-Time,Hybrid,2016-05-14,10.3,68900,Meets Expectations,3,Neutral,5,Yes,Rarely,8,0,6.1,14,No,36-45,50K-75K,10+ Years
EMP14738,Sneha,Sharma,Male,57,Finance,Accountant,Kolkata,Master's,Full-Time,Hybrid,2022-11-14,3.8,104600,Meets Expectations,5,Very Satisfied,2,No,None,21,2,3.5,1,No,56+,100K-150K,3-5 Years
EMP14739,Meera,Reddy,Female,57,Finance,Senior Accountant,Hyderabad,Bachelor's,Contract,Hybrid,2012-01-26,14.6,68600,Meets Expectations,4,Satisfied,1,No,None,28,3,3.9,15,No,56+,50K-75K,10+ Years
EMP14740,Vikram,Reddy,Female,58,Human Resources,Recruiter,Chennai,Bachelor's,Full-Time,Remote,2015-03-03,11.5,56200,Meets Expectations,1,Very Dissatisfied,2,No,None,24,2,8.3,13,Yes,56+,50K-75K,10+ Years
EMP14741,Aditya,Gupta,Male,40,Technology,Data Analyst,Delhi NCR,Master's,Full-Time,Hybrid,2016-06-20,10.2,84900,Needs Improvement,5,Very Satisfied,5,No,None,7,3,4.0,0,No,36-45,75K-100K,10+ Years
EMP14742,Ananya,Gupta,Female,32,Human Resources,HR Analyst,Ahmedabad,Bachelor's,Full-Time,Hybrid,2023-03-03,3.5,82400,Meets Expectations,2,Dissatisfied,5,No,None,15,2,9.7,12,No,26-35,75K-100K,3-5 Years
EMP14743,Divya,Kumar,Male,22,Finance,Finance Manager,Pune,Bachelor's,Full-Time,Hybrid,2018-11-14,7.8,55800,Meets Expectations,2,Dissatisfied,4,No,Frequently,3,1,4.8,11,No,21-25,50K-75K,5-10 Years
EMP14744,Sanjay,Reddy,Female,54,Finance,Financial Analyst,Pune,Master's,Full-Time,Hybrid,2014-04-08,12.4,60800,Meets Expectations,2,Dissatisfied,4,Yes,None,22,0,2.2,1,Yes,46-55,50K-75K,10+ Years
EMP14745,Rohit,Kumar,Female,55,Marketing,Marketing Manager,Bengaluru,Bachelor's,Full-Time,Onsite,2013-10-08,12.9,55400,Needs Improvement,4,Satisfied,2,No,None,30,0,5.5,8,No,46-55,50K-75K,10+ Years
EMP14746,Divya,Sharma,Male,42,Finance,Finance Manager,Ahmedabad,MBA,Contract,Hybrid,2018-03-03,8.5,86000,Meets Expectations,2,Dissatisfied,3,No,Rarely,10,1,4.3,16,No,36-45,75K-100K,5-10 Years
EMP14747,Rahul,Patel,Female,23,Operations,Operations Executive,Bengaluru,Bachelor's,Full-Time,Hybrid,2018-10-08,7.9,66400,Needs Improvement,4,Satisfied,2,Yes,None,21,2,4.0,13,Yes,21-25,50K-75K,5-10 Years
EMP14748,Rohit,Reddy,Female,53,Technology,BI Analyst,Delhi NCR,Bachelor's,Full-Time,Onsite,2016-03-02,10.5,84600,Meets Expectations,2,Dissatisfied,2,No,Rarely,35,3,2.6,9,Yes,46-55,75K-100K,10+ Years
EMP14749,Rahul,Kumar,Non-Binary,32,Customer Support,Support Analyst,Kolkata,Master's,Full-Time,Hybrid,2018-09-01,8.0,42900,Needs Improvement,1,Very Dissatisfied,4,Yes,None,4,0,3.0,13,No,26-35,<50K,5-10 Years
EMP14750,Arjun,Rao,Male,42,Finance,Finance Manager,Delhi NCR,Master's,Full-Time,Remote,2020-04-08,6.4,92900,Meets Expectations,1,Very Dissatisfied,3,Yes,None,39,0,9.1,10,No,36-45,75K-100K,5-10 Years
EMP14751,Pooja,Patel,Male,47,Sales,Account Manager,Mumbai,Bachelor's,Full-Time,Hybrid,2025-03-03,1.5,40500,Needs Improvement,3,Neutral,3,Yes,None,13,0,9.2,1,Yes,46-55,<50K,1-3 Years
EMP14752,Vikram,Rao,Female,26,Technology,BI Analyst,Mumbai,Bachelor's,Full-Time,Hybrid,2024-07-26,2.1,110400,Meets Expectations,1,Very Dissatisfied,2,No,None,13,0,5.2,1,No,26-35,100K-150K,1-3 Years
EMP14753,Aisha,Kumar,Male,23,Operations,Process Associate,Pune,Bachelor's,Contract,Hybrid,2015-03-03,11.5,47000,Outstanding,3,Neutral,4,No,Rarely,29,0,3.6,14,No,21-25,<50K,10+ Years
EMP14754,Sanjay,Iyer,Female,24,Customer Support,Support Executive,Mumbai,Bachelor's,Full-Time,Onsite,2026-01-25,0.6,67200,Needs Improvement,4,Satisfied,3,Yes,Rarely,14,3,7.6,9,No,21-25,50K-75K,<1 Year
EMP14755,Neha,Sharma,Male,59,Technology,BI Analyst,Kolkata,Bachelor's,Contract,Onsite,2025-09-01,1.0,87500,Meets Expectations,3,Neutral,1,No,None,16,0,8.0,17,Yes,56+,75K-100K,<1 Year
EMP14756,Vihaan,Rao,Male,59,Marketing,Marketing Manager,Delhi NCR,Bachelor's,Full-Time,Hybrid,2013-01-25,13.6,77000,Needs Improvement,3,Neutral,4,No,None,8,3,6.7,2,No,56+,75K-100K,10+ Years
EMP14757,Priya,Kumar,Male,38,Marketing,Digital Marketing Analyst,Bengaluru,Bachelor's,Full-Time,Hybrid,2016-01-26,10.6,49800,Meets Expectations,1,Very Dissatisfied,2,No,Frequently,5,2,9.1,18,No,36-45,<50K,10+ Years
EMP14758,Meera,Verma,Female,38,Sales,Account Manager,Bengaluru,Master's,Full-Time,Remote,2026-05-15,0.3,50900,Outstanding,1,Very Dissatisfied,3,No,None,35,2,5.2,16,No,36-45,50K-75K,<1 Year
EMP14759,Divya,Rao,Male,37,Human Resources,HR Manager,Delhi NCR,Bachelor's,Full-Time,Hybrid,2021-11-13,4.8,77300,Meets Expectations,1,Very Dissatisfied,5,Yes,None,3,0,7.9,19,Yes,36-45,75K-100K,3-5 Years
EMP14760,Arjun,Das,Male,35,Marketing,Digital Marketing Analyst,Chennai,Bachelor's,Full-Time,Hybrid,2015-03-03,11.5,72200,Meets Expectations,1,Very Dissatisfied,4,Yes,Rarely,6,3,6.2,17,No,26-35,50K-75K,10+ Years
EMP14761,Aisha,Nair,Female,42,Customer Support,Support Analyst,Chennai,Diploma,Full-Time,Onsite,2020-04-08,6.4,62100,Exceeds Expectations,3,Neutral,1,No,None,33,3,4.0,1,Yes,36-45,50K-75K,5-10 Years
EMP14762,Meera,Das,Female,35,Operations,Operations Executive,Ahmedabad,Bachelor's,Full-Time,Onsite,2019-07-27,7.1,62900,Needs Improvement,2,Dissatisfied,4,No,Frequently,32,3,1.7,3,Yes,26-35,50K-75K,5-10 Years
EMP14763,Neha,Rao,Male,45,Sales,Business Development Executive,Bengaluru,Bachelor's,Full-Time,Hybrid,2019-09-02,7.0,65600,Outstanding,4,Satisfied,2,No,None,8,1,2.4,4,No,36-45,50K-75K,5-10 Years
EMP14764,Nikhil,Patel,Male,36,Technology,BI Analyst,Ahmedabad,Bachelor's,Full-Time,Hybrid,2023-06-21,3.2,118700,Meets Expectations,2,Dissatisfied,4,No,Frequently,34,0,6.0,2,No,36-45,100K-150K,3-5 Years
EMP14765,Aditya,Gupta,Female,46,Human Resources,HR Manager,Mumbai,Bachelor's,Full-Time,Remote,2015-10-08,10.9,63400,Meets Expectations,2,Dissatisfied,2,No,None,29,1,2.6,16,No,46-55,50K-75K,10+ Years
EMP14766,Priya,Nair,Male,58,Technology,BI Analyst,Ahmedabad,Bachelor's,Contract,Onsite,2024-12-20,1.7,121300,Needs Improvement,3,Neutral,3,No,None,12,0,11.6,22,No,56+,100K-150K,1-3 Years
EMP14767,Aarav,Kumar,Female,29,Human Resources,HR Analyst,Chennai,MBA,Full-Time,Hybrid,2018-12-20,7.7,60800,Meets Expectations,2,Dissatisfied,4,No,None,3,0,4.5,18,No,26-35,50K-75K,5-10 Years
EMP14768,Kavya,Joshi,Male,23,Sales,Account Manager,Kolkata,Bachelor's,Full-Time,Hybrid,2023-12-20,2.7,54400,Outstanding,1,Very Dissatisfied,1,Yes,Frequently,31,2,2.0,10,No,21-25,50K-75K,1-3 Years
EMP14769,Nikhil,Rao,Female,42,Sales,Sales Manager,Bengaluru,Bachelor's,Full-Time,Hybrid,2025-10-08,0.9,75500,Meets Expectations,1,Very Dissatisfied,1,No,None,27,0,11.2,20,No,36-45,75K-100K,<1 Year
EMP14770,Vihaan,Das,Male,25,Sales,Business Development Executive,Kolkata,Bachelor's,Contract,Onsite,2024-05-14,2.3,39500,Meets Expectations,5,Very Satisfied,4,No,None,18,2,10.1,16,Yes,21-25,<50K,1-3 Years
EMP14771,Neha,Sharma,Male,30,Finance,Financial Analyst,Bengaluru,Bachelor's,Full-Time,Onsite,2013-07-27,13.1,58800,Exceeds Expectations,1,Very Dissatisfied,1,Yes,Frequently,11,0,3.2,16,No,26-35,50K-75K,10+ Years
EMP14772,Nikhil,Patel,Male,52,Operations,Process Associate,Ahmedabad,Bachelor's,Contract,Hybrid,2023-11-14,2.8,40700,Outstanding,2,Dissatisfied,5,No,None,14,3,8.1,5,No,46-55,<50K,1-3 Years
EMP14773,Ananya,Singh,Male,37,Technology,IT Support Specialist,Mumbai,Diploma,Full-Time,Hybrid,2022-05-15,4.3,94400,Meets Expectations,3,Neutral,3,No,None,11,2,8.7,18,No,36-45,75K-100K,3-5 Years
EMP14774,Kiran,Nair,Female,42,Customer Support,Support Executive,Kolkata,Bachelor's,Full-Time,Hybrid,2024-06-20,2.2,56600,Outstanding,3,Neutral,1,No,None,36,1,6.0,3,Yes,36-45,50K-75K,1-3 Years
EMP14775,Nikhil,Kumar,Female,52,Technology,Software Engineer,Ahmedabad,Master's,Full-Time,Hybrid,2015-07-27,11.1,59200,Meets Expectations,4,Satisfied,4,No,Frequently,8,3,7.1,13,No,46-55,50K-75K,10+ Years
EMP14776,Arjun,Nair,Male,26,Sales,Sales Manager,Hyderabad,Bachelor's,Contract,Hybrid,2019-11-14,6.8,46600,Meets Expectations,4,Satisfied,5,No,None,18,0,10.1,7,No,26-35,<50K,5-10 Years
EMP14777,Arjun,Das,Female,40,Finance,Senior Accountant,Pune,Master's,Contract,Onsite,2012-06-20,14.2,66400,Exceeds Expectations,4,Satisfied,1,Yes,None,26,3,6.0,16,No,36-45,50K-75K,10+ Years
EMP14778,Kavya,Kumar,Male,22,Operations,Operations Analyst,Mumbai,MBA,Full-Time,Onsite,2016-09-01,10.0,50700,Needs Improvement,2,Dissatisfied,5,No,Frequently,2,0,5.6,17,Yes,21-25,50K-75K,5-10 Years
EMP14779,Isha,Iyer,Female,40,Sales,Sales Manager,Hyderabad,Bachelor's,Contract,Hybrid,2018-07-27,8.1,43500,Meets Expectations,5,Very Satisfied,3,No,Rarely,20,3,8.9,13,No,36-45,<50K,5-10 Years
EMP14780,Arjun,Nair,Female,29,Sales,Business Development Executive,Hyderabad,Bachelor's,Contract,Hybrid,2016-10-08,9.9,47100,Meets Expectations,1,Very Dissatisfied,4,No,None,26,3,11.3,12,Yes,26-35,<50K,5-10 Years
EMP14781,Arjun,Verma,Female,57,Operations,Operations Analyst,Delhi NCR,Bachelor's,Full-Time,Remote,2025-11-13,0.8,75600,Needs Improvement,2,Dissatisfied,2,No,Rarely,21,2,11.1,0,No,56+,75K-100K,<1 Year
EMP14782,Priya,Reddy,Female,31,Marketing,Marketing Executive,Bengaluru,Bachelor's,Contract,Hybrid,2012-05-14,14.3,80100,Exceeds Expectations,2,Dissatisfied,1,No,None,26,2,7.5,19,No,26-35,75K-100K,10+ Years
EMP14783,Priya,Verma,Male,29,Finance,Senior Accountant,Chennai,Bachelor's,Contract,Onsite,2012-04-08,14.4,66100,Needs Improvement,2,Dissatisfied,5,Yes,None,20,1,6.6,15,No,26-35,50K-75K,10+ Years
EMP14784,Vikram,Patel,Female,21,Operations,Operations Analyst,Delhi NCR,Bachelor's,Contract,Hybrid,2022-05-15,4.3,49400,Needs Improvement,3,Neutral,4,No,None,26,0,7.6,0,No,21-25,<50K,3-5 Years
EMP14785,Divya,Singh,Male,26,Operations,Operations Analyst,Kolkata,Bachelor's,Full-Time,Hybrid,2017-03-03,9.5,41100,Meets Expectations,1,Very Dissatisfied,2,Yes,Rarely,40,2,0.9,12,No,26-35,<50K,5-10 Years
EMP14786,Divya,Sharma,Female,29,Finance,Accountant,Ahmedabad,Bachelor's,Full-Time,Hybrid,2023-06-21,3.2,69200,Meets Expectations,5,Very Satisfied,2,Yes,Rarely,14,2,10.7,12,No,26-35,50K-75K,3-5 Years
EMP14787,Sneha,Das,Male,30,Human Resources,Recruiter,Hyderabad,Bachelor's,Full-Time,Onsite,2018-05-15,8.3,62100,Exceeds Expectations,1,Very Dissatisfied,4,Yes,None,14,1,0.6,0,No,26-35,50K-75K,5-10 Years
EMP14788,Meera,Reddy,Male,50,Sales,Account Manager,Hyderabad,Bachelor's,Full-Time,Onsite,2015-01-26,11.6,81300,Meets Expectations,2,Dissatisfied,2,Yes,None,27,2,1.1,9,No,46-55,75K-100K,10+ Years
EMP14789,Sanjay,Verma,Female,56,Finance,Finance Manager,Hyderabad,Master's,Full-Time,Hybrid,2012-07-26,14.1,92200,Needs Improvement,3,Neutral,4,No,None,3,1,0.7,1,No,56+,75K-100K,10+ Years
EMP14790,Aarav,Reddy,Female,55,Marketing,Marketing Manager,Kolkata,Bachelor's,Full-Time,Hybrid,2021-06-20,5.2,68500,Exceeds Expectations,5,Very Satisfied,1,No,Rarely,11,1,8.8,3,No,46-55,50K-75K,5-10 Years
EMP14791,Aditya,Patel,Male,59,Technology,Software Engineer,Hyderabad,Bachelor's,Full-Time,Onsite,2016-03-02,10.5,68000,Outstanding,3,Neutral,5,No,Rarely,6,1,3.5,19,No,56+,50K-75K,10+ Years
EMP14792,Isha,Iyer,Male,56,Customer Support,Customer Success Specialist,Chennai,Bachelor's,Contract,Hybrid,2015-11-14,10.8,57600,Meets Expectations,3,Neutral,4,No,Rarely,19,3,5.0,8,No,56+,50K-75K,10+ Years
EMP14793,Aditya,Kumar,Female,39,Customer Support,Support Executive,Hyderabad,Master's,Full-Time,Hybrid,2023-03-03,3.5,68500,Exceeds Expectations,2,Dissatisfied,2,No,Frequently,4,2,3.1,2,No,36-45,50K-75K,3-5 Years
EMP14794,Arjun,Reddy,Female,36,Technology,Software Engineer,Kolkata,Bachelor's,Full-Time,Hybrid,2017-03-03,9.5,64000,Meets Expectations,4,Satisfied,3,No,Frequently,8,1,11.1,11,No,36-45,50K-75K,5-10 Years
EMP14795,Kavya,Iyer,Female,46,Finance,Senior Accountant,Kolkata,Master's,Contract,Onsite,2016-10-08,9.9,98400,Meets Expectations,3,Neutral,1,No,Frequently,17,2,11.9,12,Yes,46-55,75K-100K,5-10 Years
EMP14796,Sanjay,Sharma,Male,33,Technology,BI Analyst,Delhi NCR,Master's,Full-Time,Remote,2015-03-03,11.5,71100,Outstanding,1,Very Dissatisfied,3,Yes,Rarely,25,3,5.4,8,No,26-35,50K-75K,10+ Years
EMP14797,Rahul,Iyer,Male,45,Human Resources,Recruiter,Ahmedabad,Bachelor's,Full-Time,Onsite,2011-09-02,15.0,77300,Needs Improvement,3,Neutral,2,No,None,17,0,9.8,2,Yes,36-45,75K-100K,10+ Years
EMP14798,Isha,Das,Female,60,Sales,Business Development Executive,Mumbai,Bachelor's,Full-Time,Onsite,2025-11-13,0.8,47600,Meets Expectations,5,Very Satisfied,2,No,Rarely,33,1,3.2,20,No,56+,<50K,<1 Year
EMP14799,Neha,Singh,Male,28,Finance,Finance Manager,Delhi NCR,MBA,Full-Time,Onsite,2023-06-21,3.2,83900,Outstanding,5,Very Satisfied,5,No,None,32,1,7.9,1,No,26-35,75K-100K,3-5 Years
EMP14800,Kiran,Gupta,Female,51,Human Resources,HR Manager,Chennai,Bachelor's,Full-Time,Onsite,2024-05-14,2.3,54000,Meets Expectations,2,Dissatisfied,3,No,None,4,2,1.8,8,No,46-55,50K-75K,1-3 Years
EMP14801,Rahul,Gupta,Male,58,Marketing,Marketing Manager,Ahmedabad,Master's,Full-Time,Hybrid,2024-03-02,2.5,71800,Meets Expectations,4,Satisfied,1,No,None,28,0,10.4,15,No,56+,50K-75K,1-3 Years
EMP14802,Neha,Gupta,Male,42,Marketing,Digital Marketing Analyst,Pune,Master's,Full-Time,Onsite,2019-10-08,6.9,74800,Needs Improvement,2,Dissatisfied,3,No,None,1,3,5.3,20,No,36-45,50K-75K,5-10 Years
EMP14803,Rahul,Kumar,Male,35,Technology,BI Analyst,Bengaluru,Bachelor's,Full-Time,Onsite,2013-06-20,13.2,101900,Meets Expectations,4,Satisfied,1,No,Rarely,7,0,8.7,16,No,26-35,100K-150K,10+ Years
EMP14804,Rahul,Joshi,Female,31,Operations,Operations Analyst,Mumbai,Master's,Contract,Onsite,2019-11-14,6.8,68200,Meets Expectations,3,Neutral,3,No,None,31,2,7.8,13,No,26-35,50K-75K,5-10 Years
EMP14805,Pooja,Rao,Male,27,Marketing,Content Specialist,Bengaluru,Bachelor's,Full-Time,Onsite,2016-07-26,10.1,47100,Needs Improvement,2,Dissatisfied,4,No,None,23,0,9.4,10,No,26-35,<50K,10+ Years
EMP14806,Pooja,Gupta,Male,33,Operations,Operations Executive,Delhi NCR,Master's,Full-Time,Hybrid,2020-11-13,5.8,69200,Meets Expectations,5,Very Satisfied,1,No,Frequently,13,2,4.7,18,No,26-35,50K-75K,5-10 Years
EMP14807,Divya,Nair,Female,50,Human Resources,HR Manager,Mumbai,Diploma,Full-Time,Onsite,2021-10-08,4.9,49800,Meets Expectations,2,Dissatisfied,1,No,Rarely,6,3,7.3,10,No,46-55,<50K,3-5 Years
EMP14808,Nikhil,Nair,Female,41,Customer Support,Team Lead,Chennai,Master's,Full-Time,Onsite,2014-03-03,12.5,58500,Needs Improvement,2,Dissatisfied,2,No,None,13,2,7.4,13,No,36-45,50K-75K,10+ Years
EMP14809,Neha,Rao,Female,29,Finance,Financial Analyst,Hyderabad,Bachelor's,Full-Time,Hybrid,2016-10-08,9.9,56000,Meets Expectations,5,Very Satisfied,3,No,None,31,1,2.6,9,No,26-35,50K-75K,5-10 Years
EMP14810,Arjun,Rao,Male,42,Operations,Operations Manager,Chennai,Master's,Full-Time,Hybrid,2021-04-08,5.4,59100,Needs Improvement,2,Dissatisfied,1,Yes,None,23,2,2.4,17,Yes,36-45,50K-75K,5-10 Years
EMP14811,Divya,Verma,Male,53,Technology,IT Support Specialist,Mumbai,Master's,Full-Time,Onsite,2012-12-20,13.7,85700,Needs Improvement,1,Very Dissatisfied,2,No,Frequently,5,2,8.6,1,Yes,46-55,75K-100K,10+ Years
EMP14812,Vihaan,Verma,Female,21,Technology,BI Analyst,Mumbai,Bachelor's,Full-Time,Hybrid,2019-01-26,7.6,126400,Meets Expectations,5,Very Satisfied,4,No,None,19,3,3.0,4,No,21-25,100K-150K,5-10 Years
EMP14813,Pooja,Das,Male,21,Human Resources,HR Analyst,Hyderabad,Bachelor's,Contract,Onsite,2023-09-02,3.0,73800,Meets Expectations,3,Neutral,3,Yes,Frequently,8,2,7.6,19,No,21-25,50K-75K,1-3 Years
EMP14814,Sneha,Das,Non-Binary,59,Human Resources,HR Manager,Hyderabad,Bachelor's,Full-Time,Onsite,2019-04-09,7.4,46400,Needs Improvement,5,Very Satisfied,3,No,None,4,3,11.5,2,No,56+,<50K,5-10 Years
EMP14815,Meera,Gupta,Non-Binary,50,Operations,Operations Manager,Kolkata,Master's,Contract,Onsite,2016-06-20,10.2,69000,Meets Expectations,1,Very Dissatisfied,1,No,Rarely,3,2,3.4,13,No,46-55,50K-75K,10+ Years
EMP14816,Kavya,Singh,Male,44,Finance,Financial Analyst,Bengaluru,Master's,Full-Time,Onsite,2021-01-25,5.6,60100,Meets Expectations,4,Satisfied,4,Yes,None,31,3,10.6,14,Yes,36-45,50K-75K,5-10 Years
EMP14817,Arjun,Rao,Non-Binary,57,Customer Support,Support Executive,Ahmedabad,Diploma,Full-Time,Onsite,2013-12-20,12.7,43300,Exceeds Expectations,1,Very Dissatisfied,3,Yes,None,6,0,6.4,3,Yes,56+,<50K,10+ Years
EMP14818,Kavya,Sharma,Female,44,Finance,Finance Manager,Bengaluru,Diploma,Full-Time,Onsite,2018-07-27,8.1,70900,Meets Expectations,3,Neutral,3,No,None,7,1,7.1,5,No,36-45,50K-75K,5-10 Years
EMP14819,Neha,Patel,Female,41,Human Resources,HR Analyst,Pune,MBA,Full-Time,Hybrid,2019-07-27,7.1,81100,Meets Expectations,2,Dissatisfied,4,No,None,35,0,3.4,6,No,36-45,75K-100K,5-10 Years
EMP14820,Sanjay,Rao,Male,29,Customer Support,Support Executive,Kolkata,Diploma,Full-Time,Onsite,2013-10-08,12.9,68800,Needs Improvement,3,Neutral,1,Yes,Frequently,33,0,11.1,10,No,26-35,50K-75K,10+ Years
EMP14821,Priya,Gupta,Male,53,Human Resources,HR Manager,Hyderabad,Bachelor's,Full-Time,Onsite,2019-07-27,7.1,88600,Meets Expectations,2,Dissatisfied,4,No,Rarely,20,1,8.6,12,No,46-55,75K-100K,5-10 Years
EMP14822,Nikhil,Singh,Male,51,Marketing,Marketing Executive,Ahmedabad,Bachelor's,Full-Time,Remote,2020-05-14,6.3,52400,Meets Expectations,5,Very Satisfied,2,No,None,31,1,8.6,5,No,46-55,50K-75K,5-10 Years
EMP14823,Kiran,Sharma,Female,32,Customer Support,Support Executive,Hyderabad,Bachelor's,Contract,Hybrid,2024-12-20,1.7,34600,Outstanding,4,Satisfied,1,Yes,Rarely,0,1,10.3,7,No,26-35,<50K,1-3 Years
EMP14824,Sneha,Kumar,Female,50,Customer Support,Customer Success Specialist,Bengaluru,Master's,Full-Time,Hybrid,2021-01-25,5.6,64300,Meets Expectations,1,Very Dissatisfied,2,Yes,None,6,2,1.5,14,No,46-55,50K-75K,5-10 Years
EMP14825,Ananya,Kumar,Female,50,Human Resources,HR Executive,Pune,Bachelor's,Full-Time,Hybrid,2020-07-26,6.1,56500,Meets Expectations,3,Neutral,2,No,Frequently,14,2,1.4,20,No,46-55,50K-75K,5-10 Years
EMP14826,Aarav,Nair,Female,24,Finance,Accountant,Delhi NCR,MBA,Contract,Hybrid,2023-10-08,2.9,82800,Outstanding,4,Satisfied,3,No,None,31,3,1.2,16,No,21-25,75K-100K,1-3 Years
EMP14827,Aisha,Joshi,Female,27,Technology,IT Support Specialist,Mumbai,Master's,Full-Time,Hybrid,2017-10-08,8.9,127200,Meets Expectations,3,Neutral,2,No,None,3,2,10.6,20,Yes,26-35,100K-150K,5-10 Years
EMP14828,Rahul,Das,Male,44,Human Resources,HR Manager,Chennai,Bachelor's,Full-Time,Hybrid,2024-05-14,2.3,51400,Meets Expectations,4,Satisfied,4,Yes,None,27,2,10.8,11,Yes,36-45,50K-75K,1-3 Years
EMP14829,Aarav,Rao,Female,45,Customer Support,Team Lead,Mumbai,Diploma,Contract,Hybrid,2023-03-03,3.5,46800,Needs Improvement,3,Neutral,2,Yes,None,2,0,5.3,0,No,36-45,<50K,3-5 Years
EMP14830,Kiran,Reddy,Male,47,Human Resources,HR Analyst,Mumbai,Master's,Full-Time,Hybrid,2018-03-03,8.5,85700,Meets Expectations,5,Very Satisfied,1,Yes,Frequently,40,1,8.1,8,No,46-55,75K-100K,5-10 Years
EMP14831,Pooja,Joshi,Female,35,Finance,Financial Analyst,Kolkata,Bachelor's,Contract,Onsite,2022-06-20,4.2,86800,Meets Expectations,4,Satisfied,2,No,None,8,2,10.2,22,No,26-35,75K-100K,3-5 Years
EMP14832,Aisha,Rao,Male,54,Sales,Business Development Executive,Chennai,Bachelor's,Contract,Onsite,2016-12-20,9.7,82900,Needs Improvement,3,Neutral,3,Yes,None,29,2,4.4,14,No,46-55,75K-100K,5-10 Years
EMP14833,Nikhil,Das,Male,38,Finance,Accountant,Ahmedabad,MBA,Full-Time,Onsite,2016-04-08,10.4,85700,Meets Expectations,5,Very Satisfied,1,No,Frequently,25,3,3.3,6,Yes,36-45,75K-100K,10+ Years
EMP14834,Nikhil,Patel,Female,29,Technology,BI Analyst,Chennai,Master's,Contract,Hybrid,2021-12-20,4.7,79800,Outstanding,2,Dissatisfied,1,No,None,15,0,11.6,19,Yes,26-35,75K-100K,3-5 Years
EMP14835,Nikhil,Patel,Male,25,Customer Support,Support Executive,Kolkata,Bachelor's,Full-Time,Hybrid,2025-03-03,1.5,63400,Meets Expectations,4,Satisfied,1,Yes,None,31,3,2.5,8,Yes,21-25,50K-75K,1-3 Years
EMP14836,Aarav,Verma,Female,56,Human Resources,Recruiter,Delhi NCR,Bachelor's,Contract,Hybrid,2019-04-09,7.4,80300,Needs Improvement,4,Satisfied,2,No,Rarely,25,2,6.1,6,Yes,56+,75K-100K,5-10 Years
EMP14837,Vikram,Nair,Female,49,Sales,Sales Manager,Chennai,Master's,Full-Time,Hybrid,2025-01-25,1.6,82700,Meets Expectations,2,Dissatisfied,5,No,None,18,1,7.1,0,No,46-55,75K-100K,1-3 Years
EMP14838,Pooja,Reddy,Male,39,Sales,Business Development Executive,Pune,Master's,Full-Time,Hybrid,2018-11-14,7.8,61300,Meets Expectations,5,Very Satisfied,3,No,Frequently,27,2,4.6,3,No,36-45,50K-75K,5-10 Years
EMP14839,Sneha,Singh,Female,29,Operations,Operations Executive,Mumbai,Diploma,Contract,Hybrid,2015-10-08,10.9,60100,Meets Expectations,2,Dissatisfied,1,Yes,Rarely,11,3,6.0,9,Yes,26-35,50K-75K,10+ Years
EMP14840,Vikram,Iyer,Male,24,Customer Support,Customer Success Specialist,Hyderabad,Bachelor's,Full-Time,Hybrid,2017-04-08,9.4,44800,Meets Expectations,5,Very Satisfied,1,No,None,30,2,9.7,13,No,21-25,<50K,5-10 Years
EMP14841,Divya,Gupta,Female,27,Operations,Process Associate,Pune,Diploma,Full-Time,Hybrid,2019-11-14,6.8,49600,Meets Expectations,1,Very Dissatisfied,1,No,None,28,1,8.7,4,No,26-35,<50K,5-10 Years
EMP14842,Vihaan,Sharma,Male,25,Sales,Account Manager,Mumbai,MBA,Contract,Hybrid,2012-06-20,14.2,85600,Needs Improvement,2,Dissatisfied,1,No,None,19,3,9.6,10,Yes,21-25,75K-100K,10+ Years
EMP14843,Pooja,Gupta,Female,42,Sales,Sales Manager,Pune,Bachelor's,Full-Time,Hybrid,2024-12-20,1.7,84700,Needs Improvement,2,Dissatisfied,3,Yes,None,26,0,3.5,9,Yes,36-45,75K-100K,1-3 Years
EMP14844,Nikhil,Das,Female,28,Technology,Software Engineer,Hyderabad,Master's,Full-Time,Hybrid,2013-06-20,13.2,95700,Meets Expectations,2,Dissatisfied,4,Yes,Rarely,33,2,3.3,12,Yes,26-35,75K-100K,10+ Years
EMP14845,Ananya,Joshi,Female,26,Operations,Operations Manager,Mumbai,Bachelor's,Contract,Hybrid,2014-09-01,12.0,80500,Needs Improvement,3,Neutral,3,No,Rarely,26,2,3.2,20,Yes,26-35,75K-100K,10+ Years
EMP14846,Meera,Kumar,Female,32,Operations,Operations Analyst,Ahmedabad,Bachelor's,Full-Time,Hybrid,2020-04-08,6.4,53500,Meets Expectations,4,Satisfied,3,Yes,None,11,2,6.5,10,No,26-35,50K-75K,5-10 Years
EMP14847,Meera,Kumar,Male,48,Operations,Operations Manager,Chennai,Bachelor's,Full-Time,Remote,2024-03-02,2.5,75700,Meets Expectations,3,Neutral,3,No,Rarely,11,1,2.1,16,No,46-55,75K-100K,1-3 Years
EMP14848,Isha,Das,Female,40,Sales,Business Development Executive,Pune,Bachelor's,Full-Time,Hybrid,2024-03-02,2.5,68700,Meets Expectations,3,Neutral,2,No,None,39,2,11.6,13,No,36-45,50K-75K,1-3 Years
EMP14849,Ananya,Joshi,Female,27,Technology,BI Analyst,Delhi NCR,Bachelor's,Contract,Hybrid,2012-11-13,13.8,108800,Needs Improvement,1,Very Dissatisfied,5,No,Frequently,33,2,9.9,19,No,26-35,100K-150K,10+ Years
EMP14850,Priya,Patel,Female,50,Customer Support,Customer Success Specialist,Hyderabad,Master's,Full-Time,Remote,2022-12-20,3.7,60000,Meets Expectations,1,Very Dissatisfied,4,No,None,12,3,11.8,21,Yes,46-55,50K-75K,3-5 Years
EMP14851,Meera,Reddy,Female,40,Customer Support,Support Executive,Ahmedabad,Bachelor's,Full-Time,Remote,2013-07-27,13.1,56900,Exceeds Expectations,2,Dissatisfied,5,No,Frequently,29,3,3.1,18,No,36-45,50K-75K,10+ Years
EMP14852,Aisha,Das,Female,28,Operations,Operations Analyst,Chennai,MBA,Full-Time,Hybrid,2019-01-26,7.6,75900,Meets Expectations,1,Very Dissatisfied,1,No,None,1,2,7.8,4,Yes,26-35,75K-100K,5-10 Years
EMP14853,Rohit,Das,Female,48,Sales,Business Development Executive,Kolkata,MBA,Full-Time,Hybrid,2019-09-02,7.0,57300,Meets Expectations,1,Very Dissatisfied,3,No,None,28,0,10.9,5,Yes,46-55,50K-75K,5-10 Years
EMP14854,Ananya,Joshi,Female,60,Sales,Sales Executive,Pune,Bachelor's,Full-Time,Remote,2017-04-08,9.4,78700,Meets Expectations,1,Very Dissatisfied,5,Yes,None,8,0,5.4,5,No,56+,75K-100K,5-10 Years
EMP14855,Isha,Nair,Male,42,Sales,Sales Manager,Bengaluru,MBA,Full-Time,Onsite,2023-04-09,3.4,47600,Meets Expectations,2,Dissatisfied,4,No,Frequently,12,3,5.9,17,Yes,36-45,<50K,3-5 Years
EMP14856,Isha,Iyer,Female,27,Marketing,Digital Marketing Analyst,Delhi NCR,Bachelor's,Full-Time,Hybrid,2020-03-02,6.5,53900,Meets Expectations,1,Very Dissatisfied,4,Yes,Frequently,38,1,0.7,22,Yes,26-35,50K-75K,5-10 Years
EMP14857,Kiran,Das,Male,33,Operations,Operations Analyst,Pune,Diploma,Full-Time,Hybrid,2012-07-26,14.1,69800,Exceeds Expectations,1,Very Dissatisfied,3,Yes,Rarely,5,0,11.5,1,No,26-35,50K-75K,10+ Years
EMP14858,Isha,Joshi,Male,44,Marketing,Marketing Manager,Delhi NCR,Master's,Full-Time,Hybrid,2022-12-20,3.7,82700,Meets Expectations,2,Dissatisfied,2,No,None,32,0,9.0,22,No,36-45,75K-100K,3-5 Years
EMP14859,Priya,Das,Male,60,Technology,Data Analyst,Delhi NCR,Bachelor's,Contract,Remote,2012-11-13,13.8,121800,Meets Expectations,2,Dissatisfied,4,Yes,Rarely,16,0,11.6,14,No,56+,100K-150K,10+ Years
EMP14860,Rohit,Rao,Female,58,Operations,Operations Analyst,Delhi NCR,Master's,Full-Time,Onsite,2011-10-08,14.9,49900,Outstanding,5,Very Satisfied,3,No,None,18,0,2.8,10,Yes,56+,<50K,10+ Years
EMP14861,Sanjay,Reddy,Female,58,Sales,Sales Manager,Kolkata,Master's,Full-Time,Hybrid,2025-09-01,1.0,41600,Meets Expectations,4,Satisfied,3,No,Rarely,18,3,9.3,17,No,56+,<50K,<1 Year
EMP14862,Nikhil,Rao,Male,54,Operations,Process Associate,Chennai,Diploma,Contract,Hybrid,2018-07-27,8.1,60300,Exceeds Expectations,4,Satisfied,2,No,None,37,3,2.7,11,No,46-55,50K-75K,5-10 Years
EMP14863,Vihaan,Patel,Female,43,Customer Support,Team Lead,Ahmedabad,Master's,Full-Time,Hybrid,2023-12-20,2.7,66100,Meets Expectations,4,Satisfied,1,No,Frequently,20,0,2.0,8,No,36-45,50K-75K,1-3 Years
EMP14864,Rahul,Iyer,Female,46,Operations,Operations Manager,Kolkata,Master's,Contract,Hybrid,2017-04-08,9.4,81200,Meets Expectations,1,Very Dissatisfied,4,No,Rarely,10,1,11.0,13,No,46-55,75K-100K,5-10 Years
EMP14865,Aditya,Singh,Female,50,Customer Support,Support Analyst,Chennai,Master's,Full-Time,Hybrid,2011-11-14,14.8,65400,Meets Expectations,3,Neutral,5,Yes,None,0,3,1.7,10,No,46-55,50K-75K,10+ Years
EMP14866,Kavya,Joshi,Female,49,Marketing,Content Specialist,Hyderabad,Diploma,Full-Time,Onsite,2013-03-03,13.5,69100,Meets Expectations,4,Satisfied,1,Yes,Rarely,9,1,8.1,12,No,46-55,50K-75K,10+ Years
EMP14867,Nikhil,Singh,Female,46,Human Resources,HR Analyst,Hyderabad,Master's,Full-Time,Onsite,2012-10-08,13.9,85500,Exceeds Expectations,5,Very Satisfied,3,No,None,6,3,5.1,18,No,46-55,75K-100K,10+ Years
EMP14868,Aditya,Rao,Male,26,Finance,Accountant,Chennai,Master's,Full-Time,Onsite,2023-04-09,3.4,61300,Outstanding,3,Neutral,4,No,None,5,1,11.2,16,No,26-35,50K-75K,3-5 Years
EMP14869,Priya,Nair,Male,56,Customer Support,Customer Success Specialist,Hyderabad,Bachelor's,Full-Time,Onsite,2018-06-20,8.2,67900,Meets Expectations,2,Dissatisfied,1,Yes,None,40,2,6.3,17,No,56+,50K-75K,5-10 Years
EMP14870,Sanjay,Singh,Male,21,Marketing,Marketing Manager,Ahmedabad,MBA,Contract,Hybrid,2022-12-20,3.7,73100,Needs Improvement,4,Satisfied,2,Yes,None,18,0,7.8,12,No,21-25,50K-75K,3-5 Years
EMP14871,Kavya,Nair,Male,38,Technology,BI Analyst,Chennai,Diploma,Full-Time,Remote,2013-03-03,13.5,85800,Meets Expectations,1,Very Dissatisfied,5,No,None,40,1,9.2,22,No,36-45,75K-100K,10+ Years
EMP14872,Divya,Reddy,Male,38,Customer Support,Support Executive,Chennai,Bachelor's,Full-Time,Onsite,2023-09-02,3.0,54800,Needs Improvement,5,Very Satisfied,4,Yes,Rarely,21,0,4.3,16,No,36-45,50K-75K,1-3 Years
EMP14873,Divya,Gupta,Male,60,Sales,Business Development Executive,Mumbai,MBA,Full-Time,Hybrid,2024-03-02,2.5,75700,Needs Improvement,2,Dissatisfied,5,No,Rarely,8,0,11.3,7,No,56+,75K-100K,1-3 Years
EMP14874,Sanjay,Singh,Male,24,Marketing,Digital Marketing Analyst,Ahmedabad,Bachelor's,Full-Time,Onsite,2026-04-08,0.4,56000,Exceeds Expectations,1,Very Dissatisfied,5,No,None,5,2,1.1,17,No,21-25,50K-75K,<1 Year
EMP14875,Aarav,Kumar,Male,40,Technology,IT Support Specialist,Mumbai,Bachelor's,Full-Time,Hybrid,2023-10-08,2.9,65700,Exceeds Expectations,2,Dissatisfied,4,Yes,Frequently,31,3,1.7,8,No,36-45,50K-75K,1-3 Years
EMP14876,Vihaan,Rao,Male,35,Marketing,Marketing Manager,Delhi NCR,Diploma,Full-Time,Onsite,2023-09-02,3.0,81800,Meets Expectations,5,Very Satisfied,2,No,Frequently,4,0,8.1,7,No,26-35,75K-100K,1-3 Years
EMP14877,Aditya,Reddy,Female,24,Finance,Senior Accountant,Mumbai,Bachelor's,Contract,Onsite,2025-05-15,1.3,104500,Needs Improvement,3,Neutral,5,No,None,2,3,5.3,10,No,21-25,100K-150K,1-3 Years
EMP14878,Aarav,Das,Female,29,Human Resources,Recruiter,Chennai,Master's,Full-Time,Remote,2013-09-01,13.0,74100,Meets Expectations,1,Very Dissatisfied,3,No,None,16,0,4.2,15,No,26-35,50K-75K,10+ Years
EMP14879,Sneha,Joshi,Female,37,Marketing,Marketing Manager,Hyderabad,Diploma,Full-Time,Hybrid,2014-12-20,11.7,50900,Meets Expectations,2,Dissatisfied,3,No,Frequently,12,1,9.1,6,Yes,36-45,50K-75K,10+ Years
EMP14880,Divya,Patel,Male,57,Operations,Operations Executive,Delhi NCR,MBA,Contract,Onsite,2022-09-01,4.0,66500,Meets Expectations,4,Satisfied,3,No,None,9,2,9.3,12,No,56+,50K-75K,3-5 Years
EMP14881,Aisha,Singh,Female,36,Finance,Accountant,Chennai,Master's,Full-Time,Onsite,2014-11-14,11.8,55600,Meets Expectations,1,Very Dissatisfied,3,No,None,21,1,10.5,19,Yes,36-45,50K-75K,10+ Years
EMP14882,Neha,Patel,Male,56,Customer Support,Team Lead,Ahmedabad,Bachelor's,Full-Time,Hybrid,2020-04-08,6.4,44000,Meets Expectations,5,Very Satisfied,3,No,Frequently,23,3,2.2,21,No,56+,<50K,5-10 Years
EMP14883,Rohit,Joshi,Male,50,Human Resources,HR Analyst,Bengaluru,Master's,Contract,Hybrid,2014-12-20,11.7,43600,Meets Expectations,4,Satisfied,4,No,Rarely,17,0,9.8,7,No,46-55,<50K,10+ Years
EMP14884,Neha,Sharma,Male,53,Technology,Software Engineer,Kolkata,Bachelor's,Full-Time,Remote,2021-09-01,5.0,92700,Meets Expectations,4,Satisfied,1,No,Frequently,21,0,8.2,12,No,46-55,75K-100K,3-5 Years
EMP14885,Ananya,Reddy,Female,55,Sales,Sales Executive,Delhi NCR,Master's,Contract,Hybrid,2018-01-25,8.6,54000,Exceeds Expectations,4,Satisfied,3,No,Frequently,27,1,10.3,20,Yes,46-55,50K-75K,5-10 Years
EMP14886,Vikram,Sharma,Male,49,Technology,BI Analyst,Bengaluru,Master's,Full-Time,Hybrid,2020-11-13,5.8,65300,Meets Expectations,1,Very Dissatisfied,3,Yes,None,6,1,7.2,17,Yes,46-55,50K-75K,5-10 Years
EMP14887,Vihaan,Gupta,Non-Binary,50,Marketing,Marketing Manager,Mumbai,Diploma,Contract,Hybrid,2023-09-02,3.0,59600,Needs Improvement,5,Very Satisfied,3,No,Rarely,15,0,10.6,15,No,46-55,50K-75K,1-3 Years
EMP14888,Ananya,Das,Male,27,Human Resources,HR Manager,Kolkata,Bachelor's,Full-Time,Hybrid,2017-10-08,8.9,74600,Outstanding,2,Dissatisfied,4,No,Frequently,0,0,9.4,2,No,26-35,50K-75K,5-10 Years
EMP14889,Nikhil,Nair,Male,49,Finance,Senior Accountant,Delhi NCR,Master's,Full-Time,Hybrid,2015-05-15,11.3,65700,Needs Improvement,1,Very Dissatisfied,2,Yes,None,39,2,11.2,18,No,46-55,50K-75K,10+ Years
EMP14890,Priya,Reddy,Female,22,Human Resources,Recruiter,Bengaluru,Bachelor's,Contract,Onsite,2015-05-15,11.3,49200,Meets Expectations,1,Very Dissatisfied,5,Yes,None,26,0,7.8,14,No,21-25,<50K,10+ Years
EMP14891,Sanjay,Singh,Male,50,Operations,Operations Manager,Delhi NCR,Master's,Contract,Hybrid,2021-03-03,5.5,62000,Meets Expectations,1,Very Dissatisfied,1,Yes,None,32,1,5.1,11,No,46-55,50K-75K,5-10 Years
EMP14892,Aisha,Iyer,Female,47,Marketing,Content Specialist,Hyderabad,Master's,Full-Time,Onsite,2018-10-08,7.9,82800,Meets Expectations,1,Very Dissatisfied,4,Yes,Rarely,31,1,4.9,2,Yes,46-55,75K-100K,5-10 Years
EMP14893,Meera,Das,Female,51,Sales,Sales Executive,Bengaluru,Bachelor's,Full-Time,Remote,2015-03-03,11.5,77900,Exceeds Expectations,5,Very Satisfied,1,No,Rarely,0,0,5.0,16,Yes,46-55,75K-100K,10+ Years
EMP14894,Ananya,Sharma,Female,46,Sales,Sales Manager,Chennai,Master's,Full-Time,Hybrid,2025-09-01,1.0,61100,Outstanding,1,Very Dissatisfied,4,Yes,Frequently,20,3,8.2,15,Yes,46-55,50K-75K,<1 Year
EMP14895,Rohit,Reddy,Female,35,Human Resources,HR Analyst,Hyderabad,Bachelor's,Full-Time,Onsite,2025-05-15,1.3,77800,Needs Improvement,4,Satisfied,1,No,None,35,0,4.2,5,No,26-35,75K-100K,1-3 Years
EMP14896,Rohit,Das,Male,35,Finance,Senior Accountant,Mumbai,MBA,Contract,Hybrid,2020-11-13,5.8,97500,Outstanding,1,Very Dissatisfied,2,No,Rarely,23,1,0.3,7,No,26-35,75K-100K,5-10 Years
EMP14897,Pooja,Gupta,Male,44,Operations,Process Associate,Bengaluru,Bachelor's,Full-Time,Hybrid,2023-03-03,3.5,67800,Needs Improvement,5,Very Satisfied,2,No,None,24,1,1.4,22,No,36-45,50K-75K,3-5 Years
EMP14898,Ananya,Reddy,Male,39,Marketing,Marketing Manager,Pune,MBA,Full-Time,Remote,2020-12-20,5.7,71000,Meets Expectations,3,Neutral,1,Yes,Frequently,39,0,9.6,14,No,36-45,50K-75K,5-10 Years
EMP14899,Divya,Kumar,Female,34,Operations,Operations Manager,Mumbai,Bachelor's,Full-Time,Hybrid,2025-01-25,1.6,40200,Meets Expectations,3,Neutral,2,No,Rarely,30,2,11.1,12,No,26-35,<50K,1-3 Years
EMP14900,Kavya,Gupta,Female,40,Marketing,Marketing Manager,Kolkata,Bachelor's,Full-Time,Onsite,2017-09-01,9.0,58600,Needs Improvement,1,Very Dissatisfied,4,Yes,Rarely,31,2,1.0,9,No,36-45,50K-75K,5-10 Years
EMP14901,Priya,Das,Male,42,Finance,Finance Manager,Bengaluru,Bachelor's,Full-Time,Hybrid,2016-07-26,10.1,67500,Meets Expectations,5,Very Satisfied,1,No,None,32,0,4.0,12,No,36-45,50K-75K,10+ Years
EMP14902,Vihaan,Das,Male,30,Marketing,Marketing Executive,Pune,Bachelor's,Full-Time,Onsite,2014-10-08,11.9,64100,Needs Improvement,3,Neutral,4,Yes,None,13,3,6.4,18,No,26-35,50K-75K,10+ Years
EMP14903,Neha,Sharma,Female,46,Marketing,Digital Marketing Analyst,Chennai,Master's,Full-Time,Hybrid,2016-11-13,9.8,93100,Meets Expectations,1,Very Dissatisfied,3,No,None,39,0,9.3,1,No,46-55,75K-100K,5-10 Years
EMP14904,Sanjay,Kumar,Female,33,Operations,Operations Manager,Hyderabad,Master's,Full-Time,Hybrid,2020-07-26,6.1,46900,Meets Expectations,4,Satisfied,5,No,Frequently,34,1,8.4,2,No,26-35,<50K,5-10 Years
EMP14905,Aditya,Verma,Male,31,Technology,BI Analyst,Bengaluru,Bachelor's,Full-Time,Hybrid,2012-09-01,14.0,96500,Meets Expectations,5,Very Satisfied,4,No,None,1,0,11.9,4,No,26-35,75K-100K,10+ Years
EMP14906,Rohit,Verma,Male,37,Marketing,Marketing Executive,Chennai,Master's,Full-Time,Hybrid,2015-10-08,10.9,95200,Meets Expectations,1,Very Dissatisfied,3,No,Frequently,22,1,7.1,5,No,36-45,75K-100K,10+ Years
EMP14907,Sanjay,Iyer,Male,25,Technology,IT Support Specialist,Chennai,Bachelor's,Full-Time,Onsite,2018-09-01,8.0,101900,Meets Expectations,2,Dissatisfied,5,Yes,None,10,0,5.2,3,No,21-25,100K-150K,5-10 Years
EMP14908,Pooja,Das,Male,45,Operations,Process Associate,Delhi NCR,Master's,Full-Time,Remote,2023-05-15,3.3,46900,Exceeds Expectations,4,Satisfied,1,No,None,21,0,10.9,9,No,36-45,<50K,3-5 Years
EMP14909,Sneha,Patel,Male,50,Operations,Operations Manager,Kolkata,Master's,Full-Time,Remote,2016-11-13,9.8,80700,Meets Expectations,1,Very Dissatisfied,3,No,None,33,3,3.7,0,No,46-55,75K-100K,5-10 Years
EMP14910,Vikram,Kumar,Female,59,Marketing,Marketing Executive,Pune,Master's,Full-Time,Hybrid,2017-09-01,9.0,61100,Meets Expectations,4,Satisfied,2,No,None,28,3,2.7,8,No,56+,50K-75K,5-10 Years
EMP14911,Divya,Sharma,Male,32,Customer Support,Team Lead,Bengaluru,Bachelor's,Contract,Hybrid,2016-05-14,10.3,34100,Meets Expectations,4,Satisfied,3,No,None,32,0,3.4,0,No,26-35,<50K,10+ Years
EMP14912,Sneha,Verma,Female,42,Human Resources,HR Executive,Ahmedabad,Master's,Full-Time,Hybrid,2014-11-14,11.8,63700,Needs Improvement,3,Neutral,3,No,None,17,3,3.9,2,No,36-45,50K-75K,10+ Years
EMP14913,Divya,Reddy,Male,41,Sales,Account Manager,Pune,Bachelor's,Full-Time,Hybrid,2012-12-20,13.7,50300,Meets Expectations,2,Dissatisfied,3,No,None,3,1,5.9,15,No,36-45,50K-75K,10+ Years
EMP14914,Sanjay,Verma,Female,50,Marketing,Content Specialist,Hyderabad,Bachelor's,Full-Time,Onsite,2012-06-20,14.2,86200,Needs Improvement,3,Neutral,2,No,Rarely,36,3,3.6,9,No,46-55,75K-100K,10+ Years
EMP14915,Pooja,Gupta,Male,45,Operations,Operations Manager,Ahmedabad,Bachelor's,Full-Time,Hybrid,2017-03-03,9.5,47400,Exceeds Expectations,1,Very Dissatisfied,4,Yes,None,3,0,10.3,22,No,36-45,<50K,5-10 Years
EMP14916,Isha,Das,Male,53,Sales,Sales Executive,Mumbai,Bachelor's,Full-Time,Onsite,2012-03-02,14.5,77400,Needs Improvement,4,Satisfied,1,No,Rarely,6,0,11.9,13,No,46-55,75K-100K,10+ Years
EMP14917,Neha,Verma,Male,55,Sales,Sales Executive,Ahmedabad,MBA,Contract,Hybrid,2012-12-20,13.7,40700,Meets Expectations,4,Satisfied,1,No,Rarely,29,2,11.6,8,No,46-55,<50K,10+ Years
EMP14918,Meera,Singh,Female,25,Technology,Data Analyst,Kolkata,Master's,Contract,Hybrid,2026-06-20,0.2,123700,Needs Improvement,3,Neutral,1,No,None,17,1,8.3,16,No,21-25,100K-150K,<1 Year
EMP14919,Priya,Joshi,Female,35,Operations,Operations Manager,Delhi NCR,Bachelor's,Full-Time,Onsite,2017-01-25,9.6,39400,Meets Expectations,4,Satisfied,3,No,None,19,1,8.5,19,No,26-35,<50K,5-10 Years
EMP14920,Vihaan,Gupta,Female,47,Human Resources,Recruiter,Kolkata,Diploma,Contract,Hybrid,2023-11-14,2.8,89300,Meets Expectations,3,Neutral,3,No,None,2,0,0.8,4,No,46-55,75K-100K,1-3 Years
EMP14921,Vikram,Gupta,Male,42,Customer Support,Support Executive,Bengaluru,Master's,Full-Time,Onsite,2022-01-25,4.6,35100,Meets Expectations,3,Neutral,5,No,None,7,1,5.9,12,No,36-45,<50K,3-5 Years
EMP14922,Aarav,Iyer,Female,40,Customer Support,Support Executive,Delhi NCR,Bachelor's,Full-Time,Onsite,2022-01-25,4.6,66000,Meets Expectations,5,Very Satisfied,2,Yes,None,28,0,7.3,6,No,36-45,50K-75K,3-5 Years
EMP14923,Kiran,Iyer,Female,27,Human Resources,Recruiter,Bengaluru,Diploma,Full-Time,Onsite,2019-04-09,7.4,83900,Meets Expectations,5,Very Satisfied,3,No,Rarely,23,1,11.0,22,No,26-35,75K-100K,5-10 Years
EMP14924,Neha,Nair,Male,43,Marketing,Marketing Executive,Hyderabad,Master's,Full-Time,Hybrid,2026-04-08,0.4,74500,Meets Expectations,5,Very Satisfied,5,Yes,None,11,1,1.2,10,Yes,36-45,50K-75K,<1 Year
EMP14925,Aditya,Reddy,Male,50,Finance,Financial Analyst,Kolkata,Bachelor's,Full-Time,Hybrid,2022-12-20,3.7,50900,Needs Improvement,3,Neutral,4,Yes,Frequently,16,0,6.2,1,No,46-55,50K-75K,3-5 Years
EMP14926,Sneha,Sharma,Male,22,Sales,Account Manager,Hyderabad,Master's,Full-Time,Onsite,2026-01-25,0.6,68100,Meets Expectations,2,Dissatisfied,5,No,Rarely,17,1,5.3,19,No,21-25,50K-75K,<1 Year
EMP14927,Sneha,Verma,Female,44,Finance,Finance Manager,Hyderabad,Bachelor's,Full-Time,Remote,2016-11-13,9.8,84900,Outstanding,1,Very Dissatisfied,3,No,None,37,2,2.0,20,Yes,36-45,75K-100K,5-10 Years
EMP14928,Priya,Reddy,Female,57,Marketing,Marketing Executive,Chennai,Bachelor's,Contract,Hybrid,2013-04-08,13.4,72600,Exceeds Expectations,3,Neutral,1,Yes,Rarely,36,3,11.5,8,Yes,56+,50K-75K,10+ Years
EMP14929,Kavya,Joshi,Female,43,Technology,Software Engineer,Pune,Bachelor's,Full-Time,Onsite,2011-09-02,15.0,102800,Meets Expectations,5,Very Satisfied,3,No,None,19,0,11.0,10,No,36-45,100K-150K,10+ Years
EMP14930,Nikhil,Singh,Male,59,Technology,Software Engineer,Ahmedabad,Bachelor's,Full-Time,Hybrid,2019-11-14,6.8,126500,Meets Expectations,5,Very Satisfied,4,Yes,None,7,2,1.9,16,No,56+,100K-150K,5-10 Years
EMP14931,Kavya,Patel,Female,35,Sales,Account Manager,Delhi NCR,Bachelor's,Full-Time,Hybrid,2022-07-27,4.1,85600,Meets Expectations,1,Very Dissatisfied,1,No,Frequently,23,2,3.1,0,Yes,26-35,75K-100K,3-5 Years
EMP14932,Neha,Singh,Male,21,Operations,Operations Executive,Hyderabad,Bachelor's,Full-Time,Hybrid,2013-11-13,12.8,60900,Exceeds Expectations,3,Neutral,3,No,None,0,0,6.9,20,No,21-25,50K-75K,10+ Years
EMP14933,Priya,Nair,Male,48,Customer Support,Support Executive,Bengaluru,Bachelor's,Full-Time,Hybrid,2024-10-08,1.9,35800,Meets Expectations,4,Satisfied,3,Yes,None,26,0,3.2,0,No,46-55,<50K,1-3 Years
EMP14934,Neha,Patel,Male,29,Operations,Operations Analyst,Kolkata,MBA,Full-Time,Onsite,2012-01-26,14.6,43500,Outstanding,4,Satisfied,5,Yes,Frequently,23,0,8.2,4,No,26-35,<50K,10+ Years
EMP14935,Aisha,Reddy,Female,21,Finance,Financial Analyst,Kolkata,Bachelor's,Contract,Hybrid,2015-11-14,10.8,90900,Meets Expectations,5,Very Satisfied,5,No,Frequently,36,1,9.6,7,No,21-25,75K-100K,10+ Years
EMP14936,Nikhil,Rao,Female,28,Marketing,Digital Marketing Analyst,Kolkata,Diploma,Contract,Hybrid,2018-12-20,7.7,94800,Meets Expectations,1,Very Dissatisfied,4,No,None,17,3,5.1,14,No,26-35,75K-100K,5-10 Years
EMP14937,Meera,Rao,Male,58,Customer Support,Support Analyst,Pune,Master's,Full-Time,Remote,2025-01-25,1.6,49100,Meets Expectations,3,Neutral,2,No,Rarely,23,1,11.5,18,No,56+,<50K,1-3 Years
EMP14938,Rohit,Iyer,Male,52,Marketing,Marketing Executive,Ahmedabad,Bachelor's,Contract,Hybrid,2026-03-03,0.5,48600,Exceeds Expectations,1,Very Dissatisfied,2,No,Rarely,2,3,2.0,4,No,46-55,<50K,<1 Year
EMP14939,Vihaan,Sharma,Female,32,Finance,Finance Manager,Chennai,Bachelor's,Contract,Onsite,2018-05-15,8.3,69400,Meets Expectations,4,Satisfied,3,Yes,Rarely,33,2,2.6,7,No,26-35,50K-75K,5-10 Years
EMP14940,Divya,Das,Female,44,Finance,Finance Manager,Bengaluru,Master's,Full-Time,Remote,2020-05-14,6.3,71300,Meets Expectations,3,Neutral,1,No,None,12,0,8.7,18,No,36-45,50K-75K,5-10 Years
EMP14941,Isha,Patel,Male,34,Operations,Operations Manager,Ahmedabad,Bachelor's,Full-Time,Onsite,2013-12-20,12.7,82300,Meets Expectations,3,Neutral,4,No,Frequently,31,0,6.5,7,No,26-35,75K-100K,10+ Years
EMP14942,Nikhil,Reddy,Female,28,Human Resources,Recruiter,Hyderabad,Master's,Contract,Onsite,2016-12-20,9.7,76600,Meets Expectations,5,Very Satisfied,5,No,None,9,3,7.6,8,No,26-35,75K-100K,5-10 Years
EMP14943,Rahul,Reddy,Female,60,Operations,Process Associate,Hyderabad,Bachelor's,Full-Time,Hybrid,2020-01-26,6.6,42800,Meets Expectations,5,Very Satisfied,1,Yes,None,14,2,6.6,9,No,56+,<50K,5-10 Years
EMP14944,Rahul,Rao,Female,53,Customer Support,Support Executive,Chennai,Bachelor's,Full-Time,Onsite,2023-03-03,3.5,45300,Meets Expectations,2,Dissatisfied,5,No,None,10,1,10.5,14,No,46-55,<50K,3-5 Years
EMP14945,Priya,Gupta,Female,35,Sales,Sales Executive,Kolkata,Master's,Contract,Hybrid,2019-05-15,7.3,41300,Outstanding,5,Very Satisfied,1,No,None,36,1,4.7,18,No,26-35,<50K,5-10 Years
EMP14946,Divya,Nair,Female,35,Operations,Operations Analyst,Mumbai,Bachelor's,Contract,Hybrid,2024-01-26,2.6,66900,Meets Expectations,5,Very Satisfied,3,Yes,None,32,2,0.9,21,No,26-35,50K-75K,1-3 Years
EMP14947,Rohit,Das,Male,53,Finance,Finance Manager,Bengaluru,Bachelor's,Contract,Hybrid,2016-07-26,10.1,88100,Meets Expectations,1,Very Dissatisfied,2,Yes,None,28,0,8.3,19,Yes,46-55,75K-100K,10+ Years
EMP14948,Neha,Reddy,Male,39,Human Resources,HR Manager,Kolkata,Bachelor's,Contract,Hybrid,2017-06-20,9.2,44900,Needs Improvement,4,Satisfied,3,No,None,12,2,6.2,5,No,36-45,<50K,5-10 Years
EMP14949,Vikram,Gupta,Female,36,Technology,IT Support Specialist,Mumbai,Bachelor's,Full-Time,Hybrid,2014-06-20,12.2,82100,Needs Improvement,1,Very Dissatisfied,3,No,Frequently,30,2,7.4,8,Yes,36-45,75K-100K,10+ Years
EMP14950,Priya,Sharma,Male,36,Finance,Finance Manager,Ahmedabad,Master's,Full-Time,Remote,2019-10-08,6.9,101600,Meets Expectations,4,Satisfied,3,Yes,None,20,2,3.0,14,Yes,36-45,100K-150K,5-10 Years
EMP14951,Sneha,Rao,Female,38,Finance,Accountant,Mumbai,Master's,Contract,Hybrid,2022-05-15,4.3,97100,Meets Expectations,4,Satisfied,1,No,None,29,3,9.5,8,No,36-45,75K-100K,3-5 Years
EMP14952,Aisha,Iyer,Female,41,Sales,Account Manager,Pune,Diploma,Full-Time,Onsite,2014-01-25,12.6,65900,Needs Improvement,5,Very Satisfied,4,No,Frequently,10,1,0.9,12,Yes,36-45,50K-75K,10+ Years
EMP14953,Neha,Gupta,Female,22,Operations,Operations Executive,Bengaluru,Master's,Full-Time,Hybrid,2016-04-08,10.4,59300,Meets Expectations,3,Neutral,5,No,None,22,3,2.5,7,No,21-25,50K-75K,10+ Years
EMP14954,Rahul,Das,Female,40,Technology,Data Analyst,Kolkata,MBA,Full-Time,Hybrid,2015-12-20,10.7,128200,Meets Expectations,2,Dissatisfied,3,Yes,Rarely,38,2,0.3,15,Yes,36-45,100K-150K,10+ Years
EMP14955,Aditya,Sharma,Female,38,Finance,Finance Manager,Hyderabad,Bachelor's,Full-Time,Hybrid,2018-09-01,8.0,91000,Meets Expectations,4,Satisfied,5,Yes,None,3,0,8.3,14,Yes,36-45,75K-100K,5-10 Years
EMP14956,Priya,Joshi,Male,31,Technology,Software Engineer,Kolkata,Bachelor's,Full-Time,Hybrid,2013-06-20,13.2,125400,Exceeds Expectations,2,Dissatisfied,1,No,Rarely,31,0,9.2,2,Yes,26-35,100K-150K,10+ Years
EMP14957,Nikhil,Singh,Male,35,Technology,IT Support Specialist,Kolkata,Diploma,Contract,Hybrid,2023-01-26,3.6,63500,Exceeds Expectations,1,Very Dissatisfied,4,No,None,28,3,6.6,22,No,26-35,50K-75K,3-5 Years
EMP14958,Kiran,Das,Female,37,Finance,Senior Accountant,Chennai,Diploma,Full-Time,Onsite,2020-07-26,6.1,61200,Meets Expectations,1,Very Dissatisfied,2,No,None,17,1,2.3,2,No,36-45,50K-75K,5-10 Years
EMP14959,Arjun,Singh,Female,35,Customer Support,Customer Success Specialist,Mumbai,Diploma,Full-Time,Hybrid,2014-09-01,12.0,33500,Meets Expectations,5,Very Satisfied,4,No,Rarely,37,2,0.8,9,No,26-35,<50K,10+ Years
EMP14960,Pooja,Nair,Female,57,Customer Support,Team Lead,Chennai,Bachelor's,Full-Time,Hybrid,2024-06-20,2.2,65800,Outstanding,2,Dissatisfied,3,Yes,None,29,0,3.7,19,No,56+,50K-75K,1-3 Years
EMP14961,Vihaan,Verma,Male,42,Finance,Financial Analyst,Hyderabad,Bachelor's,Full-Time,Onsite,2014-06-20,12.2,89400,Needs Improvement,1,Very Dissatisfied,1,No,None,21,3,4.8,0,Yes,36-45,75K-100K,10+ Years
EMP14962,Aditya,Das,Female,41,Human Resources,HR Manager,Ahmedabad,Bachelor's,Full-Time,Hybrid,2021-04-08,5.4,51000,Exceeds Expectations,1,Very Dissatisfied,2,No,None,12,2,5.8,6,No,36-45,50K-75K,5-10 Years
EMP14963,Rohit,Iyer,Female,31,Customer Support,Team Lead,Kolkata,Bachelor's,Full-Time,Hybrid,2024-07-26,2.1,70000,Exceeds Expectations,1,Very Dissatisfied,3,No,Rarely,28,0,9.2,16,Yes,26-35,50K-75K,1-3 Years
EMP14964,Rahul,Verma,Female,57,Technology,Software Engineer,Ahmedabad,Bachelor's,Full-Time,Hybrid,2025-04-08,1.4,125600,Meets Expectations,4,Satisfied,5,No,None,3,0,11.3,15,No,56+,100K-150K,1-3 Years
EMP14965,Vihaan,Sharma,Male,21,Customer Support,Support Analyst,Mumbai,Bachelor's,Full-Time,Remote,2013-12-20,12.7,40900,Meets Expectations,1,Very Dissatisfied,1,No,Rarely,10,2,9.7,20,No,21-25,<50K,10+ Years
EMP14966,Rahul,Patel,Female,43,Sales,Account Manager,Ahmedabad,Bachelor's,Full-Time,Hybrid,2014-12-20,11.7,69300,Needs Improvement,5,Very Satisfied,5,No,Rarely,17,1,4.3,15,No,36-45,50K-75K,10+ Years
EMP14967,Vikram,Singh,Female,27,Technology,IT Support Specialist,Hyderabad,Bachelor's,Full-Time,Remote,2022-03-03,4.5,105400,Outstanding,3,Neutral,1,No,None,9,2,0.4,13,No,26-35,100K-150K,3-5 Years
EMP14968,Nikhil,Reddy,Male,51,Finance,Financial Analyst,Mumbai,Master's,Contract,Onsite,2024-10-08,1.9,49000,Meets Expectations,2,Dissatisfied,2,No,Frequently,23,0,11.7,4,No,46-55,<50K,1-3 Years
EMP14969,Ananya,Rao,Female,36,Sales,Sales Executive,Ahmedabad,Diploma,Full-Time,Onsite,2022-10-08,3.9,71200,Meets Expectations,5,Very Satisfied,1,No,Frequently,35,2,8.2,20,Yes,36-45,50K-75K,3-5 Years
EMP14970,Aditya,Gupta,Male,32,Operations,Operations Analyst,Chennai,Bachelor's,Full-Time,Hybrid,2023-04-09,3.4,47500,Outstanding,3,Neutral,5,No,None,14,2,4.0,9,No,26-35,<50K,3-5 Years
EMP14971,Divya,Verma,Male,23,Operations,Operations Executive,Chennai,Diploma,Full-Time,Hybrid,2015-09-02,11.0,78100,Meets Expectations,2,Dissatisfied,3,No,None,16,3,11.2,4,Yes,21-25,75K-100K,10+ Years
EMP14972,Ananya,Kumar,Male,52,Finance,Accountant,Kolkata,MBA,Contract,Remote,2023-04-09,3.4,97800,Meets Expectations,4,Satisfied,4,No,None,16,1,1.3,2,No,46-55,75K-100K,3-5 Years
EMP14973,Nikhil,Singh,Male,36,Operations,Operations Manager,Pune,Bachelor's,Full-Time,Hybrid,2023-04-09,3.4,78200,Needs Improvement,4,Satisfied,4,No,Frequently,29,1,4.3,22,No,36-45,75K-100K,3-5 Years
EMP14974,Neha,Das,Female,31,Operations,Operations Manager,Hyderabad,Diploma,Full-Time,Onsite,2025-12-20,0.7,71600,Meets Expectations,4,Satisfied,3,Yes,None,29,1,6.1,2,No,26-35,50K-75K,<1 Year
EMP14975,Meera,Reddy,Female,54,Operations,Operations Manager,Pune,Bachelor's,Contract,Hybrid,2017-09-01,9.0,44900,Meets Expectations,4,Satisfied,2,No,None,9,2,3.5,4,No,46-55,<50K,5-10 Years
EMP14976,Aarav,Verma,Male,21,Operations,Operations Executive,Kolkata,Bachelor's,Full-Time,Onsite,2016-04-08,10.4,53700,Needs Improvement,5,Very Satisfied,1,No,Frequently,36,1,1.6,20,No,21-25,50K-75K,10+ Years
EMP14977,Ananya,Das,Male,39,Marketing,Marketing Executive,Pune,Bachelor's,Full-Time,Hybrid,2016-10-08,9.9,80500,Meets Expectations,3,Neutral,3,No,Rarely,26,3,1.7,15,No,36-45,75K-100K,5-10 Years
EMP14978,Pooja,Iyer,Female,27,Sales,Business Development Executive,Bengaluru,Master's,Full-Time,Hybrid,2018-01-25,8.6,54100,Exceeds Expectations,2,Dissatisfied,3,No,None,36,0,8.0,14,No,26-35,50K-75K,5-10 Years
EMP14979,Rahul,Verma,Male,26,Customer Support,Customer Success Specialist,Chennai,Bachelor's,Full-Time,Hybrid,2012-03-02,14.5,59700,Meets Expectations,1,Very Dissatisfied,3,No,Rarely,35,0,11.6,2,No,26-35,50K-75K,10+ Years
EMP14980,Pooja,Singh,Female,21,Marketing,Marketing Executive,Chennai,Bachelor's,Full-Time,Hybrid,2019-06-21,7.2,61000,Exceeds Expectations,2,Dissatisfied,5,No,Rarely,23,3,11.8,7,Yes,21-25,50K-75K,5-10 Years
EMP14981,Priya,Gupta,Female,28,Customer Support,Customer Success Specialist,Ahmedabad,Master's,Full-Time,Hybrid,2013-10-08,12.9,39100,Needs Improvement,4,Satisfied,1,No,None,28,3,5.8,17,No,26-35,<50K,10+ Years
EMP14982,Vihaan,Rao,Male,58,Customer Support,Support Executive,Delhi NCR,Diploma,Full-Time,Remote,2016-11-13,9.8,52300,Outstanding,5,Very Satisfied,4,No,None,25,1,9.2,12,No,56+,50K-75K,5-10 Years
EMP14983,Pooja,Das,Non-Binary,38,Technology,Data Analyst,Kolkata,Master's,Full-Time,Onsite,2025-04-08,1.4,106700,Outstanding,2,Dissatisfied,1,No,Rarely,24,2,2.7,1,Yes,36-45,100K-150K,1-3 Years
EMP14984,Vihaan,Patel,Male,60,Finance,Senior Accountant,Hyderabad,Bachelor's,Full-Time,Onsite,2014-06-20,12.2,79000,Meets Expectations,1,Very Dissatisfied,3,No,None,21,2,8.4,14,Yes,56+,75K-100K,10+ Years
EMP14985,Neha,Patel,Female,31,Technology,Data Analyst,Kolkata,MBA,Full-Time,Onsite,2017-11-13,8.8,103600,Outstanding,4,Satisfied,4,No,Frequently,9,2,5.6,1,No,26-35,100K-150K,5-10 Years
EMP14986,Priya,Patel,Male,51,Sales,Sales Manager,Chennai,Bachelor's,Full-Time,Hybrid,2016-10-08,9.9,59500,Exceeds Expectations,4,Satisfied,1,No,None,15,3,7.8,0,Yes,46-55,50K-75K,5-10 Years
EMP14987,Aisha,Das,Female,24,Customer Support,Customer Success Specialist,Hyderabad,MBA,Contract,Onsite,2023-10-08,2.9,62400,Meets Expectations,1,Very Dissatisfied,3,No,Rarely,28,3,0.6,5,No,21-25,50K-75K,1-3 Years
EMP14988,Rohit,Rao,Female,25,Customer Support,Customer Success Specialist,Pune,Bachelor's,Full-Time,Hybrid,2019-12-20,6.7,57400,Exceeds Expectations,1,Very Dissatisfied,2,No,Rarely,30,0,9.2,7,No,21-25,50K-75K,5-10 Years
EMP14989,Aditya,Nair,Non-Binary,21,Customer Support,Support Analyst,Delhi NCR,MBA,Full-Time,Onsite,2013-06-20,13.2,54500,Needs Improvement,2,Dissatisfied,3,Yes,None,19,1,6.8,12,No,21-25,50K-75K,10+ Years
EMP14990,Sanjay,Sharma,Female,56,Customer Support,Support Analyst,Hyderabad,Bachelor's,Full-Time,Onsite,2023-04-09,3.4,49100,Meets Expectations,3,Neutral,3,Yes,None,4,2,6.7,13,No,56+,<50K,3-5 Years
EMP14991,Neha,Das,Female,47,Marketing,Digital Marketing Analyst,Kolkata,Bachelor's,Full-Time,Onsite,2026-06-20,0.2,71500,Meets Expectations,1,Very Dissatisfied,3,No,Frequently,5,3,2.8,20,No,46-55,50K-75K,<1 Year
EMP14992,Priya,Joshi,Male,50,Human Resources,HR Executive,Bengaluru,Diploma,Contract,Remote,2022-09-01,4.0,44600,Needs Improvement,3,Neutral,4,Yes,Rarely,36,0,4.4,8,Yes,46-55,<50K,3-5 Years
EMP14993,Vihaan,Reddy,Female,58,Customer Support,Team Lead,Kolkata,Master's,Full-Time,Onsite,2019-04-09,7.4,58100,Meets Expectations,3,Neutral,2,No,None,5,1,0.8,7,No,56+,50K-75K,5-10 Years
EMP14994,Sneha,Reddy,Male,34,Human Resources,HR Executive,Bengaluru,Bachelor's,Full-Time,Onsite,2014-04-08,12.4,52300,Needs Improvement,4,Satisfied,5,No,None,11,3,4.3,6,No,26-35,50K-75K,10+ Years
EMP14995,Nikhil,Verma,Female,49,Marketing,Content Specialist,Ahmedabad,Master's,Full-Time,Onsite,2016-12-20,9.7,88400,Meets Expectations,5,Very Satisfied,5,Yes,None,2,1,3.4,10,No,46-55,75K-100K,5-10 Years
EMP14996,Neha,Joshi,Male,41,Technology,Data Analyst,Kolkata,Bachelor's,Full-Time,Remote,2012-11-13,13.8,115500,Meets Expectations,1,Very Dissatisfied,3,Yes,None,8,1,9.4,10,No,36-45,100K-150K,10+ Years
EMP14997,Meera,Joshi,Female,42,Operations,Process Associate,Bengaluru,Bachelor's,Full-Time,Hybrid,2019-10-08,6.9,61300,Meets Expectations,3,Neutral,5,No,None,34,0,1.8,5,Yes,36-45,50K-75K,5-10 Years
EMP14998,Pooja,Singh,Male,47,Operations,Operations Analyst,Chennai,Bachelor's,Full-Time,Hybrid,2020-09-01,6.0,75600,Needs Improvement,5,Very Satisfied,2,No,Rarely,11,1,2.1,16,Yes,46-55,75K-100K,5-10 Years
EMP14999,Divya,Iyer,Female,39,Marketing,Marketing Manager,Hyderabad,Master's,Full-Time,Onsite,2023-01-26,3.6,78500,Exceeds Expectations,1,Very Dissatisfied,2,Yes,None,34,2,9.6,12,Yes,36-45,75K-100K,3-5 Years
EMP15000,Sneha,Rao,Non-Binary,21,Human Resources,Recruiter,Hyderabad,Bachelor's,Full-Time,Onsite,2023-04-09,3.4,49100,Needs Improvement,5,Very Satisfied,2,No,Rarely,33,1,7.1,16,Yes,21-25,<50K,3-5 Years
